Unnamed: 0,id,atm_group,address,address_rus,lat,long,target
0,8526,32,"EMELYANOVA,34          Y-SAKHALINSK   ","улица А.О. Емельянова, 34, Южно-Сахалинск, Сахалинская область, Россия",46.940995,142.738319,0.01149982092
1,8532,32,"KOMSOMOLSKAYA,259B     Y.SAKHALINSK   ","Комсомольская улица, 259, Южно-Сахалинск, Сахалинская область, Россия",46.937353,142.753348,0.02971026504
2,8533,32,"KOMMUN. PR., 32        YUZHNO SAKHAL  ","Коммунистический проспект, Южно-Сахалинск, Сахалинская область, Россия",46.959413,142.741113,0.009539960883
3,8684,32,"LENINGRADSKIY PR.,76A  MOSCOW         ","Ленинградский проспект, 76А, Москва, Россия, 125315",55.805837,37.515164,-0.09403462448
4,37,32,"GVARDEYSKAYA PL., 2    NORILSK        ","Гвардейская площадь, 2, Норильск, Красноярский край, Россия, 663302",69.343541,88.211228,0.07927735201
5,313,32,"RUSSKAYA, 16           VLADIVOSTOK    ","Русская улица, 16, Владивосток, Приморский край, Россия, 690039",43.16586,131.908212,-0.1450012315
6,335,32,"SHUKHOVA, 14           MOSCOW         ","улица Шухова, 14, Москва, Россия, 115162",55.716859,37.613063,-0.02468223524
7,358,32,"ADMIRALA FOKINA, 25    VLADIVOSTOK    ","улица Адмирала Фокина, 25, Владивосток, Приморский край, Россия, 690091",43.117174,131.885503,-0.1334258835
8,2895,32,Zhivopisnaia 136       d.Velednikov,"деревня Веледниково, городской округ Истра, Московская область, Россия",55.79977,37.116025,0.1414693533
9,1975,496.5,BEKESHSKAYA 39            PENZA,"Бекешская улица, 39, Пенза, Россия, 440018",53.20322,44.978826,0.01725893327
10,1977,496.5,B.MOSKOVSKAYA 90A         VLADIMIR,"Большая Московская улица, 90А, Владимир, Россия, 600000",56.132925,40.419184,-0.01394900471
11,1992,496.5,GORKOGO 20                TAMBOV,"улица Максима Горького, 20, Тамбов, Россия",52.718497,41.454511,-0.04843573941
12,1998,496.5,KURASHOVA 28/1            YAKUTSK,"улица Курашова, 28/1, Якутск, Республика Саха (Якутия), Россия, 677000",62.033259,129.736382,-0.06429329745
13,2006,496.5,LENINA 32                 MUROM,"улица Ленина, 32, Муром, Владимирская область, Россия, 602267",55.577108,42.05437,-0.100121429
14,2011,496.5,BOROVSKAYA 5              BALABANOVO,"Боровская улица, 5, Балабаново, Боровский район, Калужская область, Россия, 249000",55.180598,36.655611,-0.0008294956654
15,2012,496.5,SOVETSKAYA 21             ZHUKOV,"Советская улица, 21, Жуков, Калужская область, Россия, 249191",55.027991,36.750518,-0.04766784042
16,2017,496.5,DORZHIEVA 24A             MUKHORSHIBIR,"улица Доржиева, 24А, село Мухоршибирь, Республика Бурятия, Россия",51.04894,107.822322,0.01737264398
17,2022,496.5,SADOVAYA 27B              KRIVODANOVKA,"Садовая улица, 27, село Криводановка, Новосибирский район, Новосибирская область, Россия",55.086363,82.64683,-0.02765736579
18,2023,496.5,SOVETSKAYA 19             KUGESI,"Советская улица, 19, поселок городского типа Кугеси, Чебоксарский район, Чувашская Республика, Россия, 429500",56.029642,47.294593,-0.07787119186
19,2027,496.5,MELNIKOVA 106             CHERLAK,"улица Мельникова, 106, посёлок городского типа Черлак, Черлакский район, Омская область, Россия, 646250",54.151887,74.79789,-0.05062668553
20,2033,496.5,POBEDY 67/2               PETROPAVLOVS,"проспект Победы, 67/2, Петропавловск-Камчатский, Камчатский край, Россия, 683902",53.070598,158.588014,0.01906074285
21,2034,496.5,POLEVAYA 4                MEDVEDEVO,"Полевая улица, 4, посёлок городского типа Медведево, Медведевский район, Республика Марий Эл, Россия, 425200",56.63759,47.803974,-0.02747519612
22,2035,496.5,UPITA 5A                  KIROV,"улица Андрея Упита, 5А, Киров, Россия, 610050",58.605564,49.591163,-0.1013755909
23,2850,496.5,VOSTOCHNAYA 42/7          ORENBURG,"Восточная улица, 42/7, Оренбург, Россия, 460021",51.784175,55.153504,-0.08652950913
24,2873,496.5,AMURSKAYA 13              CHITA,"Амурская улица, 13, Чита, Забайкальский край, Россия, 672039",52.023722,113.513428,-0.07328752901
25,2876,496.5,VOROVSKOGO 43             KIROV,"улица Воровского, 43, Киров, Россия",58.594438,49.666657,-0.1105973683
26,2877,496.5,LENINA 3                  PRISTEN,"улица Ленина, 3, посёлок городского типа Пристень, Пристенский район, Курская область, Россия, 306200",51.235052,36.694293,-0.07879399868
27,2897,496.5,KARLA MARKSA 76/1         KURGAN,"улица Карла Маркса, 76/1, Курган, Россия",55.442245,65.35418,-0.02614658823
28,2900,496.5,KALACHINSKAYA 25          KALACHINSK,"Калачинская улица, 25, Калачинск, Омская область, Россия, 646900",55.047822,74.588663,0.01820882754
29,2914,496.5,ZAVOYKO 7                 ELIZOVO,"улица Завойко, 7, Елизово, Камчатский край, Россия, 684000",53.1871,158.383863,0.06135092767
30,2923,496.5,19-LINIYA 10              IVANOVO,"19-я линия, 10, Иваново, Россия, 153031",56.989885,40.932023,-0.04473002151
31,2951,496.5,DEYNEKI 19                KURSK,"улица Дейнеки, 19, микрорайон КЗТЗ, Курск, Россия, 305047",51.704063,36.142449,-0.06321061892
32,2973,496.5,KRASNIY PUT' 9            KRUTINKA,"улица Красный Путь, 9, посёлок городского типа Крутинка, Крутинский район, Омская область, Россия, 646130",56.011686,71.508439,-0.05607726557
33,4446,496.5,PERVOMAYSKAYA 11          POCHEP,"Первомайская улица, 11, Почеп, Брянская область, Россия, 243400",52.928305,33.458786,-0.07275458151
34,4447,496.5,OKTYABRSKAYA 138          PRYAMITSYNO,"Октябрьская улица, 138, посёлок городского типа Прямицыно, Октябрьский район, Курская область, Россия, 307200",51.65787,35.942753,-0.1166702729
35,4458,496.5,BORISA BOGATKOVA 248      NOVOSIBIRSK,"улица Бориса Богаткова, 248, Новосибирск, Россия, 630089",55.037515,82.978811,-0.1450012315
36,4466,496.5,GLADKOVA 10               CHEBOKSARY,"улица Фёдора Гладкова, 10, Чебоксары, Чувашская Республика, Россия, 428020",56.114525,47.247854,-0.07251412395
37,4470,496.5,LENINA 11                 KIREYEVSK,"улица Ленина, 11, Киреевск, Тульская область, Россия, 301260",53.928249,37.933231,0.003881073322
38,4489,496.5,LENINA 56                 AKSHA,"улица Ленина, 52/7, село Акша, Акшинский район, Забайкальский край, Россия",50.281236,113.286909,-0.05923667427
39,4491,496.5,VAREYKISA 2/1             ULYANOVSK,"улица Варейкиса, 2с1, Ульяновск, Россия",54.256466,48.324044,-0.09805944763
40,4510,496.5,PER. BAZARNY 4            SPASSK-DALNY,,,,0.03919064159
41,4511,496.5,GRIGORENKO 8              LESOZAVODSK,"улица Григоренко, 8, Лесозаводск, Приморский край, Россия",45.462274,133.403108,-0.02977198219
42,4512,496.5,SEMIRECHENSKAYA 93        OMSK,"Семиреченская улица, 93, Омск, Россия, 644016",54.931034,73.29667,-0.1265452639
43,4523,496.5,AVTOZAVODSKAYA 56         ULYANOVSK,"Автозаводская улица, 56, Ульяновск, Россия, 432008",54.291753,48.315699,-0.1291552724
44,4526,496.5,"MOSKOVSKIY PR-T, 19B      VORONEZH    ","Московский проспект, 19, Воронеж, Россия, 394026",51.693681,39.181539,-0.05962481807
45,4542,496.5,B.KHMELNITSKOGO 81        EYSK,"улица Богдана Хмельницкого, 81, Ейск, Краснодарский край, Россия",46.695209,38.283637,-0.03800440301
46,4574,496.5,KALININA AVE. 15/1        TVER,"проспект Калинина, 15с1, Тверь, Россия, 170001",56.85372,35.865292,-0.02571505261
47,4584,496.5,OKTIABRSKAYA 1            NAMTSY,"Октябрьская улица, 1, село Намцы, Намский улус, Республика Саха (Якутия), Россия, 678380",62.718415,129.665604,-0.1450012315
48,4586,496.5,SVOBODY 51                IVANOVO,"улица Свободы, 51, Иваново, Россия, 153045",57.015939,41.005425,-0.05672162737
49,4588,496.5,PROFINTERNA 9/25          OMSK,"улица Профинтерна, 9, Омск, Россия, 644082",54.933853,73.332046,-0.006336406011
50,4594,496.5,KAZANSKY PR. 75/48        V.VOLOCHEK,"Казанский проспект, 75/48, Вышний Волочёк, Тверская область, Россия, 171163",57.58633,34.560713,-0.08487923387
51,4606,496.5,KLUCHEVSKAYA 6B           ULAN-UDE,"Ключевская улица, 6, Улан-Удэ, Республика Бурятия, Россия, 670013",51.820888,107.632517,0.04071184695
52,4608,496.5,BONDARENKO 37             IVANOVKA,"улица Бондаренко, 39, село Ивановка, Ивановский район, Амурская область, Россия",50.35649,128.00231,0.01602564044
53,4624,496.5,SOVETSKAYA 29             CHERDAKLY,"Советская улица, 29, посёлок городского типа Чердаклы, Чердаклинский район, Ульяновская область, Россия",54.358775,48.852236,-0.03809599631
54,4649,496.5,LENINA 7                  YASNOGORSK,"улица Ленина, 7, Ясногорск, Тульская область, Россия, 301030",54.481354,37.694199,-0.09431827157
55,4655,496.5,"POCHTOVIY PER, 3          ELIZOVO     ","Почтовый переулок, 3, Елизово, Камчатский край, Россия, 684005",53.183976,158.387789,-0.02281632312
56,4680,496.5,SHUHOVA 26                TULA,"улица Шухова, 26, Тула, Россия, 300004",54.208238,37.669046,-0.0908961794
57,4685,496.5,PROLETARSKAYA 11          P.PERVOMAYSK,"Пролетарская улица, 11, Первомайск, Нижегородская область, Россия, 607760",54.865166,43.793364,0.01306862259
58,4703,496.5,SOVETSKAYA 21A            PETROPAVLOVK,"Советская улица, 21, Петропавловск-Камчатский, Камчатский край, Россия",53.016529,158.649756,-0.1167487462
59,4712,496.5,LENINSKAYA 59B            ORENBURG,"Ленинская улица, 59, Оренбург, Россия, 460014",51.762709,55.111921,-0.1102991529
60,4713,496.5,"1-ST VISHNEVAYA, 17       KURSK       ","Вишневая улица, СТ Дружба-1, городской округ Ухта, Республика Коми, Россия",63.541994,53.852339,-0.05392474062
61,8483,496.5,"STROITELEY AVE, 1V        PENZA       ","проспект Строителей, 1, Пенза, Россия, 440066",53.220223,44.943414,-0.03184849342
62,8486,496.5,MOSKOVSKAYA 83            PENZA,"Московская улица, 83, Пенза, Россия, 440000",53.197086,45.019035,0.02590888067
63,8487,496.5,MIRA 41                   PENZA,"улица Мира, 41, Пенза, Россия",53.188433,44.970049,-0.01822629646
64,8497,496.5,"TRUDOVAYA 1, K.1          RYAZAN      ","Трудовая улица, 1к1, Рязань, Россия, 390011",54.603425,39.762453,-0.1168273378
65,8500,496.5,GAGARINA 29               KURAGINO,"переулок Гагарина, 29, посёлок городского типа Курагино, Курагинский район, Красноярский край, Россия, 662910",53.890961,92.68067,0.005782464392
66,8502,496.5,50 LET OKTYABRYA 6        VICHUGA,"улица 50 лет Октября, 6, Вичуга, Ивановская область, Россия, 155331",57.21764,41.937328,-0.1043306881
67,8511,496.5,PODROYKINA 28             BAGAEVSKAYA,"улица Подройкина, 28, станица Багаевская, Багаевский район, Ростовская область, Россия",47.321464,40.369543,-0.03813813379
68,8518,496.5,KRASNOARMEYSKAYA 233      KYZYL,"Красноармейская улица, 233, Кызыл, Республика Тыва, Россия, 667000",51.715113,94.428118,-0.03146751179
69,8534,496.5,CHERNISHEVSKOGO 56/2      YAKUTSK,"улица Чернышевского, 56/2, Якутск, Республика Саха (Якутия), Россия, 677007",62.011688,129.721308,-0.07610920527
70,8542,496.5,FRIDRIHA ENGELSA 88       VORONEZH,"улица Фридриха Энгельса, 88, Воронеж, Россия, 394018",51.659009,39.187756,-0.03186387874
71,8557,496.5,SOVETSKAYA 54/1           DOMODEDOVO,"Советская улица, 54, микрорайон Северный, Домодедово, Московская область, Россия",55.443659,37.747981,0.08008944083
72,8560,496.5,ORDZHONIKIDZE 34          SHIMANOVSK,"улица Орджоникидзе, 34/25, Шимановск, Амурская область, Россия",51.996266,127.667571,-0.0616802506
73,8566,496.5,TEKSTILSCHIKOV 18         LENINSK-KUZN,"проспект Текстильщиков, 18, Ленинск-Кузнецкий, Кемеровская область, Россия, 652523",54.697469,86.213438,-0.05952003291
74,8575,496.5,GAGARINA 9                CHELIABINSK,"улица Гагарина, 9, Ленинский район, Челябинск, Россия, 454010",55.141845,61.443095,-0.02900062543
75,8585,496.5,KIROVA 42                 CHELYABINSK,"улица Кирова, 42, Челябинск, Россия, 454084",55.179241,61.398556,0.007030613269
76,8588,496.5,"KIROVA AVE, 27A           PYATIGORSK  ","проспект Кирова, 27А, Пятигорск, Ставропольский край, Россия",44.03603,43.07835,-0.06341569106
77,8590,496.5,"OKTIABRYA AVE, 16         NIZHNIY NOVG","проспект Октября, 16, микрорайон Соцгород-I, Нижний Новгород, Россия, 603043",56.251202,43.866514,-0.04874488173
78,8594,496.5,"MIRA AVE, 27K/1           KUVANDYK    ","проспект Мира, 27, Кувандык, Оренбургская область, Россия, 462241",51.482219,57.376188,-0.09031216941
79,8601,496.5,POBEDI 31B                LESOSIBIRSK,"улица Победы, 31, Лесосибирск, Красноярский край, Россия, 662543",58.18613,92.53111,0.04380837954
80,8617,496.5,INDUSTRIALNAYA 30         SARAPUL,"Индустриальная улица, 30, Сарапул, Удмуртская Республика, Россия, 427968",56.449732,53.723485,-0.1450012315
81,8618,496.5,LENINA 48                 SVOBODNY,"улица Ленина, 48, Свободный, Амурская область, Россия",51.37197,128.139357,-0.1225081913
82,8619,496.5,STAVROPOLSKAYA 100        KRASNODAR,"Ставропольская улица, 100, микрорайон Черёмушки, Краснодар, Россия, 350033",45.01906,38.998633,-0.04738277255
83,8625,496.5,KHALTURINA 11             GELENDZHIK,"улица Халтурина, 11, Геленджик, Краснодарский край, Россия",44.568385,38.080115,-0.02005995273
84,8643,496.5,SCHETINKINA 12            TURAN,"улица Щетинкина, 14, Туран, Пий-Хемский кожуун, Республика Тыва, Россия",52.142246,93.922393,0.00748899819
85,8658,496.5,BIRYUZOVA 31              MOSCOW,"улица Маршала Бирюзова, 31, Москва, Россия, 123060",55.796526,37.486859,-0.07718966161
86,8659,496.5,MYASNIKYANA 95            CHALTIR,"улица Мясникяна, 95, село Чалтырь, Мясниковский район, Ростовская область, Россия, 346800",47.284715,39.500702,-0.09023119784
87,8660,496.5,LENINA 19                 TOSNO,"проспект Ленина, 19, Тосно, Тосненское городское поселение, Ленинградская область, Россия, 187000",59.547013,30.864595,-0.0103225371
88,8663,496.5,CHAPAEVA 2A               SERYSHEVO,"улица Чапаева, 2, посёлок городского типа Серышево, Серышевский район, Амурская область, Россия, 676351",51.092978,128.362247,-0.08702164994
89,8691,496.5,GAGARINA 14-4             P. HOVU-AKSY,"улица Гагарина, 14, село Хову-Аксы, Чеди-Хольский кожуун, Республика Тыва, Россия",51.131723,93.716464,-0.01014840116
90,8697,496.5,LENINA 93                 UST-LABINSK,"улица Ленина, 93, Усть-Лабинск, Краснодарский край, Россия, 352333",45.215441,39.690147,-0.08251826011
91,8699,496.5,TSENTRALNAYA 45           KRASN.YARUGA,"Центральная улица, 45, посёлок городского типа Красная Яруга, Краснояружский район, Белгородская область, Россия, 309420",50.802065,35.656945,-0.04783485348
92,8700,496.5,BAUMANA 16                YOSHKAR-OLA,"улица Баумана, 16, Йошкар-Ола, Республика Марий Эл, Россия, 424019",56.64108,47.84341,-0.09438394858
93,8702,496.5,"70 LET OKTYABRYA, 25/2    OMSK        ","улица 70 лет Октября, 25/2, Омск, Россия, 644074",54.976597,73.33404,-0.08490357517
94,8709,496.5,KRASNOOKTYABRSKAYA 66V    MAYKOP,"Краснооктябрьская улица, 62, Майкоп, Республика Адыгея, Россия, 385006",44.618387,40.10746,-0.02194054584
95,8715,496.5,SHOLOM-ALEYHAMA 72        BIROBIDZHAN,"улица Шолом-Алейхема, 72, Биробиджан, Еврейская автономная область, Россия, 679016",48.801131,132.906429,0.07325575442
96,8717,496.5,LENINA 40                 EFREMOV,"улица Ленина, 40, Ефремов, Тульская область, Россия, 301840",53.145073,38.105187,-0.05393145649
97,8720,496.5,KASHIRINIKH 124           CHELYABINSK,"улица Братьев Кашириных, 124, Челябинск, Россия, 454128",55.174296,61.304511,-0.08112422369
98,8722,496.5,AVTOMOBILISTOV 4A         ULAN-UDE,"проспект Автомобилистов, 4Ак1, Улан-Удэ, Республика Бурятия, Россия, 670045",51.831086,107.657625,-0.119230224
99,8731,496.5,YAROSLAVSKAYA 56          UGLICH,"Ярославская улица, 56, Углич, Ярославская область, Россия, 152610",57.53267,38.333269,-0.02330640467
100,8735,496.5,K.MARKSA 8                KURSK,"улица Карла Маркса, 8, Курск, Россия, 305004",51.750199,36.191928,-0.1417534018
101,8736,496.5,LUNACHARSKOGO 49          OBOYAN,"улица Луначарского, 49, Обоянь, Курская область, Россия",51.208488,36.280367,0.0312245047
102,8745,496.5,AK. KIRENSKOGO 2          KRASNOYARSK,"улица Академика Киренского, 2, Красноярск, Россия, 660074",55.995649,92.786905,-0.09148681288
103,8750,496.5,LENINA 23                 BRYANSK,"проспект Ленина, 23, Брянск, Россия, 241050",53.239434,34.35879,-0.02733394785
104,8755,496.5,KIROVA 7A                 ASTRAKHAN,"улица Кирова, 7/28, Астрахань, Россия, 414000",46.352547,48.037589,-0.04529878585
105,8756,496.5,OKTYABRSKAYA 4            VOLODARSKIY,"Октябрьская площадь, 4, посёлок городского типа Володарский, Володарский район, Астраханская область, Россия, 416170",46.402883,48.543027,-0.05870397595
106,8759,496.5,"NABEREZHNAYA 1 MAY, 160   ASTRAKHAN   ","улица Набережная 1 Мая, 160/94, Астрахань, Россия, 414000",46.343241,48.051675,-0.07256212673
107,8770,496.5,BEZHITSKAYA 1/5           BRYANSK,"Бежицкая улица, 1к5, Брянск, Россия, 241007",53.268374,34.355008,-0.04295661014
108,8771,496.5,KRILATAYA 2               KRASNODAR,"Крылатая улица, 2, жилой массив Пашковский, Краснодар, Россия, 350023",45.011446,39.122529,-0.0618519972
109,8781,496.5,SOVETSKIY 3               BIKIN,"Советский переулок, 3, Бикин, Хабаровский край, Россия, 682970",46.824789,134.253417,-0.003457932609
110,8790,496.5,PUSHKINA 22               ELETS,"улица Пушкина, 22, Елец, Липецкая область, Россия, 399772",52.608066,38.501362,-0.08184239792
111,8797,496.5,IPPODROMNAYA 15B          ELISTA,"Ипподромная улица, 15, Элиста, Республика Калмыкия, Россия, 358005",46.321623,44.233611,-0.07983827673
112,13,496.5,KOMMUNARSKIY 18           BIYSK,"Коммунарский переулок, 18, Бийск, Алтайский край, Россия, 659300",52.540672,85.22168,-0.05035007442
113,18,496.5,VERKHNAYA DUBROVA 26ZH    VLADIMIR,"улица Верхняя Дуброва, 26Ж, Владимир, Россия, 600022",56.109039,40.344112,-0.09047449122
114,23,496.5,SOVETSKAYA 7              TOSNO,"Советская улица, 7, Тосно, Тосненское городское поселение, Ленинградская область, Россия, 187000",59.542333,30.880522,-0.03724813855
115,24,496.5,PIONERSKAYA 10A           KHABAROVSK,"Пионерская улица, 10А, Хабаровск, Россия",48.458826,135.089668,0.00939682326
116,29,496.5,LENINA 32                 YUKHNOV,"улица Ленина, 32, Юхнов, Калужская область, Россия, 249910",54.740854,35.225583,-0.05089843699
117,61,496.5,DZERZHINSKOGO 82/2        VELSK,"улица Дзержинского, 82, Вельск, Архангельская область, Россия, 165150",61.069724,42.112419,-0.0694851969
118,62,496.5,LENINA 2                  USMAN,"улица Ленина, 2, Усмань, Липецкая область, Россия",52.038882,39.73668,-0.05607726557
119,68,496.5,VOROSHILOVA 6/24          KRASNIY SULI,"улица Ворошилова, 6, Красный Сулин, Ростовская область, Россия",47.894769,40.057549,-0.06626410446
120,72,496.5,MIRA 11A                  LAKINSK,"улица Мира, 11А, Лакинск, Собинский район, Владимирская область, Россия, 601241",56.022348,39.979908,-0.06330300248
121,75,496.5,SOVETSKAYA 82             STARONIZHEST,"Советская улица, 82, станица Старонижестеблиевская, Красноармейский район, Краснодарский край, Россия",45.377812,38.438713,0.08910534934
122,76,496.5,PSKOVSKAYA 2              VOLOGDA,"Псковская улица, 2, Вологда, Россия, 160034",59.201007,39.829368,-0.08820784688
123,80,496.5,BRYANSKAYA 67A            TRUBCHEVSK,"Брянская улица, 67А, Трубчевск, Брянская область, Россия, 242220",52.580391,33.766477,-0.1148972734
124,84,496.5,KRUPSKOY 15               ZAKAMENSK,"улица Крупской, 15, Закаменск, Республика Бурятия, Россия, 671950",50.375026,103.285462,0.01016356489
125,89,496.5,VOLODARSKOGO 1            TARUSA,"улица Володарского, 1, Таруса, Калужская область, Россия",54.727084,37.181081,-0.1333332451
126,93,496.5,ASTRAKHANSKAYA 189A       TAMBOV,"Астраханская улица, 189А, Тамбов, Россия, 392005",52.675552,41.465308,-0.07784460914
127,101,496.5,LENINGRADSKAYA 58         KHABAROVSK,"Ленинградская улица, 58, Хабаровск, Россия, 680021",48.496609,135.07277,-0.08953466824
128,106,496.5,LEKONTA 1/1               OMSK,"улица Леконта, 1к1, Омск, Россия, 644020",54.940753,73.386556,-0.1450012315
129,119,496.5,"IGNATIEVSKOE AVE,17       BLAGOVESHENS","Игнатьевское шоссе, городской округ Благовещенск, Амурская область, Россия",50.351708,127.460204,-0.03073961819
130,121,496.5,TAEZHNAYA 32              KAA-KHEM,"Таёжная улица, посёлок городского типа Каа-Хем, Кызылский кожуун, Республика Тыва, Россия",51.693519,94.559263,0.01133896738
131,126,496.5,KRASNOARMEYSKAYA 137      KIZIL,"Красноармейская улица, 137, Кызыл, Республика Тыва, Россия",51.716229,94.440685,0.03331461011
132,132,496.5,KOOPERATIVNAYA 59         CHEKMAGUSH,"Кооперативная улица, 59, село Чекмагуш, Чекмагушевский район, Республика Башкортостан, Россия, 452200",55.137945,54.652047,-0.05199984917
133,139,496.5,BEREZOVIY 3A              SELENGINSK,"микрорайон Берёзовый, 3А, посёлок городского типа Селенгинск, Кабанский район, Республика Бурятия, Россия, 671247",52.00588,106.864125,0.05474189016
134,145,496.5,"POSHEKHONSKOE AVE,22      VOLOGDA     ","Пошехонское шоссе, 22, Вологда, Россия",59.197256,39.859246,-0.01027313944
135,2940,1022,ABB 1 DEKABRISTOV UL      KAZAN,"1-й переулок Декабристов, поселок Фрунзевец, Апрелевка, Наро-Фоминский городской округ, Московская область, Россия",55.529053,37.026741,-0.1058371875
136,4620,1022,ABB 24 KORABELNAYA        NIZHNEKAMSK,"Корабельная улица, 24, Нижнекамск, Республика Татарстан, Россия, 423578",55.624388,51.7995,-0.08099983751
137,294,1022,ABB 53 A YULIUSA FUCHIKA  KAZAN,"улица Юлиуса Фучика, 53А, Казань, Республика Татарстан, Россия, 420141",55.743755,49.203549,-0.1259796301
138,1978,1022,ABB 14 CHISTOPOLSKAYA     KAZAN,"Чистопольская улица, 14, Казань, Республика Татарстан, Россия, 420066",55.818574,49.108157,-0.07859949535
139,1991,1022,"ABB 11 PROLETARSKAYA      VYS.GORA,   ","Пролетарская улица, 11, посёлок городского типа Кесова Гора, Кесовогорский район, Тверская область, Россия, 171470",57.587228,37.296586,-0.08709143012
140,4509,1022,ABB 97 RIKHARDA ZORGE     KAZAN,"улица Рихарда Зорге, 97, Казань, Республика Татарстан, Россия, 420139",55.744429,49.219772,-0.07706384346
141,4598,1022,ABB 141 POBEDY PR.        KAZAN,"проспект Победы, 141, Казань, Республика Татарстан, Россия, 420100",55.780957,49.213134,-0.06557084538
142,4665,1022,ABB 32 LENINA             ZELENODOLSK,"улица Ленина, 32, Зеленодольск, Республика Татарстан, Россия, 422550",55.846997,48.500033,-0.06655856144
143,4698,1022,ABB 113A LENINA           ALMETEVSK,"улица Ленина, 113А, Альметьевск, Республика Татарстан, Россия, 423461",54.898178,52.272481,-0.0748998024
144,153,1022,ABB 13 B. KHMELNICKOGO    CHELYABINSK,"улица Богдана Хмельницкого, 13, Челябинск, Россия, 454047",55.257591,61.395834,-0.1450012315
145,317,1022,ABB METRO ST.PL. TUKAYA   KAZAN,"метро Площадь Габдуллы Тукая, Центральная линия, Казань, Республика Татарстан, Россия",55.786065,49.124551,-0.08503765605
146,322,1022,ABB 45 KH. MAVLYUTOVA     KAZAN,"улица Хусаина Мавлютова, 45, Казань, Республика Татарстан, Россия, 420101",55.744617,49.192832,-0.02753584857
147,323,1022,"ABB 71 KRAJNOVA           BAZ.MATAKI, ","улица Крайнова, 71, село Базарные Матаки, Алькеевский район, Республика Татарстан, Россия, 422870",54.904359,49.924034,-0.06255262908
148,329,1022,ABB 2 LUSHNIKOVA          KAZAN,"улица Лушникова, 2, Казань, Республика Татарстан, Россия, 420034",55.818796,49.082348,-0.1190071404
149,330,1022,ABB 34 ENTUZIASTOV        CHEBOKSARY,"улица Энтузиастов, 34, Чебоксары, Чувашская Республика, Россия, 428010",56.118791,47.183606,-0.1050784905
150,347,1022,ABB 6B NAB-CHELNINSKIJ    NAB.CHELNY,,,,-0.1450012315
151,354,1022,ABB 36A MAMADYSHSKIJ      KAZAN,"Мамадышский тракт, 36, Казань, Республика Татарстан, Россия",55.795317,49.229447,-0.1072107785
152,365,1022,ABB 50A POBEDY PR.        KAZAN,"проспект Победы, 50А, Казань, Республика Татарстан, Россия, 420138",55.748919,49.207573,-0.06991247968
153,369,1022,ABB 77 ZORGE              KAZAN,"улица Рихарда Зорге, 77, Казань, Республика Татарстан, Россия, 420110",55.747627,49.214338,-0.07562818078
154,370,1022,ABB 65 SHAMILYA USMANOVA  NAB.CHELNY,"улица Шамиля Усманова, 65, Набережные Челны, Республика Татарстан, Россия, 423831",55.749268,52.391697,-0.09851593173
155,372,1022,"ABB 168 B. KRASNAYA       VYS.GORA,   ","Большая Красная улица, 168, село Высокая Гора, Высокогорский район, Республика Татарстан, Россия, 422701",55.918933,49.312991,-0.03087748248
156,375,1022,ABB 32 LENINGRADSKAYA     KAZAN,"Ленинградская улица, 32, Казань, Республика Татарстан, Россия, 420037",55.866793,49.088214,-0.08993537455
157,377,1022,ABB 113A LENINA           ALMETEVSK,"улица Ленина, 113А, Альметьевск, Республика Татарстан, Россия, 423461",54.898178,52.272481,-0.0655204796
158,1915,1022,ABB 32 LENINA             ZELENODOLSK,"улица Ленина, 32, Зеленодольск, Республика Татарстан, Россия, 422550",55.846997,48.500033,-0.09361562708
159,1939,1022,ABB 34-12 SIBIRSKIJ TR.   KAZAN,"Сибирский тракт, 34к12, Казань, Республика Татарстан, Россия",55.816111,49.188412,-0.1219101575
160,1949,1022,ABB 1A KOROLEVA           ZELENODOLSK,"улица Королёва, 1А, Зеленодольск, Республика Татарстан, Россия",55.852834,48.566814,-0.1240082287
161,1950,1022,ABB 5 GRUZDEVA            KAZAN,"улица Груздева, 5, Казань, Республика Татарстан, Россия, 420012",55.789031,49.145015,0.04301167939
162,1951,1022,ABB 2-1 LUNACHARSKOGO     ULYANOVSK,"улица Луначарского, 2с1, Ульяновск, Россия, 432012",54.263287,48.329201,-0.1450012315
163,1957,1022,ABB 1-1 SHKOLNYJ B-R      NAB.CHELNY,"Школьная улица, 1, поселок ЗЯБ, Набережные Челны, Республика Татарстан, Россия, 423806",55.690928,52.346511,-0.1321437058
164,255,1942,27 OPALIKHINSKAYA STR.    EKATERINBURG,"Опалихинская улица, 27, Екатеринбург, Свердловская область, Россия, 620034",56.854079,60.559521,-0.06442458022
165,161,1942,84 M.RYBALKO STR.         PERM,"улица Маршала Рыбалко, 84, Пермь, Россия, 614113",58.008839,55.962213,-0.08276887476
166,169,1942,52 TOKAREY ST.            EKATERINBURG,"улица Токарей, 52, Екатеринбург, Свердловская область, Россия, 620109",56.829487,60.560563,-0.07525260297
167,170,1942,"ST FURMANOVA,37           EKATERINBURG","улица Фурманова, 37, Екатеринбург, Свердловская область, Россия, 620142",56.815646,60.611812,-0.04879354159
168,247,1942,12A BELORECHENSKAYA       EKATERINBURG,"Белореченская улица, 12А, микрорайон Юго-Западный, Екатеринбург, Свердловская область, Россия, 620102",56.821026,60.567911,0.02169337991
169,253,1942,136 BEBELYA STR.          EKATERINBURG,"улица Бебеля, 136, Екатеринбург, Свердловская область, Россия, 620141",56.860757,60.552325,0.02657300367
170,279,1942,60 KOMSOMOLSKIY AV.       PERM,"Комсомольская улица, 58, Пермь, Россия",58.059226,56.613994,0.02888019141
171,283,1942,44A AVTOZAVODSKAYA STR.   PERM,"Автозаводская улица, 44А, Пермь, Россия, 614113",58.006688,55.949331,-0.006875071535
172,284,1942,44A AVTOZAVODSKAYA STR.   PERM,"Автозаводская улица, 44А, Пермь, Россия, 614113",58.006688,55.949331,0.03004612461
173,293,1942,172 KARLA MARKSA AV.      MAGNITOGORSK,"проспект Карла Маркса, 172, Магнитогорск, Челябинская область, Россия, 455049",53.37844,58.976384,0.02358745386
174,196,1942,166 TRUDA STR.            CHELYABINSK,"улица Труда, 166, Челябинск, Россия, 454080",55.170784,61.374562,0.009251294847
175,200,1942,86 VEDENEEVA STR.         PERM,"улица Академика Веденеева, 86, Пермь, Россия, 614038",58.103704,56.385436,-0.01429612107
176,204,1942,13 REVOLYUTSII STR        PERM,"улица Революции, 13, Пермь, Россия",58.007599,56.261908,0.03684681294
177,211,1942,2A KIROVA STR.            CHELYABINSK,"улица Кирова, 2А, Челябинск, Россия, 454084",55.18378,61.398107,-0.008275967638
178,212,1942,38 IVANA FRANKO STR       PERM,"улица Ивана Франко, 38, Пермь, Россия, 614056",58.063254,56.354489,0.005155629286
179,213,1942,15 ZHUKOVA STR.           MAGNITOGORSK,"улица Жукова, 15, Магнитогорск, Челябинская область, Россия, 455051",53.355992,58.970625,-0.05485981549
180,217,1942,7 MOLODOGVARDEYTSEV       CHELYABINSK,"улица Молодогвардейцев, 7, Челябинск, Россия, 454901",55.204793,61.327311,-0.005341514124
181,1005,1942,7B PERMYAKOVA STR.        TUMEN,"улица Пермякова, 7Б, Тюмень, Россия, 625013",57.13031,65.595566,-0.02513616249
182,1591,1942,16A BEREJKOVSK NAB        MOSCOW,,,,0.080034087
183,1839,1942,2 NOVOBAYDAEVSKAYA        NOVOKUZNETSK,"Новобайдаевская улица, 2, микрорайон Новобайдаевский, Новокузнецк, Кемеровская область, Россия, 654084",53.78207,87.293635,-0.01279618485
184,1872,1942,35 SHIROKAYA STR.         NOVOSIBIRSK,"Широкая улица, 35, Новосибирск, Россия, 630108",54.993153,82.854233,-0.06097580036
185,1901,1942,41-7 CHERNOY RECHKI       S.-PETERSBUR,"набережная Чёрной речки, 41к2А, Санкт-Петербург, Россия, 197342",59.985683,30.306984,0.01643941203
186,390,1942,11 KATUKOVA STR.          LIPETSK,"улица Катукова, 11, Липецк, Россия, 398004",52.580418,39.527436,0.07000397025
187,411,1942,10 BABUSHKINA STR.        SANKT-PETERB,"улица Бабушкина, 10, Санкт-Петербург, Россия, 192029",59.89672,30.42345,0.02618506622
188,427,1942,2-6 22-Y MKRN.            NAZAROVO,"22-й микрорайон, 2, Назарово, Красноярский край, Россия",56.001791,90.451725,-0.07303491035
189,431,1942,3 VZLETNAYA STR.          KRASNOYARSK,"автодорога Красноярск-Железногорск, 20 км, Берёзовский район, Красноярский край, Россия",56.12978,93.332317,-0.1101605679
190,434,1942,55B KRASNAYA STR.         NOVOVELICHKO,"Красная улица, 55Б, станица Нововеличковская, Динской район, Краснодарский край, Россия",45.275511,38.839919,0.06187536621
191,438,1942,103/2 KUBOVAYA STR.       NOVOSIBIRSK,"Кубовая улица, 103/2, Новосибирск, Россия, 630066",55.128748,82.898601,0.0007007466601
192,440,1942,113 MIRA AV.              TOGLIATTI,,,,-0.08295616453
193,442,1942,30A MOSKOVSKIY AV.        TOGLIATTI,"Московский проспект, 30, Тольятти, Самарская область, Россия, 445026",53.523593,49.256711,-0.0005299449037
194,448,1942,43 DUBROVINSKOGO ST       KRASNOYARSK,"улица Дубровинского, 43, Красноярск, Россия, 660049",56.006618,92.857081,-0.1340477202
195,454,1942,1 BELYAEVA STR.           ORSK,"улица Беляева, 1, микрорайон Новый город, Орск, Оренбургская область, Россия, 462430",51.258168,58.432355,-0.08855924433
196,456,1942,93 LENINA AV.             ORSK,"проспект Ленина, 93, микрорайон Новый город, Орск, Оренбургская область, Россия, 462429",51.250519,58.452639,-0.1063859619
197,463,1942,525 KRASNIKH PARTIZ       KRASNODAR,"улица Красных Партизан, 525литД, Краснодар, Россия, 350049",45.049819,38.967498,0.02340978752
198,466,1942,3A GEN.SHTEMENKO          VOLGOGRAD,"улица Генерала Штеменко, 3А, Волгоград, Россия, 400105",48.771273,44.564092,-0.006850589106
199,469,1942,24 50-LET OKTYABRYA       UFA,"улица 50-летия Октября, 24, Уфа, Республика Башкортостан, Россия, 450005",54.737283,55.976666,-0.03641626245
200,470,1942,8V MILITSEYSKAYA STR      U.-SAKHALINS,"Милицейская улица, 8, Южно-Сахалинск, Сахалинская область, Россия",46.966405,142.731815,0.04191445596
201,472,1942,25. KUIBYSHEVA STR.       CHAPAEVSK,"улица Куйбышева, 25, Чапаевск, Самарская область, Россия, 446100",52.978797,49.707926,-0.04619992459
202,476,1942,138 MICHURINA STR         SAMARA,"улица Мичурина, 138, Самара, Россия, 443086",53.217014,50.167594,0.02426070329
203,489,1942,46/1 VYSOTSKOGO STR       NOVOSIBIRSK,"улица Владимира Высоцкого, 46, Новосибирск, Россия",55.02781,83.024032,-0.05554805341
204,496,1942,OTKRITOE SHOSSE 9         MOSCOW,"Открытое шоссе, 9, Москва, Россия, 107370",55.815413,37.738045,0.05303053219
205,501,1942,21B LENINA AV.            YAROSLAVL,"проспект Ленина, 21, Ярославль, Россия, 150003",57.637868,39.871517,-0.02148470035
206,505,1942,89 MELNIKAYTE STR         TYUMEN,"улица Мельникайте, 89, Тюмень, Россия, 625026",57.139532,65.57574,-0.1342043465
207,507,1942,32 NOVOKOSINSKAYA         MOSCOW,"Новокосинская улица, 32/7, Москва, Россия, 111672",55.742007,37.867169,0.05054958167
208,510,1942,20 SHEREMETEVSKAYA        MOSCOW,"Шереметьевская улица, 20, Москва, Россия, 129594",55.803322,37.618776,-0.06652861299
209,522,1942,2 VETERANOV BLVD.         MYTISCHI,"бульвар Ветеранов, с2, Мытищи, Московская область, Россия, 141021",55.909226,37.720043,0.05958516786
210,533,1942,10/1 SHABOLOVSKAYA STR    MOSCOW,"улица Шаболовка, 10к1, Москва, Россия, 119049",55.723861,37.610053,0.04871931419
211,537,1942,10 VOZDVIZHENKA STR       MOSCOW,"улица Воздвиженка, 10, Москва, Россия, 125009",55.753301,37.606263,-0.01836011924
212,544,1942,24/19 LUZHNIKI            MOSCOW,"улица Лужники, 24с19, Москва, Россия, 119270",55.712533,37.553226,-0.1039607753
213,553,1942,80 ALTUFEVSKOE H/W.       MOSCOW,"Каширское шоссе, 80, Москва, Россия, 115569",55.624505,37.709093,0.04084044056
214,556,1942,133A MOZHAYSKOE H/W.      MOSCOW,,,,0.06151730366
215,562,1942,13A SHIROKAYA STR         MOSCOW,"Широкая улица, 13А, Москва, Россия, 127224",55.888104,37.662452,0.003338239487
216,568,1942,63A IZMAYLOVSKIY AV.      MOSCOW,,,,0.008275996403
217,577,1942,19 YARTSEVSKAYA STR.      MOSCOW,"Ярцевская улица, 19, Москва, Россия, 121552",55.738591,37.411005,0.1157061202
218,587,1942,14/2 BUMAZHNIY AVE        MOSCOW,,,,-0.05222035498
219,589,1942,18-1 ANDROPOVA STR.       MOSCOW,"проспект Андропова, 18к1, Москва, Россия, 115432",55.695022,37.66274,-0.0961968395
220,594,1942,48 LENINA AV.             NOVOROSSIYSK,"проспект Ленина, 48, Новороссийск, Краснодарский край, Россия, 353913",44.692073,37.789187,0.009167381507
221,603,1942,91/2 MIRA AVE.            MOSCOW,"проспект Мира, 91к2, Москва, Россия, 129085",55.80612,37.63544,0.02572151484
222,604,1942,91/2 MIRA AVE.            MOSCOW,"проспект Мира, 91к2, Москва, Россия, 129085",55.80612,37.63544,0.04416596874
223,605,1942,91/2 MIRA AVE.            MOSCOW,"проспект Мира, 91к2, Москва, Россия, 129085",55.80612,37.63544,0.06510798692
224,606,1942,91/2 MIRA AVE.            MOSCOW,"проспект Мира, 91к2, Москва, Россия, 129085",55.80612,37.63544,0.04444906404
225,651,1942,24/1 KOMSOMOLSKIY AVE     MOSCOW,"Комсомольская площадь, 32/40, Москва, Россия, 107140",55.786121,37.649795,0.06301186696
226,652,1942,24/1 KOMSOMOLSKIY AVE     MOSCOW,"Комсомольская площадь, 32/40, Москва, Россия, 107140",55.786121,37.649795,0.08369315391
227,653,1942,24/1 KOMSOMOLSKIY AVE     MOSCOW,"Комсомольская площадь, 32/40, Москва, Россия, 107140",55.786121,37.649795,0.05251988109
228,677,1942,33-1 PR. KOSMONAVTOV      KOROLEV,"проспект Космонавтов, 33к1, Королёв, Московская область, Россия, 141077",55.910644,37.867708,0.07682170943
229,678,1942,33-1 PR. KOSMONAVTOV      KOROLEV,"проспект Космонавтов, 33к1, Королёв, Московская область, Россия, 141077",55.910644,37.867708,0.08711595101
230,679,1942,33-1 PR. KOSMONAVTOV      KOROLEV,"проспект Космонавтов, 33к1, Королёв, Московская область, Россия, 141077",55.910644,37.867708,0.05524369476
231,700,1942,2 BOLSHAYA TULSKAYA ST.   MOSCOW,"Большая Тульская улица, 2, Москва, Россия, 115191",55.709028,37.620761,0.03648477647
232,705,1942,45 YANA RAYNISA ST.       MOSCOW,,,,0.09772627474
233,706,1942,45 YANA RAYNISA ST.       MOSCOW,,,,0.06734199984
234,707,1942,45 YANA RAYNISA ST.       MOSCOW,,,,0.1622313862
235,708,1942,45 YANA RAYNISA ST.       MOSCOW,,,,0.1281522422
236,719,1942,15 PROFSOYUZNAYA ST.      MOSCOW,"Профсоюзная улица, 15, Москва, Россия, 117218",55.679138,37.565317,0.07373194187
237,720,1942,15 PROFSOYUZNAYA ST.      MOSCOW,"Профсоюзная улица, 15, Москва, Россия, 117218",55.679138,37.565317,0.08651358224
238,725,1942,15 PROFSOYUZNAYA ST.      MOSCOW,"Профсоюзная улица, 15, Москва, Россия, 117218",55.679138,37.565317,0.07240660882
239,728,1942,15 PROFSOYUZNAYA ST.      MOSCOW,"Профсоюзная улица, 15, Москва, Россия, 117218",55.679138,37.565317,0.0732586748
240,780,1942,119 VERNADSKOGO AV.       MOSCOW,"проспект Вернадского, 119, Москва, Россия, 119571",55.657621,37.482771,0.0365368192
241,913,1942,104 PROFSOYUZNAYA ST.     MOSKVA,"Профсоюзная улица, 104, Москва, Россия, 117437",55.64192,37.523456,0.04470233857
242,915,1942,104 PROFSOYUZNAYA ST.     MOSKVA,"Профсоюзная улица, 104, Москва, Россия, 117437",55.64192,37.523456,0.05118522612
243,924,1942,1 NOVINKI ST.             MOSKVA,"улица Новинки, 1, Москва, Россия, 115470",55.677671,37.666225,-0.0003928241127
244,926,1942,1 NOVINKI ST.             MOSKVA,"улица Новинки, 1, Москва, Россия, 115470",55.677671,37.666225,0.02747977099
245,929,1942,1 NOVINKI ST.             MOSKVA,"улица Новинки, 1, Москва, Россия, 115470",55.677671,37.666225,0.08096014044
246,930,1942,1 NOVINKI ST.             MOSKVA,"улица Новинки, 1, Москва, Россия, 115470",55.677671,37.666225,0.06294925585
247,948,1942,56/2 PERERVA STR.         MOSCOW,"улица Перерва, 56/2, Москва, Россия, 109341",55.657845,37.747729,0.006865772366
248,949,1942,56/2 PERERVA STR.         MOSCOW,"улица Перерва, 56/2, Москва, Россия, 109341",55.657845,37.747729,-0.03028979747
249,977,1942,4-1 22-KM/ KIEVSKOE H/W.  MOSCOW,"срезка на 5 км, территория Спортивный клуб Ромашково, Москва, Россия",55.749988,37.363538,0.06058329602
250,1075,1942,18 AVTOZAVODSKAYA STR.    MOSCOW,"Автозаводская улица, 18, Москва, Россия, 115280",55.705452,37.637749,0.06503827318
251,1162,1942,56/2 PERERVA STR.         MOSCOW,"улица Перерва, 56/2, Москва, Россия, 109341",55.657845,37.747729,-0.02541897583
252,1443,1942,8 NOVATOROV BLVD.         S.-PETERBURG,"бульвар Новаторов, 8, Санкт-Петербург, Россия, 198216",59.850595,30.26938,-0.004959832826
253,1472,1942,6 POLYARNIKOV STR.        S.-PETERBURG,"улица Полярников, 6, Санкт-Петербург, Россия, 192171",59.876549,30.43785,-0.05363009652
254,1677,1942,8 NOVATOROV BLVD.         S.-PETERBURG,"бульвар Новаторов, 8, Санкт-Петербург, Россия, 198216",59.850595,30.26938,0.006593374274
255,1680,1942,8 NOVATOROV STR.          S.-PETERBURG,,,,-0.01043312512
256,1681,1942,85 40-LET POBEDY AVE      ROSTOV-NA-DO,"проспект 40-летия Победы, 85, Ростов-на-Дону, Россия, 344111",47.239101,39.827284,-0.01238020071
257,1704,1942,23A PERMYAKOVA STR.       TYUMEN,"улица Пермякова, 23, Тюмень, Россия, 625051",57.118227,65.579827,-0.06001587647
258,1705,1942,23A PERMYAKOVA STR.       TYUMEN,"улица Пермякова, 23, Тюмень, Россия, 625051",57.118227,65.579827,-0.03063216508
259,1709,1942,49 GAGARINA               SAMARA,"улица Гагарина, 49, Самара, Россия, 443079",53.199924,50.177017,0.05712435914
260,1710,1942,49 GAGARINA               SAMARA,"улица Гагарина, 49, Самара, Россия, 443079",53.199924,50.177017,0.07733785263
261,1712,1942,199 G.IM.KRASNOYARSKIY RA KRASNOYARSK,,,,0.04849991877
262,1734,1942,32 SOVETSKIY AV.          KEMEROVO,"Советский проспект, 32, Кемерово, Россия, 650991",55.3581,86.075412,0.004913183131
263,1735,1942,32 SOVETSKIY AV.          KEMEROVO,"Советский проспект, 32, Кемерово, Россия, 650991",55.3581,86.075412,0.02017321777
264,1736,1942,32 SOVETSKIY AV.          KEMEROVO,"Советский проспект, 32, Кемерово, Россия, 650991",55.3581,86.075412,0.01182764558
265,1745,1942,56 MIRA AVE               OMSK,"проспект Мира, 56, Омск, Россия, 644029",55.029719,73.278946,0.04858816307
266,1746,1942,90/1 LENINA AV.           KEMEROVO,"проспект Ленина, 90/1, Кемерово, Россия, 650066",55.345585,86.127748,0.06945395768
267,1762,1942,55 KIROVA                 NOVOKUZNETSK,"улица Кирова, 55, Новокузнецк, Кемеровская область, Россия, 654080",53.758889,87.138164,-0.01369405418
268,1771,1942,124B KRASNAYA STR         KRASNODAR,"Красная улица, 124, микрорайон Центральный, Краснодар, Россия",45.036076,38.975807,0.0490578398
269,1774,1942,124B KRASNAYA STR         KRASNODAR,"Красная улица, 124, микрорайон Центральный, Краснодар, Россия",45.036076,38.975807,0.03550886759
270,1791,1942,32A GAKKELEVSKAYA STR.    SANTK-PETERB,"Гаккелевская улица, 32, Санкт-Петербург, Россия, 197372",60.006395,30.256984,0.0113715612
271,1824,1942,46 B.SADOVAYA STR.        ROSTOV-ON-DO,"Большая Садовая улица, 46/30, Ростов-на-Дону, Россия, 344002",47.219967,39.708302,-0.05782807798
272,1843,1942,66 SOVETSKAYA             LIPETSK,"Советская улица, 66, Липецк, Россия, 398001",52.605818,39.57793,-0.04819455243
273,1862,1942,12 7-MIKRORAYON           RADUZHNIY,"микрорайон Радужный, 7, посёлок Рыбхоз, Богородский городской округ, Московская область, Россия",55.788834,38.133412,-0.04946110226
274,1866,1942,49A YAROSLAVSKIY AV.      YAROSLAVL,"Ярославская улица, 53, Ярославль, Россия, 150006",57.572693,39.920053,-0.03389683972
275,1873,1942,53 40-LET KOMSOMOLA       NOVOSIBIRSK,"улица 40 лет Комсомола, 53, Новосибирск, Россия, 630098",54.864544,82.981308,0.006237113224
276,1889,1942,66 LENINA STR.            DZERZHINSK,"проспект Ленина, 66, Дзержинск, Нижегородская область, Россия, 606010",56.236986,43.46282,-0.040673583
277,722,1942,171 LYUBLINSKAYA ST       MOSCOW,"Люблинская улица, 171, Москва, Россия, 109652",55.647178,37.746885,0.01216097147
278,723,1942,171 LYUBLINSKAYA ST       MOSCOW,"Люблинская улица, 171, Москва, Россия, 109652",55.647178,37.746885,0.01766305869
279,724,1942,171 LYUBLINSKAYA ST       MOSCOW,"Люблинская улица, 171, Москва, Россия, 109652",55.647178,37.746885,0.01633845488
280,726,1942,171 LYUBLINSKAYA ST       MOSCOW,"Люблинская улица, 171, Москва, Россия, 109652",55.647178,37.746885,0.01858732401
281,740,1942,79 KOMSOMOLSKIY AV.       TOMSK,"Комсомольский проспект, 79, Томск, Россия, 634041",56.467484,84.980455,-0.02016169199
282,751,1942,158A TIKHOOKEANSKAYA      KHABAROVSK,"Тихоокеанская улица, 158А, Хабаровск, Россия",48.535599,135.051247,-0.03707778116
283,752,1942,36 GORKOGO STR.           SARATOV,"улица имени А.М. Горького, 36, Саратов, Россия",51.532206,46.030906,0.03326679731
284,753,1942,36 GORKOGO STR.           SARATOV,"улица имени А.М. Горького, 36, Саратов, Россия",51.532206,46.030906,-0.002779478567
285,771,1942,101 POBEDY STR.           SAMARA,"улица Победы, 101, Самара, Россия, 443009",53.216254,50.25694,0.01209296452
286,800,1942,42 LENINA                 BERDSK,"улица Ленина, 42, Бердск, Новосибирская область, Россия, 633010",54.761233,83.100605,-0.03324267362
287,812,1942,15 KVARTAL 212            ANGARSK,"258-й квартал, 212, Ангарск, Иркутская область, Россия",52.510652,103.886614,0.005069170885
288,825,1942,5-30 28-KVARTAL           ACHINSK,"28-й квартал, 5/4, Ачинск, Красноярский край, Россия",56.253212,90.474156,-0.07008621101
289,826,1942,5-30 28-KVARTAL           ACHINSK,"28-й квартал, 5/4, Ачинск, Красноярский край, Россия",56.253212,90.474156,-0.02070886678
290,840,1942,4 PL.POBEDY               KALININGRAD,"площадь Победы, 4, Калининград, Россия",54.72086,20.499734,-0.04041389259
291,859,1942,20 KRASNIKH PARTIZAN      USOLIE-SIBIR,"проспект Красных Партизан, 20, Усолье-Сибирское, Иркутская область, Россия, 665460",52.733119,103.657948,0.03869509034
292,879,1942,29 LENINA AV.             NIZHNIY NOVG,"проспект Ленина, 29, Нижний Новгород, Россия, 603140",56.289106,43.930052,0.04047562949
293,880,1942,29 LENINA AV.             NIZHNIY NOVG,"проспект Ленина, 29, Нижний Новгород, Россия, 603140",56.289106,43.930052,0.01036131683
294,890,1942,13 IOSIFA KOROLINSKOGO    SURGUT,"улица Иосифа Каролинского, 13, Сургут, Ханты-Мансийский автономный округ, Россия, 628406",61.254571,73.447084,0.01586764671
295,892,1942,71-1 MOZHAYSKOGO STR      TVER,"улица Можайского, 71к1, Тверь, Россия, 170030",56.82038,35.902006,-0.012881614
296,895,1942,4 BERINGA STR.            MURMANSK,"улица Беринга, 4, Мурманск, Россия, 183014",68.915297,33.095507,-0.02740250631
297,897,1942,79 KUIBYSHEVA STR.        OMSK,"улица Куйбышева, 79, Омск, Россия, 644001",54.976535,73.399213,0.07676440716
298,898,1942,79 KUIBYSHEVA STR.        OMSK,"улица Куйбышева, 79, Омск, Россия, 644001",54.976535,73.399213,0.06339654955
299,905,1942,51 BUDENNOVSKIY           ROSTOV-ON-DO,"Буденновский лес, Красногвардейский район, Белгородская область, Россия",50.694253,38.324502,0.02314291082
300,906,1942,51 BUDENNOVSKIY           ROSTOV-ON-DO,"Буденновский лес, Красногвардейский район, Белгородская область, Россия",50.694253,38.324502,0.05177351623
301,981,1942,13/16-1 B.POLYANKA        MOSCOW,"улица Малая Полянка, 13, Москва, Россия, 119180",55.733624,37.616827,-0.01610949667
302,1032,1942,70 LET VLKSM 16/1         ORENBURG,"микрорайон 70-летия ВЛКСМ, 16/1, Оренбург, Россия",51.82656,55.142527,-0.03683053951
303,1038,1942,62 METALLURGOV STR.       TULA,"улица Металлургов, 62, Тула, Россия, 300027",54.191357,37.689653,-0.03924078352
304,1041,1942,65/4 LENINA STR.          UFA,"улица Ленина, 65/4, Уфа, Республика Башкортостан, Россия, 450006",54.738359,55.952843,-0.05463467847
305,1074,1942,4B I.YAKOVLEVA AVE        CHEBOKSARY,"проспект Ивана Яковлева, 4, Чебоксары, Чувашская Республика, Россия",56.103206,47.26432,0.001273953121
306,1088,1942,14A VERNADSKOGO AVE       MOSCOW,"проспект Вернадского, 14А, Москва, Россия, 119454",55.677737,37.506882,0.05160914511
307,1117,1942,5D CHAADAEVA STR.         N.NOVGOROD,"улица Чаадаева, 5, Нижний Новгород, Россия, 603035",56.329277,43.854288,-0.058681898
308,1140,1942,19 BEREZOVSKOGO           OMSK,"улица Березовского, 19, Омск, Россия, 644070",54.988526,73.383088,-0.008441139884
309,1158,1942,187V RODIONOVA STR.       N.NOVGOROD,"улица Родионова, 187, Нижний Новгород, Россия, 603093",56.307631,44.073908,-0.02962858568
310,1169,1942,22 LENINGRADSKAYA S       KAZAN,"Ленинградская улица, 22, Казань, Республика Татарстан, Россия, 420127",55.861757,49.085591,-0.1058918054
311,1175,1942,142 N-DANCHENKO STR       NOVOSIBIRSK,"улица Немировича-Данченко, 142, Новосибирск, Россия, 630087",54.988391,82.914752,-0.06291050164
312,1183,1942,1B 2-YA CENTRALNAYA       UZHNO-SAKHAL,"2-я Центральная улица, 1Б, Южно-Сахалинск, Сахалинская область, Россия, 693017",46.900367,142.742227,0.06598975968
313,1212,1942,62 ZELENIY AVE            MOSCOW,"Зелёная улица, территория Мытищи-16, Мытищи, Московская область, Россия",55.945322,37.662892,0.07376376479
314,1219,1942,44 KRASNOARMEYSKAYA       TOMSK,"Красноармейская улица, 44, Томск, Россия, 634061",56.475519,84.966945,-0.03016198767
315,1228,1942,9 KIROVA STR              OMSK,"улица Кирова, 9, Омск, Россия, 644041",54.947951,73.419694,-0.01941902498
316,1245,1942,122 LENINA AV.            TULA,"проспект Ленина, 122, Тула, Россия, 300026",54.152641,37.58349,0.01286973351
317,1250,1942,1 STROENIE                KRASNIY BOR,"посёлок Красный Бор, 1, Ярославский район, Ярославская область, Россия",57.640041,39.975812,0.01269624815
318,1256,1942,5A LENINA SQ.             KSTOVO,"площадь Ленина, 5А, Кстово, Нижегородская область, Россия, 607657",56.150499,44.211296,0.007009776152
319,1266,1942,76/1 VERSHININA STR       TOMSK,"улица Вершинина, 76/2, Томск, Россия, 634045",56.45115,84.965651,-0.109963227
320,1275,1942,60 GEN.LIZYUKOVA ST       VORONEZH,"улица Генерала Лизюкова, 60, Воронеж, Россия, 394088",51.706134,39.149308,0.03030526722
321,1287,1942,210/1 B.BOGATKOVA         NOVOSIBIRSK,"улица Бориса Богаткова, 210/1, Новосибирск, Россия, 630089",55.036597,82.977562,0.006448212847
322,1297,1942,37 MATE ZALKI STR.        KRASNOYARSK,"улица Мате Залки, 37, микрорайон Северный, Советский район, Красноярск, Россия, 660127",56.061278,92.936627,0.05316557803
323,1306,1942,40/2 TUKHACHEVSKOGO       KEMEROVO,"улица Тухачевского, 40/2, Кемерово, Россия, 650070",55.326543,86.134359,-0.09779370205
324,1307,1942,107 UNIVERSITETSKIY       VOLGOGRAD,,,,0.04447850712
325,1330,1942,1A N.ERSHOVA STR.         KAZAN,"улица Николая Ершова, 1А, Казань, Республика Татарстан, Россия, 420061",55.7939,49.149506,-0.073885066
326,1337,1942,19B MICHURINA             SAMARA,"улица Мичурина, 19В, Самара, Россия, 443013",53.203424,50.14042,0.08459402188
327,1338,1942,28 STROITELEY BLVD        KEMEROVO,,,,0.03326553848
328,1345,1942,12 LEN.KOMSOMOLA AV       ULYANOVSK,"проспект Ленинского Комсомола, 12, Ульяновск, Россия, 432072",54.381413,48.594356,-0.01606403337
329,1346,1942,221 B.BOGATKOVA STR       NOVOSIBIRSK,"улица Бориса Богаткова, 221, Новосибирск, Россия, 630089",55.037252,82.976251,-0.08720581793
330,1353,1942,19B MICHURINA             SAMARA,"улица Мичурина, 19В, Самара, Россия, 443013",53.203424,50.14042,0.09653791942
331,1357,1942,219B A.PETROVA STR        BARNAUL,"улица Антона Петрова, 219, Барнаул, Алтайский край, Россия",53.358636,83.702063,-0.03819271531
332,1371,1942,61/1 GERTSENA STR         TOMSK,"улица Герцена, 61/1, Томск, Россия, 634021",56.472386,84.986384,-0.02224301974
333,1373,1942,5 PRIVOKZALNAYA SQ        GOLITSYNO,"Привокзальная площадь, 5, Голицыно, Одинцовский район, Московская область, Россия, 143040",55.616249,36.98832,0.005172903755
334,1380,1942,38 ULYANOVSKOE H/W        SYZRAN,,,,0.05304086654
335,1381,1942,33 MOSKOVSKAYA STR.       SYZRAN,"Московская улица, 33, Сызрань, Самарская область, Россия, 446026",53.166354,48.480414,-0.01251950401
336,1384,1942,16 B.SEMENOVSKAYA         MOSCOW,,,,0.09567657387
337,1389,1942,317-2 LENINA AV.          TOMSK,,,,-0.07134697675
338,1420,1942,98 50-LET OKTYABRYA       KURSK,"улица 50 лет Октября, 98, Курск, Россия, 305040",51.739715,36.146213,-0.06839216846
339,1458,1942,11-1 M.KATUKOVA STR.      MOSCOW,"улица Маршала Катукова, 11к1, Москва, Россия, 123181",55.810966,37.403863,0.007662173176
340,1461,1942,7 KOZHEVNICHESKAYA STR    MOSCOW,"Кожевническая улица, 7, Москва, Россия, 115114",55.729838,37.645717,0.06154364052
341,1484,1942,6 FRUNZE STR.             TOGLIATTI,"улица Фрунзе, 6, Тольятти, Самарская область, Россия, 445051",53.514016,49.298222,-0.02062376586
342,1486,1942,30-2 RYAZANSKIY AV.       MOSCOW,"Рязанский проспект, 30к2, Москва, Россия, 109428",55.718192,37.784075,0.0803811247
343,1488,1942,57 KARLA MARKSA STR.      TOGLIATTI,"улица Карла Маркса, 57, Тольятти, Самарская область, Россия, 445011",53.510155,49.41459,-0.0303751786
344,1490,1942,7 PEREVERTKINA STR.       VORONEZH,"улица Переверткина, 7, Воронеж, Россия, 394063",51.686562,39.256782,-0.008979471686
345,1492,1942,20G TKACHEVA STR.         VOLGOGRAD,"улица Ткачёва, 20, Волгоград, Россия, 400050",48.723991,44.51729,0.02329557921
346,1503,1942,17 MKR OLMINSKOGO         STARIY OSKOL,"микрорайон Ольминского, 17, Старый Оскол, Белгородская область, Россия",51.309224,37.873053,-0.01665160868
347,1509,1942,116 SAVUSHKINA STR.       SANKT-PETERB,"улица Савушкина, 116, Санкт-Петербург, Россия, 197374",59.985998,30.218365,-0.02719308164
348,1518,1942,123 LENINGRADSKIY AV.     YAROSLAVL,"Ленинградский проспект, 123, Ярославль, Россия, 150060",57.697731,39.757925,0.05050168452
349,1524,1942,267 DOVATORA STR.         ROSTOV-ON-DO,"улица Доватора, 267, Ростов-на-Дону, Россия, 344090",47.23625,39.597846,0.03430743645
350,1526,1942,23 AKSAYSKIY AV.          AKSAY,"Аксайский проспект, 23, Аксай, Ростовская область, Россия, 346720",47.290051,39.846535,0.003805770979
351,1535,1942,2 LENINA STR.             KRASNOGORSK,"улица Ленина, 2, Красногорск, Московская область, Россия",55.819454,37.320239,0.02367530357
352,1539,1942,1/3 PROSPEKT CHEKISTOV    KRASNODAR,"проспект Чекистов, 1/3, микрорайон Юбилейный, Краснодар, Россия, 350089",45.027712,38.905622,0.0492295238
353,1541,1942,17 KULTUKSKIY TRAKT       SHELEKHOV,"Култукский тракт, 17, Шелехов, Иркутская область, Россия",52.205066,104.082285,-0.04546977716
354,1547,1942,147 KIROVA STR.           SAMARA,"улица Кирова, Промышленный район, Самара, Россия",53.211234,50.264019,0.04419046941
355,1558,1942,8 DMITRIYA DONSKOGO BLVD. MOSCOW,"бульвар Дмитрия Донского, 8, Москва, Россия, 117628",55.568064,37.573806,-0.09610618986
356,1561,1942,34 SIBIRSKIY TRAKT        KAZAN,"Сибирский тракт, 34, Казань, Республика Татарстан, Россия",55.815752,49.182753,-0.07729474277
357,1568,1942,1 NAGORNAYA STR.          ARKHANGELSK,"Нагорная улица, 1, Архангельск, Россия, 163071",64.553811,40.551964,0.0159080685
358,1569,1942,2G ROKOSSOVSKOGO STR      VOLGOGRAD,"улица Рокоссовского, 2, Волгоград, Россия, 400066",48.713833,44.498569,-0.06048600907
359,1577,1942,153/163 B.SADOVAYA STR    SARATOV,,,,-0.0780896835
360,1578,1942,10A SARATOVSKAYA STR      ENGELS,"Саратовская улица, 10А, Энгельс, Саратовская область, Россия, 413118",51.488557,46.113452,-0.09097819234
361,1585,1942,92 KARLA-MARKSA STR       KHABAROVSK,"улица Карла Маркса, 92, Хабаровск, Россия, 680013",48.492065,135.089766,-0.04784082815
362,1597,1942,1 ZVENIGORODSKAYA STR.    S.-PETERBURG,"Звенигородская улица, 1, Санкт-Петербург, Россия, 191119",59.922688,30.335182,-0.02720916137
363,1609,1942,17-1B POLITEKHNICHESKAYA  S.-PETERBURG,"Политехническая улица, 17к1, Санкт-Петербург, Россия, 194021",59.999035,30.366192,-0.008888891025
364,1618,1942,35A NEVSKIY AV.           S.-PETERBURG,"Невский проспект, 35, Санкт-Петербург, Россия, 191186",59.934172,30.332631,-0.0247895893
365,1623,1942,2/1A B.MOSKOVSKAYA STR.   S.-PETERBURG,"Большая Московская улица, 2/1, Санкт-Петербург, Россия, 191002",59.92741,30.348109,-0.07511119581
366,1634,1942,17-1B POLITEKHNICHESKAYA  S.-PETERBURG,"Политехническая улица, 17к1, Санкт-Петербург, Россия, 194021",59.999035,30.366192,-0.03089042599
367,1635,1942,29A POLITEKHNICHESKAYA ST S.-PETERBURG,"Политехническая улица, 29А, Санкт-Петербург, Россия, 194064",60.006593,30.383457,-0.07653248174
368,1654,1942,45 KOSMONAVTOV AV.        S.-PETERBURG,"проспект Космонавтов, 45, Санкт-Петербург, Россия, 196233",59.851214,30.350148,-0.007565294526
369,1659,1942,69 BUKHARESTSKAYA STR.    SANKT-PETERB,"Бухарестская улица, 69, Санкт-Петербург, Россия, 192286",59.849754,30.397974,-0.02473971882
370,1673,1942,16 RIZHSKIY AV.           PSKOV,"Рижский проспект, 16, Псков, Россия, 180007",57.817606,28.315545,-0.05233747244
371,1911,3185.5,"Lenina ul., 204           Bogorodsk   ","улица Ленина, 204, Богородск, Нижегородская область, Россия, 607600",56.103251,43.513162,-0.1233928218
372,1927,3185.5,"Lenina pl., 5             Kstovo      ","площадь Ленина, 5, Кстово, Нижегородская область, Россия, 607657",56.151612,44.208718,-0.08863765569
373,2048,3185.5,"OBRUCHEVA, 27             MOSKVA      ","улица Обручева, 27к1, Москва, Россия, 117630",55.656859,37.536068,-0.1198933479
374,2058,3185.5,"LENINA, 217               TOMSK       ","проспект Ленина, 217, Томск, Россия, 634009",56.51226,84.943211,-0.07076842775
375,2060,3185.5,"KOMSOMOLSKIJ, 75          TOMSK       ","Комсомольский проспект, 75, Томск, Россия, 634050",56.468438,84.980994,-0.1072388102
376,2068,3185.5,"GAGARINA, 27              TOMSK       ","улица Гагарина, 27, Томск, Россия, 634050",56.479938,84.95108,-0.004544490183
377,2082,3185.5,"KURCHATOVA, 1             SEVERSK     ","улица Курчатова, 1, Северск, Томская область, Россия, 636037",56.589641,84.902095,-0.08512316034
378,2093,3185.5,"AK.KOROLEVA,12            MOSKVA      ","улица Академика Королёва, 12, Москва, Россия, 127427",55.822883,37.606281,0.07469588683
379,2094,3185.5,"AK.KOROLEVA,12            MOSKVA      ","улица Академика Королёва, 12, Москва, Россия, 127427",55.822883,37.606281,0.003503468026
380,2096,3185.5,DRUJBY 11                 ORENBURG,"улица Дружбы, 11, Оренбург, Россия, 460052",51.834464,55.147656,-0.1000725369
381,2106,3185.5,KARAGANDINSKAJA 92        ORENBURG,"Карагандинская улица, 92, Оренбург, Россия, 460036",51.785485,55.156055,-0.07545528159
382,2107,3185.5,"KOROSTELEVYH, 53          ORENBURG    ","проспект Братьев Коростелевых, 53, Оренбург, Россия, 460004",51.793351,55.070042,-0.08578752633
383,2111,3185.5,"CHKALOVA, 53-1            ORENBURG    ","улица Чкалова, 53/1, Оренбург, Россия, 460001",51.770846,55.138646,-0.1430756275
384,2113,3185.5,SHARLYKSKOE SH.1          ORENBURG,"Шарлыкское шоссе, 1, Оренбург, Россия",51.841887,55.118668,-0.03175188964
385,2130,3185.5,"UL. LENINA, 156           MIHAJLOVSK  ","улица Ленина, 156, Михайловск, Шпаковский район, Ставропольский край, Россия, 356240",45.137164,42.009993,0.03147265211
386,2138,3185.5,UFA KUVYKINA 18           UFA,"улица Степана Кувыкина, 18, Уфа, Республика Башкортостан, Россия, 450092",54.707686,55.99978,-0.1048994659
387,2153,3185.5,B.HMELNICKOGO 16          NOVOSIBIRSK,"улица Богдана Хмельницкого, 16, Новосибирск, Россия, 630075",55.069303,82.942232,-0.1435239362
388,2160,3185.5,"UL. NARYMSKAJA, 102       NOVOSIBIRSK ","Нарымская улица, 102, Новосибирск, Россия, 630049",55.051556,82.9002,0.01048428786
389,2162,3185.5,"PR. ENERGETIKOV, 8        NOVOSIBIRSK ","проезд Энергетиков, 8, Новосибирск, Россия, 630108",55.011293,82.874364,-0.0641950521
390,2166,3185.5,"PL.TRUDA, 1               NOVOSIBIRSK ","площадь Труда, 1, Новосибирск, Россия, 630108",54.99554,82.868453,-0.07174258087
391,2179,3185.5,"Gasheka, 8                OMSK        ","улица Ярослава Гашека, 8, микрорайон Московка-2, Омск, Россия",54.90894,73.451576,-0.04000620303
392,2182,3185.5,10 LET OKTYABRA 182       OMSK,"улица 10 лет Октября, 182, Омск, Россия, 644031",54.989254,73.461017,-0.0007665437144
393,2184,3185.5,"NEFTEZAVODSKAJA,53        OMSK        ","Нефтезаводская улица, 53, Омск, Россия, 644065",55.058275,73.250703,-0.124396584
394,2186,3185.5,"6-STANCIONNAYA, 2-2       OMSK        ","6-й Станционный переулок, 2, микрорайон Московка, Омск, Россия, 644120",54.92331,73.473216,-0.1114010602
395,2189,3185.5,"ZHUKOVA, 74/2             OMSK        ","улица Маршала Жукова, 74к2, Омск, Россия, 644010",54.974437,73.388128,-0.121367928
396,2193,3185.5,"BARHATOVOI, 2             OMSK        ","улица Бархатовой, 2, микрорайон Заозёрный, Омск, Россия, 644110",55.048611,73.325829,-0.001531947457
397,2200,3185.5,"VOKZALNAYA, 22            OMSK        ","Вокзальная улица, 22, Привокзальный микрорайон, Омск, Россия, 644005",54.940644,73.39526,-0.05441728934
398,2206,3185.5,"PR. MARKSA, 29A           OMSK        ","проспект Карла Маркса, 29А, Омск, Россия, 644010",54.974194,73.382801,-0.04396178944
399,2211,3185.5,70 LET OKTJABRJA 15       OMSK,"улица 70 лет Октября, 15, Омск, Россия, 644074",54.982084,73.319047,0.03543043382
400,2217,3185.5,"ROSTOVKA, 23              OMSK        ","посёлок Ростовка, 23, Омский район, Омская область, Россия",55.017865,73.581427,-0.07648067809
401,2223,3185.5,"KRASNYJ PUT, 32           OMSK        ","улица Красный Путь, 32, Омск, Россия, 644122",55.001437,73.352393,0.03537364649
402,2227,3185.5,NIKOLAEVA 15              KRASNOJARSK,"улица Николаева, 15, микрорайон Зелёная Роща, Советский район, Красноярск, Россия",56.055367,92.965688,0.06308008424
403,2229,3185.5,VESNY 1                   KRASNOJARSK,"улица Весны, 1, микрорайон Взлётка, Советский район, Красноярск, Россия",56.034466,92.907836,-0.02070886678
404,2233,3185.5,MOSKOVSK. 70 KANSK        KANSK,"Московская улица, 70, Канск, Красноярский край, Россия, 663600",56.204118,95.704633,0.0379053968
405,2236,3185.5,SOLNECHNAJA 1 IK7         ELITA,"Солнечная улица, 3, Москва, Россия, 115516",55.622278,37.666189,-0.1450012315
406,2249,3185.5,"UL. CSHORSA, 80           KRASNOJARSK ","улица Щорса, 80, Красноярск, Россия, 660122",55.988575,92.939053,0.01462576675
407,2254,3185.5,MASHINOSTROITELEJ 6       DIVNOGORSK,"улица Машиностроителей, 6, Дивногорск, Красноярский край, Россия, 663090",55.956708,92.367993,0.0002684422722
408,2255,3185.5,METALLURGOV 34            KRASNOJARSK,"проспект Металлургов, 34, Красноярск, Россия, 660005",56.046846,92.946805,0.01171542647
409,2267,3185.5,DZERZHINSKOGO 26          KRASNOJARSK,"улица Дзержинского, 26, Красноярск, Россия, 660017",56.013361,92.856731,-0.03554081794
410,2270,3185.5,CHEHOVA 122 ABAKAN        ABAKAN,"улица Чехова, 122А, Абакан, Республика Хакасия, Россия, 655017",53.72836,91.435794,0.05417962894
411,2275,3185.5,"259V, BAYKALSKAYA         IRKUTSK     ","Байкальская улица, 259, Иркутск, Россия, 664050",52.257213,104.355265,-0.1331484612
412,2283,3185.5,"5, SEROVA ST.             KJAHTA      ","улица Серова, 13, город Кяхта, Республика Бурятия, Россия",50.352064,106.445897,-0.1450012315
413,2284,3185.5,"12, KVARTAL 192           ANGARSK     ","258-й квартал, 192, Ангарск, Иркутская область, Россия",52.510631,103.885294,-0.0700495878
414,2286,3185.5,"28A, LENINA ST.           GUSINOOZERSK","улица Ленина, 28А, Гусиноозёрск, Селенгинский район, Республика Бурятия, Россия, 671160",51.287683,106.534443,0.06121346862
415,2305,3185.5,UL.VOEVODINA 24           SAMARA,"улица Воеводина, 24, Самара, Россия, 443109",53.235532,50.29882,-0.05922923825
416,2308,3185.5,"STARA ZAGORA,167G,1       SAMARA      ","улица Стара Загора, 167, Самара, Россия, 443087",53.242387,50.230233,-0.07402811775
417,2315,3185.5,"NOVO-SADOVAJA,D.106       SAMARA      ","Ново-Садовая улица, 106, Самара, Россия, 443068",53.217187,50.148972,-0.06781028301
418,2321,3185.5,POBEDY 26                 NOVOKUJBYSHE,"проспект Победы, 26, Новокуйбышевск, Самарская область, Россия, 446204",53.095241,49.97098,-0.08390285191
419,2327,3185.5,"UL. A.NEVSKOGO, 53        KALININGRAD ","улица Александра Невского, 53, Калининград, Россия",54.731789,20.530879,0.06575351284
420,2333,3185.5,"UL.DZERZHINSKOGO,71       YAKUTSK     ","улица Дзержинского, 71, Якутск, Республика Саха (Якутия), Россия",62.062115,129.739787,0.02081828187
421,2335,3185.5,"UL. B. CHIZHIKA, 3        JAKUTSK     ","улица Богдана Чижика, 3, Якутск, Республика Саха (Якутия), Россия, 677000",62.044382,129.756388,-0.04336074254
422,2339,3185.5,"UL. KALVICA, 14-5         YAKUTSK     ","улица Кальвица, 14/5, Якутск, Республика Саха (Якутия), Россия, 677009",62.049759,129.7463,0.07537942433
423,2348,3185.5,"UL. KURASHOVA, 28         YAKUTSK     ","улица Курашова, 28, Якутск, Республика Саха (Якутия), Россия, 677000",62.032993,129.736903,-0.06131522402
424,2357,3185.5,"UL. LENINA, 6             NERUNGRI    ","улица Ленина, 6, Советский территориальный округ, муниципальное образование Город Тула, Тульская область, Россия",54.200475,37.607691,0.02812289258
425,2358,3185.5,"UL. LENINA, 6             NERUNGRI    ","улица Ленина, 6, Советский территориальный округ, муниципальное образование Город Тула, Тульская область, Россия",54.200475,37.607691,0.06931806202
426,2372,3185.5,"KARLA MARKSA, 144G        HABAROVSK   ","улица Карла Маркса, 144, Хабаровск, Россия, 680031",48.504406,135.112314,-0.1050784905
427,2382,3185.5,LENINA 77                 SVOBODNYJ,"улица Ленина, 77, Свободный, Амурская область, Россия, 676456",51.38363,128.13209,-0.09151444791
428,2388,3185.5,"KLUBNAYA, 23              FOKINO      ","Клубная улица, 23, Фокино, Приморский край, Россия, 692880",42.97496,132.408924,-0.04638552481
429,2410,3185.5,"PR. POBEDY, D.67A         PETROPAVLOVS","проспект Победы, 67, Петропавловск-Камчатский, Камчатский край, Россия, 683902",53.072021,158.587323,-0.003877507768
430,2413,3185.5,"PROLETARSKAYA, D.3        USSURIJSK   ","Пролетарская улица, 3, Уссурийск, Приморский край, Россия, 692512",43.801222,131.936464,-0.050143576
431,2416,3185.5,"UL.SHILKINSKAYA, 42       VLADIVOSTOK ","Шилкинская улица, 38, Владивосток, Приморский край, Россия, 690066",43.118596,131.932035,0.02085503938
432,2417,3185.5,"UL.NEKRASOVA, 115A        USSURIJSK   ","улица Некрасова, 115А, Уссурийск, Приморский край, Россия, 692525",43.804267,131.949319,-0.02558628614
433,2423,3185.5,"KORABELNAYA NAB,D.4       VLADIVOSTOK ","улица Корабельная Набережная, 4, Владивосток, Приморский край, Россия",43.113937,131.889842,-0.08452755761
434,2425,3185.5,KRASNOZNAMENNAY 224       USSURIJSK,"Краснознамённая улица, 224, Уссурийск, Приморский край, Россия",43.813082,131.953748,-0.03879691816
435,2449,3185.5,"PR-T MIRA, D.255          U-SAHALINSK ","проспект Мира, 255, Южно-Сахалинск, Сахалинская область, Россия, 693013",46.934086,142.74626,-0.1194660859
436,2450,3185.5,"UKRAINSKAYA, 78           U-SAHALINSK ","Украинская улица, 78, Южно-Сахалинск, Сахалинская область, Россия",46.984224,142.720191,-0.09683584391
437,2463,3185.5,"VAHITOVA UL., 12          LENINOGORSK ","улица Вахитова, 12, Лениногорск, Республика Татарстан, Россия, 423258",54.594099,52.448201,-0.07599622617
438,2477,3185.5,60 LET OKTYABRYA-1        BELGOROD,"СНТ 60 лет Октября, 60, Старый Оскол, Белгородская область, Россия",51.285909,37.851161,-0.05313828745
439,2484,3185.5,ENISEJSKAJA D19           MOSKVA,"19-й микрорайон, Мытищи, Московская область, Россия",55.900824,37.699948,-0.00911279832
440,2491,3185.5,PRESNENSKAJA              MOSKVA,,,,0.006006035748
441,2494,3185.5,"PROFSOJUZNAJA,142         MOSKVA      ","Профсоюзная улица, 142, Москва, Россия, 117321",55.626213,37.510161,-0.01848918549
442,2495,3185.5,ORSHANSKAJA D5            MOSKVA,"Оршанская улица, 5, Москва, Россия, 121552",55.740563,37.408382,0.01936905003
443,2539,3185.5,"HOROSHEVSKOE SH,V38       MOSKVA      ","Хорошёвское шоссе, 38, Москва, Россия, 123007",55.776502,37.53711,0.01673073999
444,2540,3185.5,"HOROSHEVSKOE SH,V38       MOSKVA      ","Хорошёвское шоссе, 38, Москва, Россия, 123007",55.776502,37.53711,0.02759219026
445,2541,3185.5,"HOROSHEVSKOE SH,V38       MOSKVA      ","Хорошёвское шоссе, 38, Москва, Россия, 123007",55.776502,37.53711,-0.06008385876
446,2542,3185.5,"HOROSHEVSKOE SH,V38       MOSKVA      ","Хорошёвское шоссе, 38, Москва, Россия, 123007",55.776502,37.53711,-0.08207247652
447,2543,3185.5,"HOROSHEVSKOE SH,V38       MOSKVA      ","Хорошёвское шоссе, 38, Москва, Россия, 123007",55.776502,37.53711,0.001082806008
448,2544,3185.5,"HOROSHEVSKOE SH,V38       MOSKVA      ","Хорошёвское шоссе, 38, Москва, Россия, 123007",55.776502,37.53711,0.04158931372
449,2545,3185.5,"HOROSHEVSKOE SH,V38       MOSKVA      ","Хорошёвское шоссе, 38, Москва, Россия, 123007",55.776502,37.53711,0.06213923374
450,2555,3185.5,"NOSOVIHINSKOE SH,45       REUTOV      ","Носовихинское шоссе, 45, Реутов, Московская область, Россия, 143969",55.752283,37.887247,-0.03225442574
451,2557,3185.5,"KOMSOMOLSKAJA P.,2        MOSKVA      ",,,,-0.07191304978
452,2563,3185.5,"SORMOVSKIJ PR.,VL.9       MOSKVA      ","Сормовский проезд, 9, Москва, Россия, 109444",55.70772,37.80002,0.0217938958
453,2584,3185.5,"CHERVISHEVSKIJ, 23        TJUMEN      ","Червишевский тракт, 23, Тюмень, Россия",57.126236,65.523063,-0.08484274324
454,2586,3185.5,A. LOGUNOVA D.5A          TJUMEN,"улица Александра Логунова, 5А, Тюмень, Россия, 625016",57.120011,65.57389,-0.08251244619
455,2603,3185.5,RESPUBLIKI D.86 K1        TJUMEN,"улица Республики, 86к1, Тюмень, Россия, 625048",57.146261,65.552653,-0.06430968971
456,2611,3185.5,"TUL.KRASNOARM,PR,11       TULA        ","садовое товарищество Грибники, Венёвский район, Тульская область, Россия",54.606403,38.225867,-0.08872928508
457,2612,3185.5,"TUL.OKTJABRSKAJA,48       TULA        ","Октябрьская улица, 48, Тула, Россия, 300002",54.212282,37.621606,-0.1169736092
458,2618,3185.5,LETCH. PILJUTOVA 11       SANKT-PETERB,"улица Лётчика Пилютова, 11к1, Санкт-Петербург, Россия, 198206",59.840741,30.139196,-0.0792779953
459,2619,3185.5,"BUHARESTSKAJA, 89         SANKT-PETERB","Бухарестская улица, 89, Санкт-Петербург, Россия, 192283",59.833063,30.414126,-0.1272541929
460,2622,3185.5,"TOSNO, SOVETSKAJA 8       TOSNO       ","Советская улица, 8, Тосно, Тосненское городское поселение, Ленинградская область, Россия, 187000",59.541767,30.880729,-0.0056967448
461,2628,3185.5,PR-KT LENINA  D. 25       BALASHIHA,"проспект Ленина, 25, Балашиха, Московская область, Россия, 143900",55.79766,37.939133,-0.03873668312
462,2634,3185.5,"K. POBEDY, 62             KOLPASHEVO  ","улица Победы, 62, Колпашево, Томская область, Россия, 636462",58.32494,82.891701,-0.0847698386
463,2653,3185.5,"PR-T LENINA, 46           VLADIMIR    ","проспект Ленина, 46, Владимир, Россия, 600022",56.118641,40.352062,-0.04403393915
464,2670,3185.5,"UL. LENINSKAJA, 54        PETROPAVLOVS","Ленинская улица, 54, Петропавловск-Камчатский, Камчатский край, Россия",53.01953,158.647842,-0.06769643168
465,2674,3185.5,"UL. KIROVA, D.19          ARTEM       ","улица Кирова, 19, Артём, Приморский край, Россия",43.356278,132.184022,-0.08524555336
466,2680,3185.5,CHB L.KOMSOMOLA 21A       CHEBOKSARY,"улица Ленинского Комсомола, 21А, Чебоксары, Чувашская Республика, Россия, 428020",56.107584,47.280948,-0.03824735409
467,2692,3185.5,"UL.TUHACHEVSKOGO,17       STAVROPOL   ","улица Тухачевского, 17, Ставрополь, Россия, 355040",45.016015,41.912481,-0.071262594
468,2693,3185.5,"TUHACHEVSKOGO,14,K2       STAVROPOL   ","улица Тухачевского, 14/2, Ставрополь, Россия, 355040",45.012427,41.918427,-0.06916027116
469,2698,3185.5,ST.M.KRASNYJ PROSPE       NOVOSIBIRSK,"метро Красный проспект, Ленинская линия, Новосибирск, Россия",55.041168,82.917429,-0.04506033731
470,2702,3185.5,"UL.BALTIJSKAJA,29         NOVOSIBIRSK ","Балтийская улица, 29, микрорайон Шлюз, Советский район, Новосибирск, Россия, 630058",54.854942,83.050658,-0.1041718322
471,2706,3185.5,"UL.MALAHOVA,62            BARNAUL     ","улица Малахова, 62, Барнаул, Алтайский край, Россия, 656055",53.366218,83.703743,-0.06867219533
472,2712,3185.5,"UL.OSTROVSKOGO, 34B       BARNAUL     ","улица Островского, 34/202, Барнаул, Алтайский край, Россия, 656066",53.370785,83.689675,-0.07888067833
473,2732,3185.5,"UL.VLASIHINSKAJA,65       BARNAUL     ","Власихинская улица, 65, Барнаул, Алтайский край, Россия, 656006",53.326218,83.690492,-0.05195133362
474,2744,3185.5,"ZAOZERNAIA, 11-1          OMSK        ","Заозёрная улица, 11/1, Омск, Россия, 644090",55.046594,73.316505,-0.01226540445
475,2746,3185.5,"KR.G. ROSSIJSKAJA,6       OMSK        ",,,,-0.122658779
476,2748,3185.5,"HIMIKOV, 30               OMSK        ","улица Химиков, 30, микрорайон Городок Нефтяников, Омск, Россия, 644100",55.043123,73.295727,-0.003051823088
477,2749,3185.5,"KOSMICHESKIJ, 24A         OMSK        ","Космический проспект, 24А, посёлок Чкаловский, Омск, Россия",54.973889,73.456292,-0.1303651082
478,2778,3185.5,ALEKSEEVA 17              KRASNOJARSK,"улица Алексеева, 17, Красноярск, Россия, 660098",56.053663,92.919146,0.01471392057
479,2785,3185.5,MOLOKOVA 17               KRASNOJARSK,"улица Молокова, 17, Красноярск, Россия, 660135",56.039293,92.9025,0.04523224003
480,2786,3185.5,"9 PJATILETKI, 28          SOSNOVOBORSK","улица 9 Пятилетки, 28, Сосновоборск, Красноярский край, Россия, 662501",56.122359,93.32929,-0.05286120488
481,2787,3185.5,UL. TOLSTOGO 69           KRASNOJARSK,"улица Толстого, 69, Красноярск, Россия, 660028",56.021055,92.809866,-0.1432992995
482,2795,3185.5,LENINA 160                KRASNOJARSK,"улица Ленина, 160, Красноярск, Россия, 660021",56.011973,92.838082,-0.1050605603
483,2817,3185.5,"UL.LAZURNAJA, 4-3         NOVOSIBIRSK ","Лазурная улица, 4/3, Новосибирск, Россия, 630133",55.033754,83.009318,-0.1032287403
484,2818,3185.5,"PR.STROITELEJ, 16         BARNAUL     ","проспект Строителей, 16, Барнаул, Алтайский край, Россия, 656015",53.352004,83.76357,-0.0567287138
485,2820,3185.5,"TJULENINA,9               NOVOSIBIRSK ","улица Тюленина, 9, микрорайон Родники, Калининский район, Новосибирск, Россия",55.10892,82.950218,-0.06398282088
486,2822,3185.5,"PR.ENERGETIKOV,9          NOVOSIBIRSK ","проезд Энергетиков, 9, Новосибирск, Россия, 630108",55.009094,82.877427,-0.03197170343
487,2823,3185.5,"UL.KIROVA,25              NOVOSIBIRSK ","улица Кирова, 25, Новосибирск, Россия, 630102",55.018283,82.942205,0.01595899043
488,2829,3185.5,"UL. FRUNZE, 238           NOVOSIBIRSK ","улица Фрунзе, 238, Новосибирск, Россия, 630112",55.03897,82.960728,-0.1046320777
489,2836,3185.5,"UL.JARINSKAJA,18          NOVOSIBIRSK ","Яринская улица, 12, Новосибирск, Россия, 630029",55.020987,82.88385,-0.1303068551
490,2839,3185.5,KRAS.RAB 42               KRASNOJARSK,"проспект имени Газеты Красноярский Рабочий, 42, Красноярск, Россия, 660014",56.016642,92.985855,0.01935918611
491,2840,3185.5,MOLOKOVA 17               KRASNOJARSK,"улица Молокова, 17, Красноярск, Россия, 660135",56.039293,92.9025,0.03691258161
492,8383,5478,"D. 63B, UL. SMOL'NAYA     MOSKVA G    ","Смольная улица, 63Б, Москва, Россия, 125445",55.870112,37.469808,-0.05272977716
493,8387,5478,"D. 2A, UL. MAKOVSKOGO     ODINTSOVO G ","улица Маковского, 2А, Одинцово, Московская область, Россия, 143006",55.670732,37.280956,-0.008778708435
494,8392,5478,"D. 1, UL. BATAREINAYA     VYBORG G    ","Батарейная улица, 1, Выборг, Ленинградская область, Россия, 188810",60.705904,28.767801,-0.0948533891
495,8393,5478,"D. 3, UL. KARLA MARKSA    IVANOVO G   ","улица Карла Маркса, 3, Иваново, Россия, 153002",57.016865,40.973633,0.01275973995
496,8396,5478,"D. 9, UL. VIZIROVA        NOVOCHERKASS","улица Визирова, 9/2, Новочеркасск, Ростовская область, Россия, 346406",47.484707,40.061727,-0.05783531659
497,8412,5478,"D. 12, SOOR. 1, LIT. A, P SANKT-PETERB","А-181 Скандинавия, 132-й километр, Выборгский район, Ленинградская область, Россия",60.667633,28.913885,-0.02508209939
498,8413,5478,PL. KOMENDANTSKAYA        SANKT-PETERB,,,,-0.0373994933
499,8418,5478,"D. 16, UL. BAUMANA        YOSHKAR-OLA ","улица Баумана, 16, Йошкар-Ола, Республика Марий Эл, Россия, 424019",56.64108,47.84341,-0.05144623139
500,8420,5478,"D. 27 V, UL. OKRUZHNAYA   PENZA G     ","Окружная улица, 27, Пенза, Россия, 440031",53.161398,44.979024,-0.05661898229
501,8421,5478,"D. 41, UL. MIRA           PENZA G     ","улица Мира, 41, Пенза, Россия",53.188433,44.970049,0.03869055332
502,8422,5478,"D. 162 B, UL. LADOZHSKAYA PENZA G     ","Ладожская улица, 162, Пенза, Россия, 440064",53.221144,44.877361,-0.03654116181
503,8423,5478,"D. 248, UL. PROLETARSKAYA RUBTSOVSK G ","Пролетарская улица, 248, Рубцовск, Алтайский край, Россия, 658223",51.504391,81.218922,-0.06897166316
504,8425,5478,"D. 1, UL. DEPOVSKAYA      CHITA G     ","Деповская улица, 2, Чита, Забайкальский край, Россия, 672014",52.033735,113.464721,-0.1031249988
505,8433,5478,"3/1, UL. TURKMENSKAYA     BIYSK G     ","3-й микрорайон, 1, Московский, Москва, Россия",55.596905,37.344538,-0.05062668553
506,8436,5478,"D. 23, KORP. 1, UL. MATRO BIYSK G     ",,,,-0.1372401416
507,8439,5478,"D. 40, UL. UBILEINAYA     TOLYATTI G  ","Юбилейная улица, 40, Тольятти, Самарская область, Россия, 445037",53.501019,49.273231,-0.02560187725
508,8448,5478,"D. 60A, UL. MOSKOVSKAYA   DIMITROVGRAD","Московская улица, 60А, Димитровград, Ульяновская область, Россия, 433513",54.211229,49.598718,-0.08021517471
509,8449,5478,"D. 85 A, UL. BELANOVA     KALININGRAD ","улица Беланова, 85А, микрорайон Чкаловск, Калининград, Россия",54.772639,20.446985,-0.08508649845
510,8454,5478,"D. 13, LIT. A, UL. IZHORS KOLPINO G   ","деревня Колпино, Краснохолмский район, Тверская область, Россия",58.104241,37.012261,-0.1065148456
511,8458,5478,"D. 1, UL. ZAVODSKAYA      ATAMANOVKA P","Заводская улица, 3, посёлок городского типа Атамановка, Читинский район, Забайкальский край, Россия, 672530",51.917638,113.653439,-0.03172118962
512,8461,5478,"D. 25, UL. GROMOVOI       TOLYATTI G  ","улица Громовой, 25, Тольятти, Самарская область, Россия, 445045",53.488189,49.476538,-0.02263188389
513,8472,5478,"D. 7, UL. SUHE-BATORA     BARNAUL G   ","улица Сухэ-Батора, 7, Барнаул, Алтайский край, Россия, 656066",53.350553,83.692702,-0.07075914878
514,4725,5478,"D. 72, UL. REVOLUCIONNAYA TOLYATTI G  ","Революционная улица, 72, Тольятти, Самарская область, Россия, 445028",53.510048,49.270401,-0.06912429313
515,4728,5478,"D. 56, UL. FRUNZE         NIZHNIY TAGI","улица Фрунзе, 56, Нижний Тагил, Свердловская область, Россия, 622002",57.922688,59.940447,-0.1329337054
516,4731,5478,"D. 16V, PR-KT KALININA    BARNAUL G   ","проспект Калинина, 16, Барнаул, Алтайский край, Россия, 656002",53.361205,83.771278,-0.02896734596
517,4734,5478,"D. 118, UL. URINA         BARNAUL G   ","улица Юрина, 118, Барнаул, Алтайский край, Россия, 656053",53.360625,83.733989,-0.05105073111
518,4735,5478,"D. 22, UL. PANFILOVCEV    BARNAUL G   ","улица Панфиловцев, 22, Барнаул, Алтайский край, Россия, 656057",53.345489,83.674224,-0.01133231413
519,4737,5478,"D. 109, UL. 1 MAYA        PAVLOVSKIY P","улица 1 Мая, село Павловская Слобода, городской округ Истра, Московская область, Россия",55.820147,37.084,-0.07074987147
520,4742,5478,"D. 81/1, UL. LERMONTOVA   IRKUTSK G   ","улица Лермонтова, 81/1, Иркутск, Россия, 664074",52.264737,104.259765,-0.05785703847
521,4755,5478,"D. 22, UL. KIROVA         KHOR RP     ","улица Кирова, 22, рабочий посёлок Хор, район им. Лазо, Хабаровский край, Россия",47.886051,134.963643,-0.01868338661
522,4758,5478,"D. 4, SH. UZHNOE          TOLYATTI G  ","Южное шоссе, 4, Тольятти, Самарская область, Россия, 445004",53.549109,49.360017,-0.00851690226
523,4813,5478,"D. 33, UL. SVETLAYA       UTASH P     ","Светлая улица, поселок Уташ, городской округ Анапа, Краснодарский край, Россия",45.090152,37.311561,-0.1437118765
524,4814,5478,"D. 6, UL. KOMMUNISTICHESK KRASNOUSOLSK","Коммунистическая улица, 6, посёлок Липки, район Южное Бутово, Юго-Западный административный округ, Москва, Россия, 117623",55.506072,37.580777,-0.07124386084
525,4816,5478,"D. 9A, UL. 8 MARTA        OKTYABRSKIY ","улица 8 Марта, 8А, Октябрьский, Республика Башкортостан, Россия",54.505095,53.515786,-0.1100223508
526,4827,5478,"D. 148, UL. KIROVA        ARTEM G     ","улица Кирова, 148, Артём, Приморский край, Россия, 692751",43.377283,132.237831,0.02619371852
527,4828,5478,"D. 9, UL. BERINGA         TOMSK G     ","улица Беринга, 9, Томск, Россия, 634063",56.517137,85.035738,-0.02550061837
528,4830,5478,"D. 17, UL. NOVOURAL'SKAYA NOVOSIBIRSK ","Новоуральская улица, 17, микрорайон Пашино, Калининский район, Новосибирск, Россия, 630900",55.176249,82.96186,0.05009231465
529,4837,5478,"D. 106, UL. POPOVA        SMOLENSK G  ","улица Попова, 106, Смоленск, Россия, 214036",54.758454,32.110792,-0.02163620594
530,4850,5478,"D. 15A, UL. MORISA TOREZA NOVOKUZNETSK","улица Тореза, 15А, Новокузнецк, Кемеровская область, Россия, 654038",53.836801,87.179163,-0.04827281574
531,4852,5478,"D. 30, UL. KIROVA         YAKUTSK G   ","улица Кирова, 30, Якутск, Республика Саха (Якутия), Россия, 677027",62.03274,129.720877,0.05271521203
532,4863,5478,"D. 4, UL. YALAGINA        ELEKTROSTAL ","улица Ялагина, 4, Электросталь, Московская область, Россия, 144010",55.770644,38.433934,-0.01738220647
533,4869,5478,"D. 1, UL. SPORTIVNAYA     SELYATINO RP","Спортивная улица, 1, рабочий посёлок Селятино, Наро-Фоминский городской округ, Московская область, Россия, 143345",55.519626,36.98682,0.02765812359
534,4871,5478,UL. GOGOLYA               NOVOSIBIRSK,,,,-0.05702365445
535,4878,5478,"D. 76A, UL. KLUCHEVSKAYA  ULAN-UDE G  ","Ключевская улица, 76А, Улан-Удэ, Республика Бурятия, Россия, 670013",51.82032,107.658478,0.0238460346
536,4883,5478,"D. 171, UL. MOSKOVSKAYA   KIROV G     ","Московская улица, 171, Киров, Россия, 610048",58.602761,49.5972,-0.06848090285
537,4884,5478,"D. 38, UL. HRUSTAL'NAYA   ULYANOVSK G ","Хрустальная улица, 38, Ульяновск, Россия, 432044",54.258569,48.33371,-0.08701531092
538,4886,5478,"D. 12, UL. TRUDA          DOMNA S     ","улица Труда, 12, село Домна, Читинский район, Забайкальский край, Россия",51.898425,113.158611,0.01253343052
539,4893,5478,"D. 3A, PROEZD KOSMICHESKI PETROPAVLOVS","Жуков проезд, 3с2, Москва, Россия, 115054",55.723496,37.637416,0.04227041868
540,4898,5478,"D. 8A, UL. KUZNECOVA      CHELYABINSK ","улица Кузнецова, 8А, Челябинск, Россия, 454028",55.115023,61.349212,-0.1027635225
541,4900,5478,"D. 14, UL. DEREVENSKAYA   VLADIVOSTOK ","Деревенская улица, 14, Владивосток, Приморский край, Россия",43.13548,131.928864,-0.01406445328
542,4907,5478,"D. 41, UL. BELYAEVSKAYA   ORENBURG G  ","Беляевская улица, 41, Оренбург, Россия, 460045",51.719254,55.131927,-0.1139956497
543,4908,5478,"D. 13, UL. UZHNYI OBHOD   STAVROPOL G ","улица Южный Обход, 13, Ставрополь, Россия, 355021",44.989687,41.935208,-0.07743166604
544,4909,5478,"D. 73, UL. ROZY LUKSEMBUR TOMSK G     ","улица Розы Люксембург, 73, Томск, Россия, 634009",56.501471,84.9517,-0.03100273803
545,4912,5478,"D. 14, UL. MIHEENKO       KHOTKOVO G  ","улица Михеенко, 12, Хотьково, Сергиево-Посадский район, Московская область, Россия, 141371",56.251352,37.979001,-0.03399750934
546,4913,5478,"D. 7A, UL. PIONERSKAYA    POLETAEVO P ","Пионерская улица, 7А, посёлок Полетаево, Сосновский район, Челябинская область, Россия, 456520",55.038129,61.11582,-0.1102199163
547,4928,5478,"D. 58, UL. USPENSKOGO     VLADIVOSTOK ","улица Успенского, 58, Владивосток, Приморский край, Россия, 690024",43.236473,132.012228,-0.03236084357
548,4929,5478,"D. 37A, SH. OKRUZHNOE     ELABUGA G   ","Окружное шоссе, 37А, Елабуга, муниципальное образование город Елабуга, Республика Татарстан, Россия, 423606",55.777089,52.009535,-0.08715494788
549,4933,5478,"D. 2, PER. SADOVYI        PETROPAVLOVS","Садовый переулок, 2, Петропавловск-Камчатский, Камчатский край, Россия, 683013",52.980532,158.680451,0.0150846875
550,4934,5478,"D. 48A, TRAKT SARMANOVSKI NABEREZHNYE ","Сармановский тракт, 48А, Набережные Челны, Республика Татарстан, Россия, 423803",55.694637,52.337582,-0.0606920783
551,4937,5478,"D. 42, UL. REVOLUCII 1905 ULAN-UDE G  ","улица Революции 1905 года, 23, Улан-Удэ, Республика Бурятия, Россия, 670034",51.837714,107.5892,-0.1043130135
552,4946,5478,"D. 78, UL. LENINA         OREKHOVO-ZUE","улица Ленина, 78, Орехово-Зуево, Московская область, Россия, 142600",55.807992,38.987386,0.003510155437
553,4951,5478,"D. 55, PR-KT LENINA       BARNAUL G   ","проспект Ленина, 55, Барнаул, Алтайский край, Россия, 656049",53.345607,83.778249,0.03771620168
554,4958,5478,"D. 36, UL. KIROVA         ULYANOVSK G ","улица Кирова, 36, Ульяновск, Россия",54.294218,48.373416,-0.1450012315
555,4966,5478,"D. 3-31, UL. KRASNAYA     SAMARA G    ","Красная улица, 3, Самара, Россия",53.317182,50.29687,-0.0437128095
556,4979,5478,"D. 28, UL. GAGARINA       YAROSLAVL G ","улица Гагарина, 28, Ярославль, Россия, 150046",57.584217,39.838675,-0.03033247054
557,4982,5478,"D. 126, UL. BLUHERA       CHELYABINSK ","улица Блюхера, 126, Челябинск, Россия, 454087",55.108508,61.349472,0.02293609598
558,4983,5478,"D. 5B, B-R UNOSTI         BELGOROD G  ","бульвар Юности, 5, Белгород, Россия, 308036",50.560848,36.56825,-0.0305377894
559,4985,5478,"D. 4, UL. SHERBAKOVA      EKATERINBURG","улица Щербакова, 4, Екатеринбург, Свердловская область, Россия, 620023",56.788549,60.64902,-0.02328402789
560,4997,5478,"D. 2, UL. PIONERSKOI PRAV KRASNOYARSK ","улица имени Газеты Пионерская Правда, 2, Красноярск, Россия, 660122",55.991284,92.939295,0.0496392708
561,5001,5478,LIT. U                    ROSHCHINSKIY,"4-й Рощинский проезд, 8к2, Москва, Россия, 115191",55.70948,37.609002,-0.1219845372
562,5003,5478,"D. 13, UL. GAGARINA       SEVERODVINSK","улица Гагарина, 13, Северодвинск, Архангельская область, Россия, 164501",64.560036,39.815462,-0.0561963816
563,5006,5478,"D. 27, UL. GUBKINA        BELGOROD G  ","улица Губкина, 27, Белгород, Россия, 308036",50.565437,36.558836,-0.08346286902
564,5008,5478,"D. 9, UL. MANEVROVAYA     EKATERINBURG","Маневровая улица, 9, микрорайон Старая Сортировка, Железнодорожный район, Екатеринбург, Свердловская область, Россия, 620050",56.872698,60.515485,-0.07447957252
565,5009,5478,"D. 51, UL. SVOBODY        IVANOVO G   ","улица Свободы, 51, Иваново, Россия, 153045",57.015939,41.005425,-0.02461716379
566,5021,5478,"D. 91, PR-KT OBVODNYI KAN ARKHANGELSK ",,,,-0.06918727101
567,5023,5478,"D. 203, UL. TRUDA         CHELYABINSK ","улица Труда, 203, Челябинск, Россия, 454080",55.171051,61.355976,-0.01118727825
568,5025,5478,"D. 23D, UL. MALINOVSKOGO  ROSTOV-NA-DO","улица Малиновского, 23, Ростов-на-Дону, Россия, 344090",47.226686,39.612686,-0.004406775501
569,5034,5478,"D. 21, PR-KT OLIMPIISKII  MYTISHCHI G ","Олимпийский проспект, 21, Мытищи, Московская область, Россия, 141006",55.925102,37.754224,-0.09281594602
570,5042,5478,"160, UL. ORENBURGSKII TRA KAZAN G     ","Оренбургский тракт, 160, Казань, Республика Татарстан, Россия",55.725762,49.189535,-0.08372403222
571,5054,5478,"D. 62, KORP. 284, PR-KT V ROSTOV-NA-DO","Ворошиловский проспект, 62/284, Ростов-на-Дону, Россия",47.232946,39.714609,0.01016356489
572,5057,5478,"STR. 22, UL. PANFILOVA    VOLOKOLAMSK ","улица Панфилова, Волоколамск, Московская область, Россия",56.02931,35.960971,-0.04765593139
573,5060,5478,"D. 3, KV-L 5-I            SAMARA G    ","5-й квартал, 3, посёлок Красная Глинка, Красноглинский район, Самара, Россия",53.37424,50.182775,-0.02418289052
574,5066,5478,"D. 174, UL. RUBEZHNAYA    UFA G       ","Рубежная улица, 174, Уфа, Республика Башкортостан, Россия, 450018",54.674918,55.929056,-0.03539476236
575,5070,5478,"D. 55A, UL. AZINA         SARAPUL G   ","улица Азина, 55, Сарапул, Удмуртская Республика, Россия, 427974",56.467394,53.806983,-0.00404474272
576,5083,5478,"D. 33, UL. BURDENKO       NIZHNIY NOVG","улица Бурденко, 33, микрорайон Северный, Нижний Новгород, Россия, 603095",56.270066,43.892493,-0.05701652777
577,5087,5478,"D. 169, UL. KUIBYSHEVA    RASSKAZOVO G","улица Куйбышева, 169, Рассказово, Тамбовская область, Россия, 393250",52.664149,41.888729,-0.01718615493
578,5090,5478,"D. 17/11, UL. NEKRASOVA   PSKOV G     ","улица Некрасова, 17, Псков, Россия, 180000",57.814509,28.340069,-0.0944277793
579,5094,5478,"D. 8, UL. VOLZHSKAYA 2-YA KOSTROMA G  ","2-я Волжская улица, 8, Кострома, Россия, 156009",57.744211,40.976724,-0.1126303432
580,5098,5478,"D. 2, UL. LENINA          KRASNOGORSK ","улица Ленина, 2, Красногорск, Московская область, Россия",55.819454,37.320239,-0.004896926938
581,5099,5478,"D. 36, SH. VOTKINSKOE     IZHEVSK G   ","Воткинское шоссе, 36, Ижевск, Удмуртская Республика, Россия, 426039",56.885682,53.233077,-0.1153103359
582,5115,5478,"D. 29, LIT. A, UL. ODOEVS SANKT-PETERB","КАД, 29-й километр, внешнее кольцо, Санкт-Петербург, Россия",59.891773,29.667877,-0.02090797808
583,5120,5478,"D. 90, UL. MAKSIMA GOR'KO IZHEVSK G   ","улица Максима Горького, 90, Ижевск, Удмуртская Республика, Россия, 426008",56.847493,53.201124,-0.07170477454
584,5126,5478,"D. 8, KORP. 2, UL. SOSNOV KIROVO-CHEPE","Сосновая улица, 8к2, Кирово-Чепецк, Кировская область, Россия, 613047",58.538568,50.032299,-0.05481197775
585,5149,5478,"D. 1B, UL. SUHONSKAYA     VOLOGDA G   ","Сухонская улица, 1, Вологда, Россия, 160019",59.24391,39.907225,-0.07207456217
586,5160,5478,"D. 83, PR-KT POBEDY       PENZA G     ","проспект Победы, 83, Пенза, Россия, 440047",53.228277,44.940369,-0.02025307579
587,5169,5478,"D. 6, PR-KT UL'YANOVSKII  ULYANOVSK G ",,,,-0.01081030379
588,5170,5478,"D. 86, UL. VEDENEEVA      PERM G      ","улица Академика Веденеева, 86, Пермь, Россия, 614038",58.103704,56.385436,-0.02948558293
589,5172,5478,"D. 13, UL. REVOLUCII      PERM G      ","улица Революции, 13, Пермь, Россия",58.007599,56.261908,-0.01164447214
590,5176,5478,"D. 194, STR. 2, UL. SOVET TAMBOV G    ","СНТ Выбор, 194, село Немчиновка, Одинцовский район, Московская область, Россия",55.711874,37.360196,-0.009937317949
591,5180,5478,"D. 80G, UL. METALLURGOV   TULA G      ","улица Металлургов, 80, Тула, Россия, 300027",54.19347,37.685674,-0.1261406138
592,5184,5478,"D. 13A, UL. GOLUBYE DALI  SOCHI G     ","улица Голубые Дали, 13А, микрорайон Адлер, Сочи, Краснодарский край, Россия",43.451996,39.90639,0.002415438946
593,5204,5478,"D. 70/2, UL. SOVETSKAYA   RTISHCHEVO G","Советская улица, 70/2, Ртищево, Саратовская область, Россия, 412031",52.248916,43.771068,-0.01328624981
594,5209,5478,"D. 14, UL. KUZNECOVOI     MOLODEZHNYY ","посёлок Молодёжный, 14, городской округ Подольск, Московская область, Россия",55.32476,37.489589,-0.08240790643
595,5212,5478,"D. 154 V, PR-KT LENINA    RYBINSK G   ","проспект Ленина, 154, Рыбинск, Ярославская область, Россия, 152912",58.056455,38.806717,-0.09260381454
596,5224,5478,"D. 29, LIT. A, UL. ODOEVS SANKT-PETERB","КАД, 29-й километр, внешнее кольцо, Санкт-Петербург, Россия",59.891773,29.667877,-0.01947444576
597,5227,5478,"D. 70, PR-KT MORSKOI      SEVERODVINSK","Морской проспект, 70, Северодвинск, Архангельская область, Россия, 164523",64.535197,39.777733,-0.03067511973
598,5237,5478,"D. 2, PR-KT SEROVA        RYBINSK G   ","проспект Серова, 2, Рыбинск, Ярославская область, Россия, 152920",58.06125,38.775088,-0.04661845913
599,5249,5478,"D. 19, UL. KIROVA         ARTEM G     ","улица Кирова, 19, Артём, Приморский край, Россия",43.356278,132.184022,0.09300800934
600,5271,5478,"D. 76, SH. KINESHEMSKOE   KOSTROMA G  ","Кинешемское шоссе, 76, Кострома, Россия, 156016",57.739815,41.016779,-0.04647857355
601,5275,5478,"D. 66, UL. PROLETARSKAYA  MAGADAN G   ","Пролетарская улица, 66, Магадан, Россия, 685000",59.557059,150.824531,-0.04605538326
602,5284,5478,"D. 12, LIT. V, UL. FAVORS SANKT-PETERB",,,,-0.05078450796
603,5304,5478,"D. 1, UL. 50-I ARMII      BRYANSK G   ",,,,-0.0461536277
604,5305,5478,"D. 16A, UL. PUSHKINA      BRYANSK G   ","улица Пушкина, 16А, Брянск, Россия, 241022",53.267297,34.41215,0.00379025403
605,5306,5478,"D. 49B, UL. GAGARINA      IZHEVSK G   ","улица Гагарина, 49, Ижевск, Удмуртская Республика, Россия, 426049",56.794273,53.184164,-0.06748689628
606,5322,5478,"D. 28, SH. MATVEEVSKOE    KHABAROVSK G","Матвеевское шоссе, 28АлитБ, Хабаровск, Россия, 680031",48.524286,135.169088,-0.0796508457
607,5329,5478,"D. 27A, UL. MINSKAYA      KUZNETSK G  ","Минская улица, 27, Кузнецк, Пензенская область, Россия, 442537",53.108233,46.567488,-0.07183721692
608,5348,5478,"D. 1, STR. 78, UL. TELEVI KRASNOYARSK ","улица 78-й Добровольческой Бригады, 1, Красноярск, Россия",56.037413,92.917646,-0.001571251766
609,5351,5478,"D. 26, UL. SIBIRSKAYA     NOVYY URENGO","Сибирская улица, 26, Новый Уренгой, Ямало-Ненецкий автономный округ, Россия, 629300",66.082833,76.631279,-0.05914751197
610,5355,5478,"D. 18, UL. AKADEMGORODOK  KRASNOYARSK ","улица Академгородок, 18, Октябрьский район, Красноярск, Россия",55.992044,92.757108,0.02449213914
611,5356,5478,"D. 16, UL. TEKSTIL'SHIKOV VOLOGDA G   ","улица Текстильщиков, 16, Вологда, Россия, 160033",59.19026,39.921248,-0.06266370391
612,5364,5478,"D. 1A, UL. CAREVSKOGO     SEVERSK G   ","улица Царевского, 1А, Северск, Томская область, Россия, 636037",56.594925,84.894217,-0.140641114
613,5376,5478,"D. 37, UL. EMILII ALEKSEE BARNAUL G   ","улица Эмилии Алексеевой, 37/17, Барнаул, Алтайский край, Россия",53.378951,83.723577,-0.07317078349
614,5377,5478,"D. 11A, UL. ELECKAYA      VOLGOGRAD G ","Елецкая улица, 11А, Волгоград, Россия, 400120",48.701764,44.483055,-0.05222035498
615,5381,5478,"D. 35, UL. ORDZHONIKIDZE  NOVOKUZNETSK","улица Орджоникидзе, 35, Новокузнецк, Кемеровская область, Россия, 654007",53.763924,87.125255,-0.009007810483
616,5383,5478,"D. 70, UL. MAKSIMA GOR'KO TYUMEN G    ","улица Максима Горького, 70, Тюмень, Россия, 625048",57.148966,65.560109,-0.04181589095
617,5391,5478,"D. 66, PR-KT PARKOVYI     PERM G      ",,,,-0.05445798074
618,5394,5478,"D. 64, UL. KLIMENKO       NOVOKUZNETSK","улица Клименко, 64, Новокузнецк, Кемеровская область, Россия, 654059",53.819067,87.166326,-0.1450012315
619,5396,5478,"D. 111A, UL. KIEVSKAYA    TOMSK G     ","Киевская улица, 111А, Томск, Россия, 634012",56.46076,84.97432,-0.09107403763
620,5412,5478,"D. 35, UL. KOL'COVSKAYA   VORONEZH G  ","Кольцовская улица, 35, Воронеж, Россия, 394018",51.667194,39.191861,0.004973900567
621,5413,5478,"D. 1/34, PR-KT TRAKTOROST CHEBOXARY G ","1-й микрорайон, 34, Московский, Москва, Россия",55.597698,37.353504,-0.02997933891
622,5430,5478,"D. 3A, UL. SOVETSKAYA     BARNAUL G   ","Советская улица, 3А, Барнаул, Алтайский край, Россия, 656038",53.354159,83.776659,-0.05398521464
623,5440,5478,"D. 118, UL. PROLETARSKAYA SARANSK G   ","Пролетарская улица, 118, Саранск, Республика Мордовия, Россия, 430001",54.19328,45.17694,-0.005254402525
624,5443,5478,"D. 128A, PR-KT MOSKOVSKII NABEREZHNYE ","Московский проспект, 128А, Набережные Челны, Республика Татарстан, Россия, 423819",55.743583,52.432822,-0.06937666291
625,5446,5478,"D. 9, UL. PUSHKINA        IVANOVO G   ","улица Пушкина, 9, Иваново, Россия, 153000",56.99948,40.982455,-0.1155071465
626,5465,5478,"D. 30, PR-KT OKTYABR'SKII TVER G      ","Октябрьский проспект, 30, Тверь, Россия, 170043",56.828704,35.894667,-0.09122500894
627,5469,5478,"D. 95, UL. KIROVA         PAVLOVSKIY P","улица Кирова, 94, станица Павловская, Павловский район, Краснодарский край, Россия",46.150787,39.79667,-0.1039256822
628,5477,5478,"D. 11, UL. SOLOTCHINSKOE  RYAZAN G    ","Солотчинское шоссе, 11, Рязань, Россия, 390006",54.632994,39.773269,0.01581135545
629,5485,5478,"D. 6, UL. UBILEINAYA      DREZNA G    ","Юбилейная улица, 6, Дрезна, городской округ Ликино-Дулёво, Московская область, Россия, 142660",55.740928,38.845435,-0.0141613779
630,5488,5478,"D. 108, UL. AMURSKAYA     BLAGOVESHCHE","Амурская улица, 108, Благовещенск, Амурская область, Россия",50.261626,127.548374,-0.02938487571
631,5505,5478,"D. 4A, UL. TEPLICHNAYA    VORONEZH G  ","Тепличная улица, 4А, Воронеж, Россия",51.624943,39.077631,-0.0507086935
632,5517,5478,"D. 3, UL. PLOTNIKOVA      NIZHNIY NOVG","улица Плотникова, 3, микрорайон Соцгород-I, Нижний Новгород, Россия, 603138",56.260418,43.858133,-0.07924522454
633,5521,5478,"D. 19, UL. BOCHKOVA       MURMANSK G  ","улица Бочкова, 19, Мурманск, Россия, 183014",68.913019,33.078933,-0.1309217863
634,5525,5478,"D. 57, UL. LENINA         KHABAROVSK G","улица Ленина, 57, Хабаровск, Россия, 680030",48.478593,135.084646,-0.1303359735
635,5526,5478,"D. 10, UL. VOROVSKOGO     KHABAROVSK G","улица Воровского, 10, микрорайон имени Горького, Хабаровск, Россия, 680052",48.456806,135.179454,0.03475465225
636,5528,5478,"D. 33A, UL. TRUDOVYE REZE NOVOMOSKOVSK","улица Трудовые Резервы, 33А, Новомосковск, Тульская область, Россия",54.015321,38.286242,-0.05794401671
637,5536,5478,"D. 147, UL. POBEDY        BELGOROD G  ","улица Победы, 147, Белгород, Россия, 308015",50.594922,36.573757,-0.02482798373
638,5555,5478,"D. 5, MKR. SOLNECHNYI     STARYY OSKOL","микрорайон Солнечный, 5, Старый Оскол, Белгородская область, Россия",51.31276,37.898395,-0.0613384473
639,5566,5478,"D. 101, PR-KT OKTYABR'SKI TVER G      ","Октябрьский проспект, 101, Тверь, Россия, 170043",56.815828,35.886573,0.0339011347
640,5573,5478,"D. 35, UL. TRAKTOVAYA     IRKUTSK G   ","Трактовая улица, 35, Иркутск, Россия, 664014",52.329683,104.23614,0.008153809183
641,5581,5478,"79, UL. INTERNACIONAL'NAY USOLYE-SIBIR",,,,-0.08069577966
642,5596,5478,"D. 59, UL. VULKANNAYA     PETROPAVLOVS","Вулканная улица, 59, Петропавловск-Камчатский, Камчатский край, Россия, 683023",53.082883,158.633882,-0.08726947544
643,5609,5478,"D. 50, UL. CHEHOVA        BLAGOVESHCHE","улица Чехова, 50, Благовещенск, Амурская область, Россия, 675005",50.273424,127.559863,-0.01189555277
644,5610,5478,"D. 4, UL. NOVAYA          TYNDA G     ","Новая улица, 4, Тында, Амурская область, Россия, 676285",55.161851,124.763021,-0.04232397504
645,5621,5478,"D. 79, PR-KT CIOLKOVSKOGO DZERZHINSK G","проспект Циолковского, 79, Дзержинск, Нижегородская область, Россия, 606031",56.225938,43.396848,-0.06696671677
646,5622,5478,"D. 79, PR-KT CIOLKOVSKOGO DZERZHINSK G","проспект Циолковского, 79, Дзержинск, Нижегородская область, Россия, 606031",56.225938,43.396848,-0.02186066571
647,5623,5478,"D. 79, PR-KT CIOLKOVSKOGO DZERZHINSK G","проспект Циолковского, 79, Дзержинск, Нижегородская область, Россия, 606031",56.225938,43.396848,-0.02567209507
648,5629,5478,"D. 2, UL. CHAIKOVSKOGO    GUBKIN G    ","улица Чайковского, 2, Губкин, Белгородская область, Россия, 309186",51.283503,37.543354,0.02411084216
649,5643,5478,"D. 37A, SH. OKRUZHNOE     ELABUGA G   ","Окружное шоссе, 37А, Елабуга, муниципальное образование город Елабуга, Республика Татарстан, Россия, 423606",55.777089,52.009535,-0.08587427173
650,5664,5478,"D. 16, B-R STROITELEI     KEMEROVO G  ","бульвар Строителей, 16, Кемерово, Россия, 650065",55.350607,86.162198,-0.05151030399
651,5665,5478,"D. 16, B-R STROITELEI     KEMEROVO G  ","бульвар Строителей, 16, Кемерово, Россия, 650065",55.350607,86.162198,-0.007044041737
652,5666,5478,"D. 16, B-R STROITELEI     KEMEROVO G  ","бульвар Строителей, 16, Кемерово, Россия, 650065",55.350607,86.162198,-0.0202636304
653,5667,5478,"D. 16, B-R STROITELEI     KEMEROVO G  ","бульвар Строителей, 16, Кемерово, Россия, 650065",55.350607,86.162198,0.005302279954
654,5678,5478,"D. 40, UL. SOVETSKAYA     PSKOV G     ","Советская улица, 40Б, Псков, Россия, 180000",57.814317,28.335927,-0.01101317751
655,5709,5478,"D. 105, LIT. A, UL. GEROE PERM G      ","улица Героев Хасана, 105А, Пермь, Россия, 614025",57.966553,56.263633,-0.02430062434
656,5717,5478,"D. 35, UL. ARBAT          MOSKVA G    ","улица Арбат, 35, Москва, Россия, 119002",55.74938,37.591701,-0.01546696625
657,5718,5478,"D. 35, UL. ARBAT          MOSKVA G    ","улица Арбат, 35, Москва, Россия, 119002",55.74938,37.591701,-0.06491985933
658,5719,5478,"D. 3, PL. KRASNAYA        MOSKVA G    ","Красная площадь, 3, Москва, Россия, 109012",55.754638,37.621633,0.01046088718
659,5720,5478,"D. 3, PL. KRASNAYA        MOSKVA G    ","Красная площадь, 3, Москва, Россия, 109012",55.754638,37.621633,0.00391204855
660,5721,5478,"D. 3, PL. KRASNAYA        MOSKVA G    ","Красная площадь, 3, Москва, Россия, 109012",55.754638,37.621633,-0.009798988285
661,5744,5478,"D. 26, PR-KT SHAHTEROV    NOVOKUZNETSK","проспект Шахтёров, 26, микрорайон Новобайдаевский, Новокузнецк, Кемеровская область, Россия, 654084",53.779889,87.291254,-0.05616832977
662,5745,5478,"D. 26, PR-KT SHAHTEROV    NOVOKUZNETSK","проспект Шахтёров, 26, микрорайон Новобайдаевский, Новокузнецк, Кемеровская область, Россия, 654084",53.779889,87.291254,-0.05449191455
663,5746,5478,"D. 26, PR-KT SHAHTEROV    NOVOKUZNETSK","проспект Шахтёров, 26, микрорайон Новобайдаевский, Новокузнецк, Кемеровская область, Россия, 654084",53.779889,87.291254,-0.02582455924
664,5747,5478,"D. 26, PR-KT SHAHTEROV    NOVOKUZNETSK","проспект Шахтёров, 26, микрорайон Новобайдаевский, Новокузнецк, Кемеровская область, Россия, 654084",53.779889,87.291254,0.001087476489
665,5770,5478,"D. 1, UL. PRIVOKZAL'NAYA  NOVYE LAPSAR","поселок Новые Лапсары, городской округ Чебоксары, Чувашская Республика, Россия",56.070313,47.215047,-0.07640823944
666,5828,5478,"D. 24, UL. LENINA         PERM G      ","улица Ленина, 24, Пермь, Россия",58.01456,56.250733,-0.001038265147
667,5833,5478,"D. 28, PR-KT LENINA       CHELYABINSK ","проспект Ленина, 28, Челябинск, Россия, 454091",55.161615,61.424706,-0.07178041465
668,5834,5478,"D. 28, PR-KT LENINA       CHELYABINSK ","проспект Ленина, 28, Челябинск, Россия, 454091",55.161615,61.424706,-0.08980146291
669,5835,5478,"D. 28, PR-KT LENINA       CHELYABINSK ","проспект Ленина, 28, Челябинск, Россия, 454091",55.161615,61.424706,-0.1142944599
670,5839,5478,"D. 35, UL. TRAKTOVAYA     IRKUTSK G   ","Трактовая улица, 35, Иркутск, Россия, 664014",52.329683,104.23614,-0.002283849508
671,5851,5478,"D. 12, UL. BELINSKOGO     YUZHNYY RP  ","улица Белинского, 12, рабочий поселок Южный, муниципальное образование Город Барнаул, Алтайский край, Россия, 656906",53.251649,83.686279,-0.02589507815
672,5852,5478,"D. 35A, PR-KT LENINA      VLADIMIR G  ","проспект Ленина, 35А, Владимир, Россия, 600015",56.118028,40.363066,-0.03100706256
673,5863,5478,"D. 60, UL. KRASNAYA       SOLNECHNOGOR","Красная улица, 60, Солнечногорск, Московская область, Россия, 141506",56.18448,36.984314,-0.02283110651
674,5865,5478,"D. 60, UL. KRASNAYA       SOLNECHNOGOR","Красная улица, 60, Солнечногорск, Московская область, Россия, 141506",56.18448,36.984314,-0.02706061302
675,5877,5478,"D. 47 A, UL. KOMMUNISTICH ULAN-UDE G  ",,,,0.00405782698
676,5878,5478,"D. 47 A, UL. KOMMUNISTICH ULAN-UDE G  ",,,,0.003823498976
677,5884,5478,"D. 37A, UL. KARPINSKOGO   PENZA G     ","улица Карпинского, 37А, Пенза, Россия, 440011",53.209929,44.978422,-0.01399889701
678,5886,5478,"D. 26/1, UL. CHKALOVA     ORENBURG G  ","улица Чкалова, 26/1, Оренбург, Россия, 460001",51.769481,55.129995,-0.09416534658
679,5887,5478,"D. 26/1, UL. CHKALOVA     ORENBURG G  ","улица Чкалова, 26/1, Оренбург, Россия, 460001",51.769481,55.129995,-0.08895248711
680,5888,5478,"D. 26/1, UL. CHKALOVA     ORENBURG G  ","улица Чкалова, 26/1, Оренбург, Россия, 460001",51.769481,55.129995,-0.05583288123
681,5890,5478,"D. 1-1, MKR. ZELENYI      IRKUTSK G   ","микрорайон Зеленый, 1/1, Иркутск, Россия",52.331521,104.371615,-0.06456443174
682,5891,5478,"D. 70, UL. MAKSIMA GOR'KO TYUMEN G    ","улица Максима Горького, 70, Тюмень, Россия, 625048",57.148966,65.560109,-0.0463390627
683,5903,5478,"D. 6, UL. ORDZHONIKIDZE   ELETS G     ","улица Орджоникидзе, 6, Елец, Липецкая область, Россия, 399773",52.612145,38.528437,-0.1012921455
684,5911,5478,"D. 39, UL. AVIATOROV      KRASNOYARSK ","улица Авиаторов, 39, Красноярск, Россия, 660077",56.047414,92.913181,-0.06408066629
685,5912,5478,"D. 39, UL. AVIATOROV      KRASNOYARSK ","улица Авиаторов, 39, Красноярск, Россия, 660077",56.047414,92.913181,-0.06426871873
686,5913,5478,"D. 39, UL. AVIATOROV      KRASNOYARSK ","улица Авиаторов, 39, Красноярск, Россия, 660077",56.047414,92.913181,-0.05724506662
687,5914,5478,"D. 39, UL. AVIATOROV      KRASNOYARSK ","улица Авиаторов, 39, Красноярск, Россия, 660077",56.047414,92.913181,-0.03490774025
688,5933,5478,"D. 40, UL. SOVETSKAYA     PSKOV G     ","Советская улица, 40Б, Псков, Россия, 180000",57.814317,28.335927,-0.02261715693
689,5935,5478,"D. 27A, B-R PREZIDENTSKII CHEBOXARY G ","Президентский бульвар, 27А, Чебоксары, Чувашская Республика, Россия",56.133407,47.243084,-0.07302521868
690,5936,5478,"D. 27A, B-R PREZIDENTSKII CHEBOXARY G ","Президентский бульвар, 27А, Чебоксары, Чувашская Республика, Россия",56.133407,47.243084,-0.07533357979
691,5950,5478,"D. 4, UL. SHERBAKOVA      EKATERINBURG","улица Щербакова, 4, Екатеринбург, Свердловская область, Россия, 620023",56.788549,60.64902,0.04029996021
692,5956,5478,"D. 31, UL. LENINSKAYA     PARTIZANSK G","Ленинская улица, 31, Партизанск, Приморский край, Россия, 692864",43.120366,133.122213,-0.05092378844
693,5957,5478,"D. 31, UL. LENINSKAYA     PARTIZANSK G","Ленинская улица, 31, Партизанск, Приморский край, Россия, 692864",43.120366,133.122213,-0.0335414801
694,5958,5478,"D. 31, UL. LENINSKAYA     PARTIZANSK G","Ленинская улица, 31, Партизанск, Приморский край, Россия, 692864",43.120366,133.122213,-0.02309049757
695,5961,5478,"D. 5, UL. ORDZHONIKIDZE   OMSK G      ","улица Орджоникидзе, 5, Омск, Россия",54.993236,73.364161,-0.05293363175
696,5966,5478,UL. ZHELEZNODOROZHNAYA    CHAPAEVSK G,"Железнодорожная улица, Чапаевск, Самарская область, Россия",52.970338,49.698116,-0.1450012315
697,5967,5478,"D. 6, MKR. STEPNOI        YASNOGORSK P","Степной микрорайон, 6, поселок городского типа Ясногорск, Оловяннинский район, Забайкальский край, Россия",50.873874,115.698239,-0.07535384368
698,5974,5478,"D. 69A, UL. GOR'KOGO      UST-DONETSKI","улица Горького, 69, посёлок городского типа Усть-Донецкий, Усть-Донецкий район, Ростовская область, Россия",47.642609,40.868288,-0.1186219362
699,5975,5478,"D. 1, UL. KIROVA          BATAYSK G   ","улица Кирова, 1, Батайск, Ростовская область, Россия",47.138058,39.753793,-0.07796167474
700,5980,5478,"D. 47A, PR-KT KRASNOARMEI BARNAUL G   ",,,,0.01583774955
701,5982,5478,"D. 10, UL. GAGARINA       NAKHODKA G  ","улица Гагарина, 10, Находка, Приморский край, Россия",42.792659,132.86534,0.0002826732344
702,5998,5478,"D. 1, UL. 30 IULYA        KRASNOYARSK ","улица 30 Июля, 1, Красноярск, Россия, 660021",56.005677,92.830024,-0.009537742638
703,6022,5478,"D. 13, UL. SHIRYAMOVA     IRKUTSK G   ","улица Ширямова, 13, Иркутск, Россия, 664009",52.273009,104.355723,-0.03032820166
704,6029,5478,"D. 7, UL. BUNDURINA       VENEV G     ","улица Бундурина, 7, город Венёв, Тульская область, Россия, 301320",54.350778,38.261593,-0.05811841019
705,6033,5478,"D. 54, PR-KT LENINA       TULA G      ","проспект Ленина, 54, Тула, Россия, 300012",54.182833,37.604969,0.01270932632
706,6056,5478,"D. 5A, UL. SHLIHTERA      TAMBOV G    ","улица Шлихтера, 5А, Тамбов, Россия, 392024",52.757395,41.411364,-0.04274487672
707,6065,5478,"D. 204, UL. MOLODOGVARDEI SAMARA G    ","деревня Самара, Михайловский район, Рязанская область, Россия",54.015009,38.8324,-0.02315740748
708,6070,5478,"D. 42 B, PR-KT MOSKOVSKII VORONEZH G  ","Московский проспект, 42, Воронеж, Россия, 394016",51.693563,39.183525,-0.06697534399
709,6071,5478,"D. 204, UL. MOLODOGVARDEI SAMARA G    ","деревня Самара, Михайловский район, Рязанская область, Россия",54.015009,38.8324,-0.03987784932
710,6075,5478,"D. 47 A, UL. KOMMUNISTICH ULAN-UDE G  ",,,,-0.01820092587
711,6076,5478,"D. 47 A, UL. KOMMUNISTICH ULAN-UDE G  ",,,,0.02224072061
712,6082,5478,"D. 28, UL. SHUKSHINA      BARNAUL G   ","улица Шукшина, 28, микрорайон Докучаево, Барнаул, Алтайский край, Россия",53.36559,83.667567,-0.0717898774
713,6092,5478,"D. 32, UL. ZHUKOVSKOGO    OMSK G      ","улица Жуковского, 32, микрорайон Радуга, Омск, Россия, 644060",54.923605,73.408744,-0.01557940112
714,6096,5478,"D. 113, UL. PUSHKINA      AFIPSKIY PGT","улица Пушкина, 113, посёлок городского типа Афипский, Северский район, Краснодарский край, Россия, 353236",44.913109,38.845084,-0.06355285583
715,6101,5478,"D. 212, STR. 2, UL. SOVET BIYSK G     ","улица ТЭЦ-2, Бийск, Алтайский край, Россия",52.511113,85.164511,-0.06562125991
716,6102,5478,"D. 134, UL. PIONERSKAYA   ALEYSK G    ","Пионерская улица, 134, Алейск, Алтайский край, Россия, 658130",52.497463,82.77289,-0.06263988221
717,6117,5478,"D. 20, UL. MAKARENKO      BELGOROD G  ","улица Макаренко, 20, Белгород, Россия, 308013",50.580196,36.67153,0.03247531613
718,6127,5478,"277, SH. BERDSKOE         NOVOSIBIRSK ","Бердское шоссе, 277, Новосибирск, Россия, 630058",54.84769,83.06372,-0.04474972518
719,6130,5478,"D. 26, UL. ZAOZERNAYA     OMSK G      ","Заозёрная улица, 26, Омск, Россия, 644083",55.047961,73.314277,0.007949524585
720,6141,5478,"D. 156, TRAKT PAVLOVSKII  BARNAUL G   ","Павловский тракт, 156, Барнаул, Алтайский край, Россия, 656067",53.346333,83.665726,-0.04194911744
721,6168,5478,"D. 52, UL. NIKOLAEVA      SMOLENSK G  ","улица Николаева, 52, Смоленск, Россия, 214030",54.768781,32.013882,0.004435828023
722,6169,5478,"D. 5, UL. VOENNAYA        NOVOSIBIRSK ","Военная улица, 5, Новосибирск, Россия, 630017",55.028749,82.936698,0.01067694329
723,6191,5478,"D. 174P, PR-KT LENINSKII  VORONEZH G  ","Ленинский проспект, 174, Воронеж, Россия, 394033",51.69885,39.273554,0.004654341354
724,6206,5478,"D. 17, UL. LUNACHARSKOGO  ULYANOVSK G ","улица Луначарского, 17, Ульяновск, Россия, 432012",54.263818,48.333054,-0.0374630958
725,6207,5478,"D. 17, UL. LUNACHARSKOGO  ULYANOVSK G ","улица Луначарского, 17, Ульяновск, Россия, 432012",54.263818,48.333054,-0.04199716253
726,6265,5478,"D. 9, UL. GAGARINA        DEDOVSK G   ","улица Гагарина, 9, Дедовск, городской округ Истра, Московская область, Россия, 143530",55.859696,37.121047,0.00987834426
727,6286,5478,"D. 118, UL. VOSKRESENSKAY ARKHANGELSK ","Воскресенская улица, 118, Архангельск, Россия, 163051",64.549409,40.569904,-0.05728086658
728,6287,5478,"D. 118, UL. VOSKRESENSKAY ARKHANGELSK ","Воскресенская улица, 118, Архангельск, Россия, 163051",64.549409,40.569904,-0.08669933977
729,6314,5478,"D. 8, UL. PROLETARSKAYA   VOLGOGRAD G ","Пролетарская улица, 8, Волгоград, Россия, 400112",48.51811,44.534088,-0.1282240199
730,6318,5478,"D. 6, UL. VENEVSKAYA      MOSKVA G    ","Венёвская улица, 6, Москва, Россия",55.547845,37.543246,-0.01742883571
731,6319,5478,"D. 6, UL. VENEVSKAYA      MOSKVA G    ","Венёвская улица, 6, Москва, Россия",55.547845,37.543246,0.009029229672
732,6320,5478,"D. 6, UL. VENEVSKAYA      MOSKVA G    ","Венёвская улица, 6, Москва, Россия",55.547845,37.543246,-0.00708500412
733,6321,5478,"D. 6, UL. VENEVSKAYA      MOSKVA G    ","Венёвская улица, 6, Москва, Россия",55.547845,37.543246,-0.0063041011
734,6335,5478,"D. 101, UL. MOSKOVSKAYA   SARATOV G   ","Московская улица, 101, Саратов, Россия, 410012",51.53573,46.025237,-0.04911094373
735,6336,5478,"D. 101, UL. MOSKOVSKAYA   SARATOV G   ","Московская улица, 101, Саратов, Россия, 410012",51.53573,46.025237,-0.06082224516
736,6337,5478,"D. 101, UL. MOSKOVSKAYA   SARATOV G   ","Московская улица, 101, Саратов, Россия, 410012",51.53573,46.025237,-0.05498302897
737,6338,5478,"D. 101, UL. MOSKOVSKAYA   SARATOV G   ","Московская улица, 101, Саратов, Россия, 410012",51.53573,46.025237,-0.1180666768
738,6345,5478,"D. 59, UL. LENINSKAYA     PETROPAVLOVS","Ленинская улица, 59, Петропавловск-Камчатский, Камчатский край, Россия",53.018647,158.646989,-0.0390637928
739,6346,5478,"D. 59, UL. LENINSKAYA     PETROPAVLOVS","Ленинская улица, 59, Петропавловск-Камчатский, Камчатский край, Россия",53.018647,158.646989,-0.001196613223
740,6347,5478,"D. 59, UL. LENINSKAYA     PETROPAVLOVS","Ленинская улица, 59, Петропавловск-Камчатский, Камчатский край, Россия",53.018647,158.646989,-0.04838741257
741,6348,5478,"D. 59, UL. LENINSKAYA     PETROPAVLOVS","Ленинская улица, 59, Петропавловск-Камчатский, Камчатский край, Россия",53.018647,158.646989,0.00734217368
742,6362,5478,"D. 5, UL. BYKOVSKOGO      YAKUTSK G   ","улица Быковского, 5, Якутск, Республика Саха (Якутия), Россия, 677014",62.087205,129.747602,0.03277099134
743,6370,5478,"D. 6, LIT. A, UL. MARATA  SANKT-PETERB","улица Марата, 6, Санкт-Петербург, Россия, 191025",59.930489,30.355349,-0.05778466741
744,6375,5478,"D. 158, UL. SVOBODY       KIROV G     ","улица Свободы, 158, Ленинский район, Киров, Россия",58.58358,49.679961,-0.05235050176
745,6376,5478,"D. 158, UL. SVOBODY       KIROV G     ","улица Свободы, 158, Ленинский район, Киров, Россия",58.58358,49.679961,-0.06833014421
746,6385,5478,"D. 20, PR-KT SVOBODNYI    MOSKVA G    ","Свободный проспект, 20, Москва, Россия, 111396",55.750854,37.815974,0.02245185925
747,6386,5478,"D. 20, PR-KT SVOBODNYI    MOSKVA G    ","Свободный проспект, 20, Москва, Россия, 111396",55.750854,37.815974,0.0231902859
748,6387,5478,"D. 20, PR-KT SVOBODNYI    MOSKVA G    ","Свободный проспект, 20, Москва, Россия, 111396",55.750854,37.815974,0.01165636684
749,6388,5478,"D. 20, PR-KT SVOBODNYI    MOSKVA G    ","Свободный проспект, 20, Москва, Россия, 111396",55.750854,37.815974,0.02420380685
750,6400,5478,"D. 41, UL. NOVOSLOBODSKAY MOSKVA G    ","Новослободская улица, 41, Москва, Россия, 127055",55.783367,37.59692,0.009295195552
751,6404,5478,"D. 2, KORP. 2, B-R SVOBOD SURGUT G    ",,,,-0.02823232578
752,6407,5478,"D. 35A, PR-KT LENINA      VLADIMIR G  ","проспект Ленина, 35А, Владимир, Россия, 600015",56.118028,40.363066,0.008525587534
753,6411,5478,"D. 19, UL. PLEHANOVA      PENZA G     ","улица Плеханова, 19, Пенза, Россия, 440000",53.200269,45.012082,0.003183701315
754,6416,5478,"D. 87, PR-KT PROSVESHENIY SANKT-PETERB","проспект Просвещения, 87к1, Санкт-Петербург, Россия, 195267",60.036097,30.414521,-0.03270374291
755,6417,5478,"D. 87, PR-KT PROSVESHENIY SANKT-PETERB","проспект Просвещения, 87к1, Санкт-Петербург, Россия, 195267",60.036097,30.414521,-0.008581527628
756,6418,5478,"D. 87, PR-KT PROSVESHENIY SANKT-PETERB","проспект Просвещения, 87к1, Санкт-Петербург, Россия, 195267",60.036097,30.414521,-0.02968336715
757,6419,5478,"D. 87, PR-KT PROSVESHENIY SANKT-PETERB","проспект Просвещения, 87к1, Санкт-Петербург, Россия, 195267",60.036097,30.414521,-0.03343262473
758,6426,5478,"D. 1, MKR. DEVICH'YA SOPK CHITA G     ","микрорайон Девичья Сопка, 1к1, Чита, Забайкальский край, Россия",52.063594,113.399584,-0.07648067809
759,6450,5478,"D. 105, UL. KOMINTERNA    NIZHNIY NOVG","улица Коминтерна, 105, Нижний Новгород, Россия, 603003",56.347858,43.870997,-0.02503580422
760,6463,5478,"VLAD. 9, UL. ZHILINA      TOLYATTI G  ","улица Жилина, 9, Тольятти, Самарская область, Россия, 445011",53.510433,49.410646,0.01742983292
761,6464,5478,"D. 22B, PR-KT KORABLESTRO NIZHNIY NOVG",,,,-0.01950911371
762,6481,5478,"D. 2, UL. MARSHALA ZHUKOV TOLYATTI G  ","улица Маршала Жукова, 2, Тольятти, Самарская область, Россия, 445051",53.516462,49.307951,0.06235570644
763,6485,5478,"D. 121, UL. KRASNOI ARMII KRASNOYARSK ","улица Красной Армии, 121, Красноярск, Россия, 660100",56.011379,92.810638,-0.02560577576
764,6511,5478,"D. 41, UL. NOVOSLOBODSKAY MOSKVA G    ","Новослободская улица, 41, Москва, Россия, 127055",55.783367,37.59692,0.004558308426
765,6514,5478,"D. 2, UL. MARSHALA ZHUKOV TOLYATTI G  ","улица Маршала Жукова, 2, Тольятти, Самарская область, Россия, 445051",53.516462,49.307951,-0.00288018092
766,6516,5478,"D. 40, UL. SOVETSKAYA     PSKOV G     ","Советская улица, 40Б, Псков, Россия, 180000",57.814317,28.335927,-0.00966963708
767,6520,5478,"D. 57, PR-KT LENINA       KRONSHTADT G","проспект Ленина, 57, Кронштадт, Санкт-Петербург, Россия, 197760",59.990953,29.760808,-0.1119506497
768,6528,5478,"D. 8, UL. POBEDY          ZHIGULEVSK G","улица Победы, 8, Жигулёвск, Самарская область, Россия, 445350",53.403749,49.486356,-0.06850755268
769,6529,5478,"D. 8, UL. POBEDY          ZHIGULEVSK G","улица Победы, 8, Жигулёвск, Самарская область, Россия, 445350",53.403749,49.486356,-0.07515155869
770,6530,5478,"D. 23, UL. IVANTEEVSKAYA  MOSKVA G    ","Ивантеевская улица, 23, Москва, Россия, 107150",55.815701,37.731838,0.03058036039
771,6531,5478,"D. 23, UL. IVANTEEVSKAYA  MOSKVA G    ","Ивантеевская улица, 23, Москва, Россия, 107150",55.815701,37.731838,0.002426819424
772,6532,5478,"D. 23, UL. IVANTEEVSKAYA  MOSKVA G    ","Ивантеевская улица, 23, Москва, Россия, 107150",55.815701,37.731838,0.04808770177
773,6533,5478,"D. 23, UL. IVANTEEVSKAYA  MOSKVA G    ","Ивантеевская улица, 23, Москва, Россия, 107150",55.815701,37.731838,0.02862898007
774,6553,5478,"D. 367, UL. PUSHKINSKAYA  IZHEVSK G   ","Пушкинская улица, 367, Ижевск, Удмуртская Республика, Россия, 426011",56.872747,53.20734,-0.07363934408
775,6565,5478,"D. 11, PR-KT OKTYABR'SKII KIROV G     ","Октябрьский проспект, 11, Киров, Россия, 610047",58.637181,49.620178,-0.001748489166
776,6566,5478,"D. 11, PR-KT OKTYABR'SKII KIROV G     ","Октябрьский проспект, 11, Киров, Россия, 610047",58.637181,49.620178,-0.01837708338
777,6567,5478,"D. 11, PR-KT OKTYABR'SKII KIROV G     ","Октябрьский проспект, 11, Киров, Россия, 610047",58.637181,49.620178,-0.0228458941
778,6571,5478,"D. 37A, UL. BASMANNAYA NO MOSKVA G    ","Новая Басманная улица, 37А, Москва, Россия, 105066",55.769884,37.668695,-0.02444530727
779,6575,5478,"D. 56-A, UL. BACHURINA    KUNGUR G    ","улица Бачурина, 56А, Кунгур, Пермский край, Россия, 617472",57.423644,56.997126,-0.1150056568
780,6576,5478,"D. 262, UL. MAKSIMA GOR'K NIZHNIY NOVG",,,,-0.07387521483
781,6577,5478,"D. 30/2, UL. BARANOVA/UL_ KALININGRAD ","улица Профессора Баранова, 30, Калининград, Россия, 236029",54.721562,20.509176,-0.03188366655
782,6601,5478,"D. 17B, PR-KT OKTYABR'SKI TROITSK G   ","Октябрьский проспект, 17Б, Троицк, Москва, Россия, 142190",55.478312,37.298679,-0.008270377748
783,6602,5478,"D. 17B, PR-KT OKTYABR'SKI TROITSK G   ","Октябрьский проспект, 17Б, Троицк, Москва, Россия, 142190",55.478312,37.298679,0.04530821554
784,6603,5478,"D. 17B, PR-KT OKTYABR'SKI TROITSK G   ","Октябрьский проспект, 17Б, Троицк, Москва, Россия, 142190",55.478312,37.298679,0.02236657536
785,6604,5478,"D. 17B, PR-KT OKTYABR'SKI TROITSK G   ","Октябрьский проспект, 17Б, Троицк, Москва, Россия, 142190",55.478312,37.298679,0.03100541553
786,6619,5478,"D. 9, UL. VOZDVIZHENKA    MOSKVA G    ","улица Воздвиженка, 9, Москва, Россия, 119019",55.752587,37.604744,-0.0581402505
787,6620,5478,"D. 9, UL. VOZDVIZHENKA    MOSKVA G    ","улица Воздвиженка, 9, Москва, Россия, 119019",55.752587,37.604744,-0.05298636918
788,6621,5478,"D. 9, UL. VOZDVIZHENKA    MOSKVA G    ","улица Воздвиженка, 9, Москва, Россия, 119019",55.752587,37.604744,-0.03122374843
789,6624,5478,"D. 43A, PR-KT LENINA      TVER G      ","проспект Ленина, 43А, Тверь, Россия, 170023",56.851535,35.849427,-0.09370204005
790,6626,5478,"D. 174P, PR-KT LENINSKII  VORONEZH G  ","Ленинский проспект, 174, Воронеж, Россия, 394033",51.69885,39.273554,0.005364696756
791,6648,5478,"D. 15, UL. MINAEVA        ULYANOVSK G ","улица Минаева, 15, Ульяновск, Россия, 432000",54.308198,48.392029,-0.07565875208
792,6653,5478,"D. 4 B, UL. STUDENCHESKAY ASTRAKHAN G ","Студенческая улица, 4, Астрахань, Россия, 414004",46.345213,48.068357,-0.03961698461
793,6681,5478,"D. 5, PROEZD DONSKOI      NOVOMOSKOVSK","Донской проезд, 5, Новомосковск, Тульская область, Россия, 301663",54.032432,38.274079,-0.08766589832
794,6698,5478,"D. 10, UL. ZVEZDNAYA      ELIZOVO G   ","Звёздная улица, 10, Елизово, Камчатский край, Россия, 684000",53.169301,158.425383,0.0157003539
795,6709,5478,"D. 74, UL. MIRA           VOLZHSKIY G ","улица Мира, 74, Волжский, Волгоградская область, Россия, 404105",48.767941,44.807032,-0.03742883865
796,6724,5478,"D. 21, PR-KT BOL'SHEVIKOV SANKT-PETERB","М-4 Дон, 21-й километр, Московская область, Россия",55.5721,37.691504,-0.04309824552
797,6725,5478,"D. 21, PR-KT BOL'SHEVIKOV SANKT-PETERB","М-4 Дон, 21-й километр, Московская область, Россия",55.5721,37.691504,-0.04753105067
798,6748,5478,"D. 20, UL. PRIMORSKAYA    KASPIYSK G  ","Приморская улица, 16, Каспийск, Республика Дагестан, Россия",42.870875,47.662399,-0.09492712295
799,6749,5478,"D. 87/22, UL. LOMONOSOVA  SEVERODVINSK","улица Ломоносова, 87, Северодвинск, Архангельская область, Россия, 164515",64.549135,39.776736,-0.06988510132
800,6756,5478,"D. 59, UL. DUKI           BRYANSK G   ","улица Дуки, 59, Брянск, Россия, 241050",53.264179,34.358556,-0.02435768801
801,6758,5478,"D. 45, PER. BAZOVYI       EKATERINBURG","Базовый переулок, 45, Екатеринбург, Свердловская область, Россия, 620089",56.801681,60.649694,-0.029025599
802,6765,5478,"D. 2, PL. SOVETSKAYA      VYAZMA G    ","Советская площадь, 2, Вязьма, Смоленская область, Россия",55.211178,34.28423,0.01159533172
803,6766,5478,"D. 2, PL. SOVETSKAYA      VYAZMA G    ","Советская площадь, 2, Вязьма, Смоленская область, Россия",55.211178,34.28423,-0.008612463784
804,6770,5478,"D. 87/22, UL. LOMONOSOVA  SEVERODVINSK","улица Ломоносова, 87, Северодвинск, Архангельская область, Россия, 164515",64.549135,39.776736,-0.06287859098
805,6777,5478,"D. 22, PR-KT POBEDY       KOMSOMOLSK-N","проспект Победы, 22, Комсомольск-на-Амуре, Хабаровский край, Россия, 681014",50.589073,137.059817,0.05891716604
806,6779,5478,"D. 2, UL. KARBYSHEVA      NOVOKUYBYSHE","улица Карбышева, 2, Новокуйбышевск, Самарская область, Россия, 446201",53.08807,49.990967,-0.1316933294
807,6781,5478,"D. 3, UL. MINAEVA         ULYANOVSK G ","улица Минаева, 3, Ульяновск, Россия, 432017",54.307531,48.38124,-0.0300599652
808,6787,5478,"D. 10, UL. 60 LET SSSR    FRYAZINO G  ","улица 60 лет СССР, 10, Фрязино, Московская область, Россия, 141195",55.949345,38.060136,-0.02720514097
809,6788,5478,"D. 1, MKR. 1-I            DESNOGORSK G","4-й микрорайон, 1, Десногорск, Смоленская область, Россия",54.148992,33.288375,-0.0761915261
810,6791,5478,"D. 41, UL. NOVOSLOBODSKAY MOSKVA G    ","Новослободская улица, 41, Москва, Россия, 127055",55.783367,37.59692,-0.01656960349
811,6798,5478,"D. 100, UL. LENINGRADSKAY VOLOGDA G   ","Ленинградская улица, 100, Вологда, Россия, 160002",59.211395,39.848538,-0.05751776557
812,6810,5478,"D. 32, UL. PRIVOKZAL'NAYA PROMYSHLENNA","Привокзальная улица, 32, поселок городского типа Промышленная, Промышленновский район, Кемеровская область, Россия, 652380",54.913577,85.641822,-0.1450012315
813,6813,5478,"D. 110, UL. BELINSKOGO    NIZHNIY NOVG","улица Белинского, 110, Нижний Новгород, Россия, 603006",56.317587,44.020045,-0.07010453228
814,6816,5478,"D. 35, PR-KT METALLURGOV  MONCHEGORSK ","проспект Металлургов, 35, Мончегорск, Мурманская область, Россия, 184511",67.938586,32.927917,-0.03615303519
815,6823,5478,"D. 1, MKR. SEVERNYI       STARYY OSKOL","микрорайон Северный, 1, Старый Оскол, Белгородская область, Россия",51.329405,37.887274,-0.002406066671
816,6825,5478,"D. 5, UL. SLAVY           KRASNOYARSK ","улица Славы, 5, жилой район Солнечный, Красноярск, Россия, 660132",56.111067,92.920763,0.03328945095
817,6832,5478,"VLAD. 9, UL. ZHILINA      TOLYATTI G  ","улица Жилина, 9, Тольятти, Самарская область, Россия, 445011",53.510433,49.410646,0.008468875108
818,6835,5478,"D. 9, UL. GAGARINA        DEDOVSK G   ","улица Гагарина, 9, Дедовск, городской округ Истра, Московская область, Россия, 143530",55.859696,37.121047,0.0433560974
819,6836,5478,"D. 9, UL. GAGARINA        DEDOVSK G   ","улица Гагарина, 9, Дедовск, городской округ Истра, Московская область, Россия, 143530",55.859696,37.121047,0.04269858827
820,6840,5478,"D. 53A, SH. NOVOUGLICHSKO SERGIEV POSA","Новоугличское шоссе, 53А, Сергиев Посад, Московская область, Россия, 141301",56.325369,38.132972,-0.05602829687
821,6854,5478,"D. 153, PR-KT OKTYABR'SKI KIROV G     ","Октябрьский проспект, 153, Киров, Россия, 610001",58.583204,49.657674,-0.02635579342
822,6855,5478,"D. 153, PR-KT OKTYABR'SKI KIROV G     ","Октябрьский проспект, 153, Киров, Россия, 610001",58.583204,49.657674,-0.03020881485
823,6870,5478,"D. 29, PR-KT FRUNZE       YAROSLAVL G ","проспект Фрунзе, 29, Ярославль, Россия, 150006",57.587112,39.906147,-0.04016064622
824,6877,5478,"D. 3, UL. CHEHOVA         KIREEVSK G  ","улица Чехова, 3, Киреевск, Тульская область, Россия, 301262",53.922485,37.92644,-0.05033753603
825,6878,5478,"D. 7, UL. ALEKSANDRA MATR KRASNOYARSK ","улица Александра Матросова, 7, Красноярск, Россия, 660093",55.987916,92.888199,0.004545199295
826,6879,5478,"D. 7, UL. ALEKSANDRA MATR KRASNOYARSK ","улица Александра Матросова, 7, Красноярск, Россия, 660093",55.987916,92.888199,0.01869734138
827,6892,5478,"D. 20, PR-KT BOGOLUBOVA   DUBNA G     ","проспект Боголюбова, 20, Дубна, Московская область, Россия, 141986",56.737915,37.16413,0.02193804834
828,6893,5478,"D. 20, PR-KT BOGOLUBOVA   DUBNA G     ","проспект Боголюбова, 20, Дубна, Московская область, Россия, 141986",56.737915,37.16413,-0.002784509062
829,6895,5478,"D. 40, UL. BUTLEROVA      SANKT-PETERB","улица Бутлерова, 40, Санкт-Петербург, Россия, 195220",60.010115,30.404316,-0.01576625786
830,6896,5478,"D. 40, UL. BUTLEROVA      SANKT-PETERB","улица Бутлерова, 40, Санкт-Петербург, Россия, 195220",60.010115,30.404316,-0.03875675372
831,6908,5478,"D. 35, PR-KT METALLURGOV  MONCHEGORSK ","проспект Металлургов, 35, Мончегорск, Мурманская область, Россия, 184511",67.938586,32.927917,-0.0009702017619
832,6940,5478,"D. 2, UL. MARSHALA ZHUKOV TOLYATTI G  ","улица Маршала Жукова, 2, Тольятти, Самарская область, Россия, 445051",53.516462,49.307951,0.04489098589
833,6947,5478,"D. 7, UL. MIRA            NOVODVINSK G","улица Мира, 7, Новодвинск, Архангельская область, Россия, 164901",64.418659,40.790386,-0.0894017817
834,6968,5478,"D. 11, UL. MIRA           TROITSKIY P ","улица Мира, 9, посёлок Троицкий, Талицкий городской округ, Свердловская область, Россия, 623620",57.061464,63.744686,-0.05842501111
835,6993,5478,"D. 10, UL. MAYAKOVSKOGO   KLIN G      ","улица Маяковского, 10, Клин, Московская область, Россия, 141602",56.367123,36.689711,-0.08083069737
836,7001,5478,"8, UL. LENINA             NARO-FOMINSK","улица Ленина, 8, микрорайон Южный, Наро-Фоминск, Московская область, Россия",55.383142,36.728088,-0.03012795797
837,7010,5478,"UCH. 3, UL. KIROVA        TUCHKOVO RP ","улица Кирова, 3, рабочий посёлок Тучково, Рузский городской округ, Московская область, Россия, 143130",55.600399,36.472975,-0.07554674495
838,7014,5478,"D. 1, UL. LENINA          UGLICH G    ","улица Ленина, 1, Углич, Ярославская область, Россия, 152615",57.526166,38.315474,-0.07110357646
839,7027,5478,"D. 382A, PR-KT POBEDY     CHELYABINSK ","проспект Победы, 382А, Челябинск, Россия, 454021",55.186623,61.299598,-0.008200554707
840,7028,5478,"D. 113, UL. LENINA        SOCHI G     ","улица Ленина, 113, микрорайон Адлер, Сочи, Краснодарский край, Россия",43.44714,39.903704,-0.04688176167
841,7034,5478,"14, SH. ANAPSKOE          ANAPA G     ","Анапское шоссе, 14, микрорайон Алексеевка, Анапа, Краснодарский край, Россия",44.898349,37.348689,-0.0810224311
842,7035,5478,"D. 113, UL. LENINA        SOCHI G     ","улица Ленина, 113, микрорайон Адлер, Сочи, Краснодарский край, Россия",43.44714,39.903704,-0.01724920964
843,7038,5478,"D. 20, UL. KARLA MARKSA   SVOBODNYY G ","улица Карла Маркса, 20, Свободный, Амурская область, Россия",51.375822,128.135405,0.02819925869
844,7045,5478,"D. 68, UL. OKTYABR'SKAYA  RZHEV G     ","Октябрьская улица, 68, Ржев, Тверская область, Россия",56.243279,34.329729,-0.04296749151
845,7050,5478,"D. 37A, UL. BASMANNAYA NO MOSKVA G    ","Новая Басманная улица, 37А, Москва, Россия, 105066",55.769884,37.668695,-0.1140595362
846,7052,5478,"D. 238, UL. FRUNZE        NOVOSIBIRSK ","улица Фрунзе, 238, Новосибирск, Россия, 630112",55.03897,82.960728,-0.03590538345
847,7060,5478,"D. 6, UL. POLETAEVA       VLADIVOSTOK ","улица Полетаева, 6, микрорайон Седанка, Владивосток, Приморский край, Россия",43.212614,131.950882,0.02511855121
848,7063,5478,"D. 1, UL. VODONASOSNAYA   KOMSOMOLSK-N","Водонасосная улица, 1к2, Комсомольск-на-Амуре, Хабаровский край, Россия, 681008",50.594671,137.03461,-0.01374680732
849,7069,5478,"D. 21D, UL. SVETLAYA      GRAMOTEINO P","Светлая улица, 21, посёлок городского типа Грамотеино, Беловский городской округ, Кемеровская область, Россия, 652617",54.498351,86.370194,-0.08557745854
850,7074,5478,"D. 130, UL. GOR'KOGO      BLAGOVESHCHE","улица Горького, 130, Благовещенск, Амурская область, Россия",50.264793,127.544223,-0.09567026064
851,7078,5478,"D. 43, PR-KT LENINA       SEVERODVINSK","проспект Ленина, 43, Северодвинск, Архангельская область, Россия, 164507",64.5554,39.832656,-0.05505846985
852,7081,5478,"D. 22, UL. TASHKENTSKAYA  KHABAROVSK G","Ташкентская улица, 22, Хабаровск, Россия, 680040",48.364537,135.088886,-0.09274513947
853,7082,5478,"D. 7, UL. VERY SOLOMINOI  NOVOKUZNETSK","улица Веры Соломиной, 7, Новокузнецк, Кемеровская область, Россия, 654063",53.748065,87.05445,-0.08193430742
854,7094,5478,"D. 28A, UL. SMIRNICKOI    SYZRAN G    ","улица Смирницкой, 22, Сызрань, Самарская область, Россия, 446026",53.166564,48.469616,-0.06079925089
855,7097,5478,"D. 94, PER. YADRINCEVA    BARNAUL G   ","переулок Ядринцева, 94, Барнаул, Алтайский край, Россия, 656049",53.336769,83.763903,-0.07660509353
856,7099,5478,"D. 223, TRAKT PAVLOVSKII  BARNAUL G   ","Павловский тракт, 223, Барнаул, Алтайский край, Россия, 656064",53.340678,83.705521,-0.02088304749
857,7101,5478,"D. 17A, UL. STUDENCHESKAY BELGOROD G  ","Студенческая улица, 17А, Белгород, Россия, 308007",50.619686,36.575095,-0.1065148456
858,7103,5478,"D. 8, UL. MARII MAKSAKOVO ASTRAKHAN G ","улица Марии Максаковой, 8, Астрахань, Россия, 414056",46.364277,48.0443,0.01995586674
859,7114,5478,"D. 8, UL. FRUNZE          TULA G      ","улица Фрунзе, 8, Тула, Россия, 300041",54.195382,37.590003,-0.0543901794
860,7119,5478,"D. 137, UL. BARRIKAD      IRKUTSK G   ","улица Баррикад, 137, Иркутск, Россия, 664019",52.291593,104.329996,-0.02931365907
861,7127,5478,"D. 359, UL. ROZY LUKSEMBU IRKUTSK G   ","улица Розы Люксембург, 359, Иркутск, Россия, 664053",52.360091,104.141924,-0.05843965628
862,7139,5478,"D. 1, SH. OSTASHKOVSKOE   MYTISHCHI G ","Осташковское шоссе, 1, Мытищи, Московская область, Россия, 141031",55.897771,37.666072,-0.01296718351
863,7155,5478,"D. 30, UL. LENINA         ELIZOVO G   ","улица Ленина, 30, Елизово, Камчатский край, Россия, 684000",53.192161,158.384079,-0.04902529883
864,7159,5478,"D. 146, PR-KT UNYH PIONER SAMARA G    ","проспект Юных Пионеров, 146, Самара, Россия, 443105",53.231328,50.258593,-0.06961210643
865,7163,5478,"D. 42, UL. KALINOVSKAYA   KOSTROMA G  ","Калиновская улица, 42, Кострома, Россия, 156013",57.774743,40.944151,-0.05634390207
866,7170,5478,"D. 21 A, UL. OIUNSKOGO    LENSK G     ","улица Ойунского, 21А, Ленск, Республика Саха (Якутия), Россия, 678144",60.718748,114.920082,-0.06720015479
867,7178,5478,"D. 17, UL. VERHNYAYA      SARATOV G   ","Верхняя улица, 17, Саратов, Россия, 410076",51.510507,45.978013,-0.04627524492
868,7182,5478,"D. 65, UL. KRAULYA        EKATERINBURG","улица Крауля, 65, Екатеринбург, Свердловская область, Россия, 620131",56.830014,60.547178,-0.07859410283
869,7188,5478,"D. 24-30, UL. A.NEVSKOGO  KALININGRAD ","улица Александра Невского, 24, Калининград, Россия",54.726444,20.527843,-0.06906139131
870,7190,5478,"D. 79, UL. ZHURAVLEVA     CHITA G     ","улица Журавлёва, 79, Чита, Забайкальский край, Россия, 672000",52.044427,113.504948,0.03860995534
871,7193,5478,"D. 141, STR. 1, UL. VLADI BALASHIKHA G","1-я улица, СНТ Безменково-2, Балашиха, Московская область, Россия",55.788216,38.060954,-0.08306181178
872,7214,5478,"D. 47, UL. KORENOVSKAYA   KRASNODAR G ","Кореновская улица, 47, Краснодар, Россия",45.09913,38.976193,-0.05480514738
873,7237,5478,"D. 1, UL. NOGINA          ASTRAKHAN G ","улица Ногина, 1/98литА, Астрахань, Россия, 414000",46.347228,48.055026,0.03803535804
874,7239,5478,"D. 87A, UL. RUSSKAYA      VLADIVOSTOK ","Русская улица, 87А, Владивосток, Приморский край, Россия, 690105",43.168753,131.934991,0.02691400545
875,7240,5478,"D. 75, PR-KT POBEDY       KOMSOMOLSK-N","проспект Победы, 75, Комсомольск-на-Амуре, Хабаровский край, Россия, 681007",50.593379,137.058155,-0.04249084937
876,7243,5478,"D. 48, UL. DZERZHINSKOGO  MAGDAGACHI P","улица Дзержинского, 46, посёлок городского типа Магдагачи, Магдагачинский район, Амурская область, Россия, 676124",53.454953,125.800216,-0.09148681288
877,7249,5478,"D. 29V, PR-KT LENINGRADSK KEMEROVO G  ",,,,-0.02523284355
878,7251,5478,"D. 46, UL. KIROVA         KALUGA G    ","улица Кирова, 46, Калуга, Россия, 248001",54.514007,36.257388,-0.009816259413
879,7262,5478,"D. 26 A, UL. TERESHKOVOI  ULAN-UDE G  ",,,,-0.01286024357
880,7268,5478,"D. 1, UL. 30 IULYA        KRASNOYARSK ","улица 30 Июля, 1, Красноярск, Россия, 660021",56.005677,92.830024,-0.01997240571
881,7269,5478,"D. 60, UL. MOZHAISKOGO    TVER G      ","улица Можайского, 60, Тверь, Россия, 170043",56.819124,35.899787,-0.05741713133
882,7283,5478,"D. 2, SH. BERDSKOE        NOVOSIBIRSK ","Бердское шоссе, 2, Новосибирск, Россия, 630097",54.9702,83.037336,-0.01146289552
883,7292,5478,"D. 49, PR-KT MOSKOVSKII   BRYANSK G   ","Московский проспект, 49, Брянск, Россия",53.215116,34.423181,0.05228538646
884,7293,5478,"D. 80, PR-KT MOSKOVSKII   NABEREZHNYE ","Московский проспект, 80, Набережные Челны, Республика Татарстан, Россия, 423814",55.722512,52.394158,-0.1133400372
885,7296,5478,"D. 7, UL. NAIMUSHINA      BRATSK G    ","улица Наймушина, 7, жилой район Энергетик, Братск, Иркутская область, Россия, 665709",56.308066,101.753259,-0.06390955727
886,7297,5478,"D. 21, UL. SOVETSKAYA     BRATSK G    ","Советская улица, 21, Центральный район, Братск, Иркутская область, Россия",56.149456,101.640772,-0.03453618276
887,7301,5478,"D. 89, UL. ADY LEBEDEVOI  KRASNOYARSK ","улица Ады Лебедевой, 89, Красноярск, Россия, 660060",56.015037,92.85992,-0.07643927224
888,7303,5478,"D. 116/2, UL. KRASNOARMEI KRASNODAR G ",,,,-0.02031995781
889,7308,5478,"D. 5, UL. VOENNAYA        NOVOSIBIRSK ","Военная улица, 5, Новосибирск, Россия, 630017",55.028749,82.936698,0.01965919832
890,7310,5478,"D. 29, UL. MYASNIKOVOI    NOVOSIBIRSK ","улица Мясниковой, 29, Новосибирск, Россия, 630129",55.105156,82.934291,0.02436535008
891,7329,5478,"D. 27, UL. ORDZHONIKIDZE  SOCHI G     ","улица Орджоникидзе, 27, микрорайон Центральный, Сочи, Краснодарский край, Россия",43.573828,39.729745,-0.07254292031
892,7341,5478,"D. 19B, UL. BORSOEVA      ULAN-UDE G  ","улица Борсоева, 19, Улан-Удэ, Республика Бурятия, Россия, 670000",51.838337,107.581789,-0.03340091806
893,7343,5478,"D. 19/1, MKR. UBILEINYI   IRKUTSK G   ",,,,-0.07942024073
894,7345,5478,"D. 53, PR-KT OKTYABR'SKII CHEREPOVETS ","Октябрьский проспект, 53, Череповец, Вологодская область, Россия, 162609",59.091711,37.914681,-0.1142516676
895,7350,5478,"D. 62, UL. SUN YAT-SENA   ASTRAKHAN G ","улица Сун Ят-Сена, 62, Астрахань, Россия, 414041",46.361771,48.078526,-0.01456981187
896,7355,5478,"D. 2/9, UL. LERMONTOVA    KULUNDA S   ","улица Лермонтова, 2/9, село Кулунда, Кулундинский район, Алтайский край, Россия",52.565871,78.940561,-0.0002656489438
897,7359,5478,"D. 26, UL. BOTVINA        ASTRAKHAN G ","улица Ботвина, 26, Астрахань, Россия, 414052",46.366,48.062652,-0.1357485788
898,7361,5478,"D. 2, UL. ARHITEKTOROV    TOMSK G     ","улица Архитекторов, 2, микрорайон Зелёные Горки, Томск, Россия",56.493988,85.056417,0.06018243357
899,7376,5478,"D. 13B, PR-KT KOMSOMOL'SK TOMSK G     ",,,,0.02217222737
900,7379,5478,"D. 132, UL. LENINA        ALMETYEVSK G","улица Ленина, 132, Альметьевск, Республика Татарстан, Россия, 423403",54.907812,52.25544,-0.1159471846
901,7385,5478,"D. 6V, UL. BUL'VARNAYA    ASTRAKHAN G ","Бульварная улица, 6, микрорайон имени Бабаевского, Астрахань, Россия",46.406201,48.08918,0.0144119596
902,7401,5478,"D. 54, UL. ARMAVIRSKAYA   SOCHI G     ","Армавирская улица, 54, микрорайон Дагомыс, Сочи, Краснодарский край, Россия",43.658798,39.652059,-0.09347192333
903,7403,5478,"D. 34, UL. ZAL'CMANA      CHELYABINSK ","улица Зальцмана, 34, Челябинск, Россия, 454079",55.16702,61.521095,-0.02597747108
904,7428,5478,"D. 2A, UL. GAGARINA       LESOZAVODSK ","улица Гагарина, 2, рабочий посёлок Сазоново, Чагодощенский район, Вологодская область, Россия, 162430",59.099272,35.220589,-0.04041389259
905,7436,5478,"D. 4, UL. IVANOVSKAYA     VLADIVOSTOK ","Ивановская улица, 4, Владивосток, Приморский край, Россия, 690005",43.111311,131.928918,0.07106250681
906,7462,5478,"D. 97, UL. KUIBYSHEVA     KRASNOYARSK ","улица Куйбышева, 97, Красноярск, Россия, 660018",56.023218,92.828443,-0.04639133548
907,7471,5478,"D. 153, PR-KT OKTYABR'SKI KIROV G     ","Октябрьский проспект, 153, Киров, Россия, 610001",58.583204,49.657674,0.02195682146
908,7477,5478,"D. 36, UL. REVOLUCII      TOPKI G     ","улица Революции, 36, Топки, Кемеровская область, Россия, 652300",55.276062,85.617406,-0.06983950267
909,7482,5478,"D. 11, UL. STANCIONNAYA   ANZHERO-SUJE","Станционная улица, 9, село Новоильинск, Заиграевский район, Республика Бурятия, Россия",51.674997,108.707091,-0.1014257223
910,7492,5478,"D. 102/1, UL. LENINA      PROKHLADNYY ","улица Ленина, 102/1, Прохладный, Кабардино-Балкарская Республика, Россия, 361045",43.757666,44.015742,-0.08161333133
911,7507,5478,UL. SHIROKOVA V.F.        KOSTROMA G,,,,-0.08805242809
912,7512,5478,"D. 1, UL. SHEREMETOVA     TIMASHEVSK G","улица Шереметова, 1, Тимашевск, Краснодарский край, Россия, 352708",45.630053,38.963725,-0.1450012315
913,7531,5478,"D. 13, UL. POBEDY         SKOVORODINO ","улица Победы, 13, Сковородино, Амурская область, Россия, 676014",53.977122,123.931298,-0.006239551336
914,7558,5478,"D. 19, POM. 1, UL. LENINA KURAGINO PGT","посёлок городского типа Курагино, Курагинский район, Красноярский край, Россия",53.888547,92.66768,0.05463259517
915,7559,5478,"17, UL. PROLETARSKAYA     OBLUCHYE G  ","Пролетарская улица, 15, Облучье, Еврейская автономная область, Россия",49.010402,131.051821,-0.002278867139
916,7561,5478,"D. 40, UL. A.SUVOROVA     KALININGRAD ","улица Суворова, 40, Калининград, Россия",54.693613,20.472641,-0.07387521483
917,7568,5478,UL. POLUBOYAROVA          NARO-FOMINSK,"улица Полубоярова, Наро-Фоминск, Московская область, Россия",55.384114,36.74529,0.02506995225
918,7572,5478,"D. 56, PR-KT LENINA       ROSTOV-NA-DO",,,,-0.09404913296
919,7579,5478,"D. 23, UL. PUSHKINA       NOVOKUZNETSK","улица Пушкина, 23, микрорайон Абашево, Новокузнецк, Кемеровская область, Россия, 654013",53.80091,87.375768,-0.02158565509
920,7580,5478,"D. 144 A, UL. SUVOROVA    PENZA G     ","улица Суворова, 144А, Пенза, Россия",53.202572,44.997861,0.02036870615
921,7585,5478,"D. 91, UL. KARLA MARKSA   KHABAROVSK G","улица Карла Маркса, 91, Хабаровск, Россия, 680009",48.497492,135.097932,0.02298519308
922,7588,5478,"D. 9A, UL. RADUZHNAYA     ZASECHNOE S ","Радужная улица, 9А, микрорайон Город Спутник, село Засечное, Пензенский район, Пензенская область, Россия, 440514",53.141741,45.039049,0.01183334518
923,7590,5478,"D. 98, UL. TREHGORNAYA    KHABAROVSK G","Трёхгорная улица, 98, Хабаровск, Россия",48.546151,135.054058,0.04205606984
924,7592,5478,"D. 32, PR-KT GAGARINA     PROKOPYEVSK ","проспект Гагарина, 32, Прокопьевск, Кемеровская область, Россия, 653033",53.872518,86.636769,-0.1450012315
925,7596,5478,"D. 28, LITER N, UL. LENIN KHABAROVSK G","улица Ленина, 28, Хабаровск, Россия, 680030",48.471485,135.076157,0.0101184271
926,7600,5478,"D. 13, UL. MAIOROVA       OZINKI RP   ","улица Майорова, рабочий посёлок Озинки, Озинский район, Саратовская область, Россия",51.195937,49.738361,-0.05660484021
927,7609,5478,"D. 39, UL. LENINA         PEREYASLAVKA","улица Ленина, 39, рабочий посёлок Переяславка, район им. Лазо, Хабаровский край, Россия",47.967438,135.053879,0.08509431465
928,7613,5478,"D. 45A, PR-KT STROITELEI  PENZA G     ","проспект Строителей, 45А, Пенза, Россия, 440066",53.22211,44.894492,-0.02505508888
929,7614,5478,"D. 63, UL. MICHURINA      SARATOV-63 N","садоводческое некоммерческое товарищество имени Мичурина, Новоусманский район, Воронежская область, Россия",51.611192,39.465847,-0.07884273823
930,7615,5478,"D. 71, UL. VOLGOGRADSKAYA SARANSK G   ","Волгоградская улица, 71, Саранск, Республика Мордовия, Россия, 430009",54.185631,45.216915,-0.04968347425
931,7634,5478,"D. 25, UL. SOVETSKAYA     BELOVO G    ","Советская улица, 25, Белово, Кемеровская область, Россия, 652600",54.417352,86.304051,0.02289156172
932,7641,5478,"D. 1, MKR. DEVICH'YA SOPK CHITA G     ","микрорайон Девичья Сопка, 1к1, Чита, Забайкальский край, Россия",52.063594,113.399584,-0.03350290113
933,7652,5478,"D. 117, UL. KOMAROVA      BALAKOVO G  ","улица Комарова, 117, Балаково, Саратовская область, Россия, 413841",52.006523,47.792224,-0.005468482588
934,7661,5478,"D. 23, PR-KT DZERZHINSKOG ORENBURG G  ","проспект Дзержинского, 23, Оренбург, Россия, 460044",51.833429,55.128827,-0.0735609573
935,7662,5478,"D. 44, UL. KRASNAYA PRESN TYNDA G     ","улица Красная Пресня, 44, Тында, Амурская область, Россия, 676282",55.149568,124.743294,-0.04496978618
936,7679,5478,"D. 6, UL. GAGARINA        ZAPLAVNOE S ","улица Гагарина, 6, село Заплавное, Ленинский район, Волгоградская область, Россия",48.708958,45.016888,-0.1386901303
937,7716,5478,"D. 2/1, MKR. MIRNYI       SAYANSK G   ","9-й микрорайон, 2, Саянск, Иркутская область, Россия",54.109459,102.193577,-0.1112393265
938,7719,5478,"D. 14, UL. SOVETSKAYA     KAMENSK PGT ","Советская улица, 14, поселок городского типа Каменск, Кабанский район, Республика Бурятия, Россия",51.983815,106.584039,-0.0777065973
939,7733,5478,"D. 12A, UL. TERESHKOVOI   ONOKHOY PGT ","улица Терешковой, 12А, поселок городского типа Онохой, Заиграевский район, Республика Бурятия, Россия, 671300",51.930212,108.071623,0.02110843854
940,7747,5478,"D. 31, SH. SVERDLOVSKOE   NIZHNIY TAGI","Свердловское шоссе, 31, Нижний Тагил, Свердловская область, Россия, 622001",57.875754,60.015213,-0.05342350281
941,7749,5478,"D. 24, UL. PIONERSKAYA    KOTOVSK G   ","Пионерская улица, 24, Котовск, Тамбовская область, Россия, 393190",52.590054,41.503442,-0.03234752944
942,7775,5478,"D. 1, UL. MARSHALA ZHUKOV VORONEZH G  ","улица Маршала Жукова, 1, Воронеж, Россия, 394077",51.70802,39.172906,-0.006000875343
943,7781,5478,"D. 13, UL. SHIRYAMOVA     IRKUTSK G   ","улица Ширямова, 13, Иркутск, Россия, 664009",52.273009,104.355723,0.004277928765
944,7782,5478,"D. 6, UL. ORDZHONIKIDZE   ELETS G     ","улица Орджоникидзе, 6, Елец, Липецкая область, Россия, 399773",52.612145,38.528437,0.01257652378
945,7785,5478,"D. 13, UL. SHIRYAMOVA     IRKUTSK G   ","улица Ширямова, 13, Иркутск, Россия, 664009",52.273009,104.355723,0.01082629522
946,7786,5478,"D. 136, UL. BEBELYA       EKATERINBURG","улица Бебеля, 136, Екатеринбург, Свердловская область, Россия, 620141",56.860757,60.552325,-0.01419894559
947,7787,5478,"D. 1, PL. BAHCHIVANDZHI   EKATERINBURG","площадь Бахчиванджи, 1, Екатеринбург, Свердловская область, Россия, 620025",56.750211,60.801671,-0.03871662024
948,7800,5478,"D. 6, UL. ORDZHONIKIDZE   ELETS G     ","улица Орджоникидзе, 6, Елец, Липецкая область, Россия, 399773",52.612145,38.528437,0.04339963758
949,7806,5478,"D. 172, PR-KT LENINSKII   VORONEZH G  ","Ленинский проспект, 172, Воронеж, Россия, 394033",51.693228,39.269978,-0.01771954282
950,7807,5478,"D. 172, PR-KT LENINSKII   VORONEZH G  ","Ленинский проспект, 172, Воронеж, Россия, 394033",51.693228,39.269978,-0.04406171567
951,7812,5478,"D. 188, UL. KIROVA        BELOGORSK G ","улица Кирова, 186, Белогорск, Амурская область, Россия",50.915733,128.498899,0.04731297826
952,7816,5478,"D. 55, UL. LAZO           BLAGOVESHCHE","улица Лазо, 55, Благовещенск, Амурская область, Россия, 675002",50.259178,127.566681,0.01275600728
953,7823,5478,"D. 1A, UL. VOENNOE SHOSSE VLADIVOSTOK ","Военное шоссе, 1А, Владивосток, Приморский край, Россия",43.133065,131.915444,-0.1228854801
954,7829,5478,"D. 17, UL. GRECHESKAYA    TAGANROG G  ","Греческая улица, 17, Таганрог, Ростовская область, Россия, 347922",47.206396,38.944168,-0.1105575074
955,7831,5478,"D. 120/8, UL. MINSKAYA    KRASNODAR G ","Минская улица, 120/8, микрорайон Сельскохозяйственный Институт, Краснодар, Россия, 350004",45.037082,38.932329,0.002326585762
956,7832,5478,"D. 7, UL. ALEKSANDRA MATR KRASNOYARSK ","улица Александра Матросова, 7, Красноярск, Россия, 660093",55.987916,92.888199,-0.05006245243
957,7842,5478,"D. 35, UL. DZERZHINSKOGO  KALININGRAD ","улица Дзержинского, 35, Калининград, Россия, 236004",54.69583,20.525669,-0.07549591214
958,7844,5478,"D. 85, UL. OBORONNAYA     TULA G      ","Оборонная улица, 85, Тула, Россия",54.17809,37.628837,-0.04507166728
959,7846,5478,"D. 1, KORP. 1, UL. GAGARI OMSK G      ","улица Гагарина, 1, деревня Захарьино, район Южное Бутово, Юго-Западный административный округ, Москва, Россия",55.497954,37.591306,-0.0373262022
960,7853,5478,"D. 182, UL. NOVO-SADOVAYA SAMARA G    ","Ново-Садовая улица, 182, Самара, Россия, 443124",53.237995,50.192306,0.006101559008
961,7873,5478,"D. 9, PL. REVOLUCII       NIZHNIY NOVG","площадь Революции, 9, Нижний Новгород, Россия, 603002",56.320338,43.947623,-0.006490128591
962,7887,5478,"D. 83, PR-KT LENINA       CHELYABINSK ","проспект Ленина, 83, Челябинск, Россия, 454080",55.158241,61.371373,-0.01207263355
963,7888,5478,"D. 83, PR-KT LENINA       CHELYABINSK ","проспект Ленина, 83, Челябинск, Россия, 454080",55.158241,61.371373,-0.008256405649
964,7895,5478,"D. 6, MKR. STEPNOI        YASNOGORSK P","Степной микрорайон, 6, поселок городского типа Ясногорск, Оловяннинский район, Забайкальский край, Россия",50.873874,115.698239,-0.04956599294
965,7920,5478,"D. 20, UL. LENINA         ALDAN G     ","улица Ленина, 20, Алдан, Республика Саха (Якутия), Россия, 678901",58.608897,125.388087,0.05152853759
966,7921,5478,"D. 20, UL. LENINA         ALDAN G     ","улица Ленина, 20, Алдан, Республика Саха (Якутия), Россия, 678901",58.608897,125.388087,0.08162936226
967,7942,5478,"D. 25B, UL. PROFSOUZNAYA  KOSTROMA G  ","Профсоюзная улица, 25, Кострома, Россия, 156016",57.735799,40.999792,-0.04095551081
968,7965,5478,"D. 7, PR-KT LENINA        KEMEROVO G  ","проспект Ленина, 7, Кемерово, Россия, 650025",55.343927,86.064982,-0.04565278883
969,7973,5478,"D. 56, PR-KT LENINA       ROSTOV-NA-DO",,,,-0.02726950459
970,7991,5478,"D. 24, UL. LENINA         PERM G      ","улица Ленина, 24, Пермь, Россия",58.01456,56.250733,-0.03224113879
971,7996,5478,"D. 22, PR-KT POBEDY       KOMSOMOLSK-N","проспект Победы, 22, Комсомольск-на-Амуре, Хабаровский край, Россия, 681014",50.589073,137.059817,-0.004000952462
972,7998,5478,"D. 5, UL. KRASNOGVARDEISK NOVOALTAYSK ","Красногвардейская улица, 5, Новоалтайск, Алтайский край, Россия, 658080",53.413899,83.928869,-0.06904343331
973,8009,5478,"D. 26, UL. VESNY          KRASNOYARSK ","улица Весны, 26, микрорайон Взлётка, Советский район, Красноярск, Россия",56.039057,92.916738,-0.03062787157
974,8010,5478,"D. 26, UL. VESNY          KRASNOYARSK ","улица Весны, 26, микрорайон Взлётка, Советский район, Красноярск, Россия",56.039057,92.916738,-0.006717497418
975,8011,5478,"D. 26, UL. VESNY          KRASNOYARSK ","улица Весны, 26, микрорайон Взлётка, Советский район, Красноярск, Россия",56.039057,92.916738,0.00716169574
976,8012,5478,"D. 90A, UL. 20-LETIYA OKT VORONEZH G  ","улица 20-летия Октября, 90А, Воронеж, Россия, 394006",51.654757,39.189417,-0.02241508244
977,8013,5478,"D. 90A, UL. 20-LETIYA OKT VORONEZH G  ","улица 20-летия Октября, 90А, Воронеж, Россия, 394006",51.654757,39.189417,-0.04797843507
978,8014,5478,"D. 90A, UL. 20-LETIYA OKT VORONEZH G  ","улица 20-летия Октября, 90А, Воронеж, Россия, 394006",51.654757,39.189417,-0.04305462436
979,8015,5478,"D. 90A, UL. 20-LETIYA OKT VORONEZH G  ","улица 20-летия Октября, 90А, Воронеж, Россия, 394006",51.654757,39.189417,-0.006511740047
980,8021,5478,"D. 35A, PR-KT LENINA      VLADIMIR G  ","проспект Ленина, 35А, Владимир, Россия, 600015",56.118028,40.363066,0.01041600647
981,8040,5478,"D. 468/5, UL. SEROVA      STAVROPOL G ","улица Серова, 468/5, Ставрополь, Россия, 355013",45.033553,42.019093,-0.02046810777
982,8044,5478,"D. 2K, UL. OMSKAYA        ROSTOV-NA-DO","Омская улица, 2Б, Ростов-на-Дону, Россия",47.260522,39.720771,-0.03978563014
983,8047,5478,"D. 1/34, PR-KT TRAKTOROST CHEBOXARY G ","1-й микрорайон, 34, Московский, Москва, Россия",55.597698,37.353504,0.008856525789
984,8052,5478,"D. 43, PR-KT SHAHTEROV    PROKOPYEVSK ","проспект Шахтёров, 43, Прокопьевск, Кемеровская область, Россия, 653000",53.887242,86.748456,-0.05149107393
985,8053,5478,"D. 43, PR-KT SHAHTEROV    PROKOPYEVSK ","проспект Шахтёров, 43, Прокопьевск, Кемеровская область, Россия, 653000",53.887242,86.748456,-0.05642838749
986,8054,5478,"D. 221, UL. BORISA BOGATK NOVOSIBIRSK ","улица Бориса Богаткова, 221, Новосибирск, Россия, 630089",55.037252,82.976251,-0.03408460816
987,8055,5478,"D. 221, UL. BORISA BOGATK NOVOSIBIRSK ","улица Бориса Богаткова, 221, Новосибирск, Россия, 630089",55.037252,82.976251,-0.005805920678
988,8056,5478,"D. 221, UL. BORISA BOGATK NOVOSIBIRSK ","улица Бориса Богаткова, 221, Новосибирск, Россия, 630089",55.037252,82.976251,-0.03520221906
989,8057,5478,"D. 221, UL. BORISA BOGATK NOVOSIBIRSK ","улица Бориса Богаткова, 221, Новосибирск, Россия, 630089",55.037252,82.976251,0.004621622747
990,8069,5478,"D. 20, UL. ZHURAVLEVA     CHITA G     ","улица Журавлёва, 20, Чита, Забайкальский край, Россия, 672000",52.034694,113.496818,-0.0003040087325
991,8072,5478,"D. 251 A, UL. M.GOR'KOGO  SERDOBSK G  ","улица Максима Горького, 251А, Сердобск, Пензенская область, Россия",52.47595,44.218007,-0.08264050264
992,8074,5478,"D. 23, UL. PRISHVINA      MOSKVA G    ","улица Пришвина, 23, Москва, Россия, 127560",55.885494,37.604673,0.0256778446
993,8075,5478,"D. 23, UL. PRISHVINA      MOSKVA G    ","улица Пришвина, 23, Москва, Россия, 127560",55.885494,37.604673,0.01781062516
994,8076,5478,"D. 23, UL. PRISHVINA      MOSKVA G    ","улица Пришвина, 23, Москва, Россия, 127560",55.885494,37.604673,0.007174162594
995,8077,5478,"D. 23, UL. PRISHVINA      MOSKVA G    ","улица Пришвина, 23, Москва, Россия, 127560",55.885494,37.604673,0.002351662269
996,8106,5478,"D. 16, UL. KANTEMIROVA    BLAGOVESHCHE","улица Кантемирова, 16, 2-й микрорайон, Благовещенск, Амурская область, Россия",50.30109,127.521837,0.008184382875
997,8110,5478,"D. 160I, PR-KT IM GAZETY  KRASNOYARSK ","проспект имени Газеты Красноярский Рабочий, 160, Красноярск, Россия, 660010",55.997396,92.904692,-0.06067678591
998,8111,5478,"D. 160I, PR-KT IM GAZETY  KRASNOYARSK ","проспект имени Газеты Красноярский Рабочий, 160, Красноярск, Россия, 660010",55.997396,92.904692,-0.08905785529
999,8112,5478,"D. 160I, PR-KT IM GAZETY  KRASNOYARSK ","проспект имени Газеты Красноярский Рабочий, 160, Красноярск, Россия, 660010",55.997396,92.904692,-0.06197726053
1000,8113,5478,"D. 160I, PR-KT IM GAZETY  KRASNOYARSK ","проспект имени Газеты Красноярский Рабочий, 160, Красноярск, Россия, 660010",55.997396,92.904692,-0.1085640269
1001,8116,5478,"D. 92, UL. SHERONOVA      KHABAROVSK G","улица Шеронова, 92, Хабаровск, Россия, 680000",48.481143,135.067452,0.02218157266
1002,8125,5478,"D. 45, UL. LENINA         RYAZAN G    ","улица Ленина, 45, Рязань, Россия, 390000",54.627783,39.745771,-0.001632724194
1003,8138,5478,"D. 3, STR. 10, UL. NEVEZH KURGAN G    ","10-я Больничная улица, 6, Курган, Россия, 640026",55.425047,65.32591,-0.001030968385
1004,8143,5478,"D. 7, KORP. 1, UL. BARKLA MOSKVA G    ","Старая Басманная улица, 7с1, Москва, Россия, 105064",55.764663,37.657485,-0.03889243302
1005,8145,5478,"D. 7, KORP. 1, UL. BARKLA MOSKVA G    ","Старая Басманная улица, 7с1, Москва, Россия, 105064",55.764663,37.657485,-0.004868120447
1006,8146,5478,"D. 7, KORP. 1, UL. BARKLA MOSKVA G    ","Старая Басманная улица, 7с1, Москва, Россия, 105064",55.764663,37.657485,-0.001218576338
1007,8155,5478,"D. 30, UL. LENINA         KURSK G     ","улица Ленина, 30, Курск, Россия, 305000",51.737936,36.192368,-0.06897166316
1008,8163,5478,"29, UL. ZAPADNYI OBHOD    KRASNODAR G ","улица Западный Обход, 29, Краснодар, Россия, 350053",45.080568,38.893755,-0.03246303178
1009,8164,5478,"D. 4, UL. REVOLUCII       GORYACHIY KL","улица Революции, 4, Горячий Ключ, Краснодарский край, Россия, 353290",44.635753,39.133803,-0.08120353349
1010,8173,5478,"D. 1, UL. KOMMUNISTICHESK MYTISHCHI G ","Коммунистическая улица, 1, Мытищи, Московская область, Россия, 141011",55.891809,37.748735,0.03605581433
1011,8197,5478,"D. 24/1, UL. POBEDY       OSINNIKI G  ","улица Победы, 24, Осинники, Кемеровская область, Россия, 652811",53.597236,87.336485,-0.06487011892
1012,8202,5478,"D. 24/1, UL. POBEDY       OSINNIKI G  ","улица Победы, 24, Осинники, Кемеровская область, Россия, 652811",53.597236,87.336485,-0.03148933196
1013,8213,5478,"D. 34, UL. KOMSOMOL'SKAYA NOVOMOSKOVSK","улица Мира, 34, Новомосковск, Тульская область, Россия, 301665",54.023478,38.262266,-0.05221385617
1014,8230,5478,"D. 5/1, UL. VZLETNAYA     KRASNOYARSK ","Взлётная улица, 5с1, Красноярск, Россия, 660135",56.033389,92.916675,-0.03474485756
1015,8234,5478,"D. 91, UL. KARLA MARKSA   KHABAROVSK G","улица Карла Маркса, 91, Хабаровск, Россия, 680009",48.497492,135.097932,-0.02291619257
1016,8258,5478,"D. 54, PR-KT LENINA       TULA G      ","проспект Ленина, 54, Тула, Россия, 300012",54.182833,37.604969,0.0438977507
1017,8259,5478,"D. 54, PR-KT LENINA       TULA G      ","проспект Ленина, 54, Тула, Россия, 300012",54.182833,37.604969,0.01643419491
1018,8260,5478,"D. 34, PR-KT LENINA       MURMANSK G  ","проспект Ленина, 34, Мурманск, Россия, 183038",68.956985,33.067489,0.008818292913
1019,8285,5478,"D. 171, PR-KT MOSKOVSKII  KALININGRAD ","Московский проспект, 171, Калининград, Россия, 236006",54.710261,20.541794,-0.007314990787
1020,8288,5478,"D. 67, UL. DZERZHINSKOGO  KURSK G     ","улица Дзержинского, 67, Курск, Россия, 305035",51.723081,36.173405,-0.08949476666
1021,8301,5478,"D. 1, UL. UBILEINAYA      BELOVO G    ","Юбилейная улица, 1, Белово, Кемеровская область, Россия, 652612",54.411531,86.312666,-0.03347795349
1022,8303,5478,"D. 20, UL. BAUMANA        KEMEROVO G  ","улица Баумана, 20, Кемерово, Россия, 650040",55.317445,86.095525,0.01167161444
1023,8305,5478,"D. 25, PR-KT MOSKOVSKII   ARKHANGELSK ","Московский проспект, 25, Архангельск, Россия",64.532695,40.592595,-0.06797713011
1024,8308,5478,"D. 10, PL. POBEDY         KALININGRAD ","площадь Победы, 10, Калининград, Россия",54.719602,20.503795,-0.08819487758
1025,8320,5478,"D. 22, PR-KT POBEDY       KOMSOMOLSK-N","проспект Победы, 22, Комсомольск-на-Амуре, Хабаровский край, Россия, 681014",50.589073,137.059817,0.07612822723
1026,8321,5478,"D. 51, LIT. A, PR-KT LENI KRASNOE SELO","проспект Ленина, 51, Красное Село, Санкт-Петербург, Россия, 198320",59.741237,30.090678,0.02359200145
1027,8332,5478,"D. 110, UL. BELINSKOGO    NIZHNIY NOVG","улица Белинского, 110, Нижний Новгород, Россия, 603006",56.317587,44.020045,-0.05753935538
1028,8333,5478,"D. 3, PR-KT LENINA        SAMARA G    ","проспект Ленина, 3, Самара, Россия, 443110",53.209265,50.139989,0.05613168964
1029,8334,5478,"D. 3, PR-KT LENINA        SAMARA G    ","проспект Ленина, 3, Самара, Россия, 443110",53.209265,50.139989,0.05086119086
1030,8335,5478,"D. 87/22, UL. LOMONOSOVA  SEVERODVINSK","улица Ломоносова, 87, Северодвинск, Архангельская область, Россия, 164515",64.549135,39.776736,-0.05737406183
1031,8349,5478,"52 B, UL. LENINA          VOLZHSK G   ","улица Ленина, 52, Волжск, Республика Марий Эл, Россия, 425000",55.864293,48.364792,-0.09059656547
1032,8350,5478,"D. 52B, UL. LENINA        VOLZHSK G   ","улица Ленина, 52, Волжск, Республика Марий Эл, Россия, 425000",55.864293,48.364792,-0.08365267591
1033,8357,5478,"D. 31, UL. SKAL'NAYA      MURMANSK G  ","Скальная улица, 31, Мурманск, Россия, 183036",68.975853,33.11421,-0.05509966554
1034,2978,8083,"Vakhrusheva, 13        Artem          ","улица Вахрушева, 13, Артём, Приморский край, Россия, 692754",43.34735,132.124104,0.1012601195
1035,2982,8083,"Oktyabrskaya, 2        Zaigrayevo     ","Октябрьская улица, 2, поселок городского типа Заиграево, Заиграевский район, Республика Бурятия, Россия",51.834286,108.26556,0.1637724125
1036,2985,8083,"ZHYKOVA, 18            Abakan         ","улица Маршала Жукова, 18, Абакан, Республика Хакасия, Россия, 655017",53.723757,91.462052,0.1351480044
1037,2995,8083,"SOVETSKAYA, 139A       Irkutsk        ","Советская улица, 139А, Иркутск, Россия, 664009",52.280007,104.356586,0.1137469351
1038,3004,8083,"BORISENKO, 35          Vladivostok    ","улица Борисенко, 35, Владивосток, Приморский край, Россия, 690011",43.097284,131.956541,0.1770179956
1039,3007,8083,"STROITELNAYA, 7A       Nizhniy Kuranak","Строительная улица, 7А, посёлок Нижний Куранах, Алданский муниципальный район, Республика Саха (Якутия), Россия, 678940",58.820673,125.534288,0.19444838
1040,3009,8083,"KRYLOVA, 66B           Abakan         ","улица Крылова, 66А, Абакан, Республика Хакасия, Россия, 655017",53.736515,91.447876,0.1249213321
1041,3010,8083,"ISKROVSKIY, 29         Sankt-Peterburg","Искровский проспект, 29, Санкт-Петербург, Россия, 193230",59.89899,30.471977,0.1649664553
1042,3011,8083,"2 SOVETSKAYA, 17       Sankt-Peterburg","2-я Советская улица, 17, Санкт-Петербург, Россия, 191036",59.931648,30.368096,0.1497385284
1043,3014,8083,"KOCHETOVA, 104         Kyzyl          ","улица Кочетова, 104, Кызыл, Республика Тыва, Россия, 667005",51.71792,94.423231,0.1799904419
1044,3020,8083,"KOMSOMOLSKAYA, 76      Tolyatti       ","Комсомольская улица, 76, Тольятти, Самарская область, Россия, 445009",53.519311,49.416485,0.1521736273
1045,3026,8083,"LENINA, 375            Stavropol      ","улица Ленина, 375, Ставрополь, Россия, 355029",45.036458,41.935352,0.2169927559
1046,3034,8083,"IRKUTSKIY TR., 26      Tomsk          ","Иркутский тракт, 26, Томск, Россия, 634049",56.502832,85.006345,0.2186083167
1047,3042,8083,339 Strelkovoy Divizii Rostov-na-Donu,"улица 339-й Стрелковой Дивизии, микрорайон Западный, Ростов-на-Дону, Россия",47.225126,39.623645,0.2015145114
1048,3053,8083,"LENINGRADSKIY PR,39.3  Moskva         ","Ленинградский проспект, 39с3, Москва, Россия, 125167",55.790712,37.539554,0.1473095155
1049,3056,8083,"LENINA, 73             Tomsk          ","проспект Ленина, 73, Томск, Россия, 634050",56.475882,84.950469,0.104710964
1050,3064,8083,"Savvinskoye sh, 10     ZHeleznodorozhn","Саввинское шоссе, 10, микрорайон Железнодорожный, Балашиха, Московская область, Россия, 143986",55.744161,38.01487,0.1624233777
1051,3065,8083,"BAUMANSKAYA, 9         Norilsk        ","Бауманская улица, 9, Норильск, Красноярский край, Россия, 663332",69.490557,88.383354,0.1958730343
1052,3066,8083,"OKTYABRSKAYA, 2        Norilsk        ","Октябрьская улица, 2, Норильск, Красноярский край, Россия",69.315613,88.206647,0.2086663622
1053,3070,8083,"TURGENEVA, 135.1       Krasnodar      ","улица Тургенева, 135/1, Фестивальный микрорайон, Краснодар, Россия, 350049",45.056047,38.960347,0.2186083167
1054,3071,8083,"Akademika Tupoleva,15k2Moskva         ","набережная Академика Туполева, 15к2, Москва, Россия, 105005",55.762166,37.681155,-0.0003543988726
1055,3074,8083,"Polzunova,15/1         Novosibirsk    ","улица Ползунова, 15к1, Новосибирск, Россия, 630051",55.063947,82.988127,0.1221200934
1056,3090,8083,"AMURSKAYA, 187         Blagoveshchensk","Амурская улица, 187, Благовещенск, Амурская область, Россия",50.263497,127.536947,0.09556784947
1057,3102,8083,"Sudostroitelnaya, 58   Krasnoyarsk    ","Судостроительная улица, 58, Красноярск, Россия, 660012",55.981953,92.842025,0.1784175648
1058,3106,8083,"MICHURINA, 52          Belgorod       ","улица Мичурина, 52, Белгород, Россия, 308007",50.612622,36.584474,0.1280273126
1059,3126,8083,"2 KHUTORSKAYA, 38A.9   Moskva         ",,,,0.1821890628
1060,3128,8083,"RUBEZHNAYA, 176        Ufa            ","Рубежная улица, 176, Уфа, Республика Башкортостан, Россия, 450018",54.678422,55.930304,0.0653628085
1061,3144,8083,"LENINSKY PR., 26       Norilsk        ","Ленинский проспект, 26, Норильск, Красноярский край, Россия, 663302",69.350428,88.200269,0.1427511865
1062,3149,8083,"VULKANNAYA, 59         Petropavlovsk-K","Вулканная улица, 59, Петропавловск-Камчатский, Камчатский край, Россия, 683023",53.082883,158.633882,0.1798326715
1063,3150,8083,"Truda, 166             CHelyabinsk    ","улица Труда, 166, Челябинск, Россия, 454080",55.170784,61.374562,0.1384076249
1064,3151,8083,Industrialnaya. 3      Liski,"Индустриальная улица, 3, Лиски, Воронежская область, Россия, 397908",50.997525,39.500154,0.08048341398
1065,3157,8083,"SOVETSKAY, 71          Gelendzhik     ","Советская улица, 71, Геленджик, Краснодарский край, Россия, 353475",44.552939,38.088182,0.09671653332
1066,3161,8083,"TRAMVAYNAYA, 14B       Vladivostok    ","Трамвайная улица, 14, Владивосток, Приморский край, Россия, 690013",43.111376,131.938144,0.1943778888
1067,3164,8083,"LENINA, 10             YElizovo       ","улица Ленина, 10, Елизово, Камчатский край, Россия, 684000",53.185816,158.387385,0.1247818817
1068,3170,8083,"Pirogova, 10           Sochi          ","улица Пирогова, 10, микрорайон Новый Сочи, Сочи, Краснодарский край, Россия",43.605692,39.715642,0.1068419957
1069,3184,8083,"LOPSANCHAPA, 40        Kyzyl          ","улица Ооржака Лопсанчапа, 40, Кызыл, Республика Тыва, Россия",51.701803,94.418236,0.1732714663
1070,3187,8083,"SLONOVA, 1             Saratov        ","улица Слонова, 1, Саратов, Россия",51.532744,46.005178,0.09454794144
1071,3192,8083,"Sovetskaya, 7.1        Rostov-na-Donu ","Советская улица, 7/1, Ростов-на-Дону, Россия, 344019",47.230419,39.760881,0.163707764
1072,3208,8083,MKR YENISEYSKIY D38    Sayanogorsk,"микрорайон Енисейский, 38, город Саяногорск, городской округ Саяногорск, Республика Хакасия, Россия",53.094414,91.416381,0.2081170613
1073,3209,8083,"KALININA, 97           Troitskoye     ","улица Калинина, 97, село Троицкое, Нанайский район, Хабаровский край, Россия",49.444028,136.546852,0.08568562982
1074,3213,8083,"YABLOCHKOVA, 26        Astrakhan      ","улица Яблочкова, 26/45, Астрахань, Россия, 414052",46.368966,48.074771,0.1219483955
1075,3223,8083,"PR. 50 LET. PODEDY, 9A Tutayev        ","проспект 50-летия Победы, 9, Тутаев, Ярославская область, Россия, 152300",57.864553,39.514913,0.1229949208
1076,3232,8083,"ZHEMCHUZHNAYA, 5 A     Kiselevsk      ","Жемчужная улица, 7, Киселёвск, Кемеровская область, Россия, 652705",54.023515,86.691404,0.09029012619
1077,3238,8083,"LENINA, 375            Stavropol      ","улица Ленина, 375, Ставрополь, Россия, 355029",45.036458,41.935352,0.2109829445
1078,3244,8083,"BOLSHAYA YAKIMANKA 7,8 Moskva         ","улица Большая Якиманка, 7, Москва, Россия, 119180",55.739894,37.615066,0.1040034514
1079,3246,8083,"RADISHCHEVA,8          Maloyaroslavets","улица Радищева, 8, Малоярославец, Калужская область, Россия, 249091",55.002175,36.439836,0.2180425861
1080,3248,8083,"OGRANICHNIKOV,42,12    Krasnoyarsk    ","улица Пограничников, 42с12, Красноярск, Россия, 660111",56.085575,92.999518,0.06982647638
1081,3268,8083,"Pyatnitskaya, 2/38-2   Moskva         ","Пятницкая улица, 2/38с2, Москва, Россия, 115035",55.745093,37.626744,0.1727889933
1082,3271,8083,"IVANOVSKAYA, 4         Vladivostok    ","Ивановская улица, 4, Владивосток, Приморский край, Россия, 690005",43.111311,131.928918,0.1902990645
1083,3277,8083,"LENINA, 241            Elista         ","улица В.И. Ленина, 241, Элиста, Республика Калмыкия, Россия",46.308228,44.264674,0.2186083167
1084,3293,8083,"1 KRASNOGVARD. PR,  15 Moskva         ",,,,0.2186083167
1085,3314,8083,"KIROVA, 72             Artem          ","улица Кирова, 72, Артём, Приморский край, Россия, 692751",43.361522,132.210307,0.1611359102
1086,3315,8083,V.CH. 44980            Sergeyevka,"СНТ Волга в/ч 63778, Казань, Республика Татарстан, Россия",55.803914,48.997314,0.08180462717
1087,3332,8083,"POZHARSKOGO, 73        Yaroslavl      ","улица Пожарского, 73, Ярославль, Россия",57.559317,39.906794,0.1273696208
1088,3340,8083,"LENINA, 5              Kurgan         ","улица Ленина, 5, Курган, Россия, 640002",55.436397,65.351377,0.2081728352
1089,3341,8083,"ROKCHINSKOGO, 1        Elista         ","улица Г. Рокчинского, 1, Элиста, Республика Калмыкия, Россия",46.325656,44.27293,0.08098683339
1090,3353,8083,"GRUZOVAYA, 23          Kemerovo       ","Грузовая улица, 21А, Кемерово, Россия, 650021",55.334291,85.979346,0.01167352008
1091,3366,8083,"Prospekt Kirova,257     Samara        ","проспект Кирова, 257, Самара, Россия, 443091",53.23917,50.238462,0.1651403373
1092,3377,8083,"KURCHATOVA, 17         Krasnoyarsk    ","улица Курчатова, 17, Красноярск, Россия, 660062",56.017644,92.776871,0.1971205204
1093,3402,8083,"Frunze,7a              Tula           ","улица Фрунзе, 7, Тула, Россия, 300041",54.196457,37.591207,0.2186083167
1094,3409,8083,"LENINA, 280            Elista         ","улица В.И. Ленина, 280, Элиста, Республика Калмыкия, Россия",46.312592,44.30208,0.189184978
1095,3418,8083,"SMOLENSKIY PER., 9     Tver           ","Смоленский переулок, 9, Тверь, Россия, 170100",56.852731,35.925371,0.2041177701
1096,3419,8083,"SOVETSKAYA, 45         Belovo         ","Советская улица, 45, Белово, Кемеровская область, Россия, 652600",54.412689,86.303719,0.1057665776
1097,3429,8083,"SENKOVA, 9.8           Vyazniki       ","улица Сенькова, 7/5, Вязники, Владимирская область, Россия, 601441",56.24479,42.165338,0.08533572308
1098,3432,8083,"MOLODEZHNAYA, 10       Irkutsk-45     ","Иркутск-45, Аларский район, Иркутская область, Россия",53.428597,102.611581,0.182980522
1099,3439,8083,"25 LET OTYABRYA, 22    Novosibirsk    ","улица 25 лет Октября, 22, Новосибирск, Россия, 630110",55.075881,82.96115,0.07893123637
1100,3456,8083,84KM MKAD              Moskva,"МКАД, 84-й километр, Москва, Россия",55.910896,37.575208,0.1454357776
1101,3467,8083,"LENINGRADSKAYA, 60     Ussuriysk      ","Ленинградская улица, 60, Уссурийск, Приморский край, Россия, 692512",43.806739,131.935171,0.1513025234
1102,3473,8083,"PRESNENSKAYA NAB., 6.2 Moskva         ","Пресненская набережная, 6с2, Москва, Россия, 123317",55.748143,37.540488,0.2163946401
1103,3476,8083,"LENINA, 123D           Krasnoyarsk    ","улица Ленина, 123, Красноярск, Россия, 660009",56.012375,92.854287,0.1800357107
1104,3479,8083,"VAGONNAYA, 30          Komsomolsk-na-A","Вагонная улица, 30, Комсомольск-на-Амуре, Хабаровский край, Россия, 681000",50.558004,136.958271,0.09072419239
1105,3487,8083,"PRESNENSKAYA NAB., 6.2 Moskva         ","Пресненская набережная, 6с2, Москва, Россия, 123317",55.748143,37.540488,0.2186083167
1106,3494,8083,"Dmitriya Donskogo b-r, Moskva         ",,,,0.1761029633
1107,3496,8083,"3 IYULYA, 25           Irkutsk        ","улица 3 Июля, 25, Иркутск, Россия, 664022",52.273108,104.291269,0.1349021838
1108,3508,8083,"Lenina,93              Kaluga         ","улица Ленина, 93, Калуга, Россия, 248000",54.510129,36.26064,0.1219589426
1109,3511,8083,"SUVOROVA, 25           KHabarovsk     ","улица Суворова, 25, Хабаровск, Россия, 680003",48.395835,135.10643,0.2009256476
1110,3514,8083," 30 IYULYA, 8          Krasnoyarsk    ","улица 30 Июля, 8, Красноярск, Россия, 660021",56.006628,92.830814,0.1525590156
1111,3516,8083,"Mira pr, 19            Krasnoyarsk    ","проспект Мира, 19, Красноярск, Россия, 660049",56.012637,92.885558,0.1920115892
1112,3517,8083,"MOSKOVSKOE SH. 24KM,5  Samara         ","Московское шоссе, 24-й километр, 5, Самара, Россия",53.325718,50.305359,0.08288529049
1113,3519,8083,"MOSKOVSKOE SH. 24KM,5  Samara         ","Московское шоссе, 24-й километр, 5, Самара, Россия",53.325718,50.305359,0.1638027048
1114,3523,8083,"SMOLENSKIY PER., 9     Tver           ","Смоленский переулок, 9, Тверь, Россия, 170100",56.852731,35.925371,0.152541942
1115,3539,8083,"MUKHINA, 10            Blagoveshchensk","улица Мухина, 10, Благовещенск, Амурская область, Россия",50.261781,127.509387,0.1367678728
1116,3541,8083,"PUSHKINA, 1            Zeya           ","переулок Пушкина, 1, Зея, Амурская область, Россия",53.730496,127.24919,0.1939091214
1117,3542,8083,"Melnikayte, 125/2      Tyumen         ","улица Мельникайте, 125к1, Тюмень, Россия, 625007",57.126372,65.555941,0.1680377036
1118,3553,8083,"SHAKHTERSKAYA, 16A     Kaa-KHem       ","Шахтёрская улица, 16, посёлок городского типа Каа-Хем, Кызылский кожуун, Республика Тыва, Россия",51.693842,94.576564,0.1629243005
1119,3559,8083,"BULVAR NOVATOROV, 11A  Sankt-Peterburg","бульвар Новаторов, 11, Санкт-Петербург, Россия, 198216",59.850649,30.267314,0.2148829303
1120,3571,8083,"AMURSKAYA, 187         Blagoveshchensk","Амурская улица, 187, Благовещенск, Амурская область, Россия",50.263497,127.536947,0.2186083167
1121,3579,8083,"Osinskaya, 16          Perm           ","Осинская улица, 16, Пермь, Россия, 614045",58.011623,56.229713,0.1721458645
1122,3583,8083,"PAVELETSKAYA PL.,2,2   Moskva         ",,,,0.1168967983
1123,3596,8083,"DMITROVSKOE SH., 9 B   Moskva         ","Дмитровское шоссе, 9, Москва, Россия, 127434",55.815494,37.575396,0.1658960314
1124,3600,8083,"KARLA MARKSA, 38       CHelyabinsk    ","улица Маркса, 38, Челябинск, Россия, 454091",55.165894,61.412435,0.2186083167
1125,3606,8083,"KRASNOARMEYSKAYA,159A  Izhevsk        ","Красноармейская улица, 159А, Ижевск, Удмуртская Республика, Россия, 426008",56.844683,53.208652,0.1502758343
1126,3607,8083,"Krasnaya Presnya,12    Moskva         ","улица Красная Пресня, 12, Москва, Россия, 123242",55.761685,37.573133,0.1987685786
1127,3610,8083,"KUTUZOVSKIY PR.,15     Moskva         ","Кутузовский проспект, 15, Москва, Россия, 121248",55.747419,37.557385,0.2186083167
1128,3621,8083,"SH.MOSKOVSKOE,16       Sankt-Peterburg","Московское шоссе, 16к1, Санкт-Петербург, Россия, 196158",59.834827,30.338101,0.1485243497
1129,3625,8083,"3 MIKRORAYON, 30       Luchegorsk     ","4-й микрорайон, 30, посёлок городского типа Лучегорск, Пожарский район, Приморский край, Россия",46.439815,134.296779,0.2135468011
1130,3628,8083,N.PETROGRADSKAY 18     Sankt-Peterburg,"Большой проспект Петроградской стороны, 18, Санкт-Петербург, Россия, 197198",59.955399,30.294758,0.1960402401
1131,3631,8083,"LENINA PR.,93          Nizhniy Novgoro","проспект Ленина, 93, Нижний Новгород, Россия, 603004",56.267192,43.910882,0.2044949427
1132,3640,8083,"MARSH ZHUKOVA PR, 48   Moskva         ","проспект Маршала Жукова, 48, Москва, Россия, 123154",55.778264,37.466018,0.1650185305
1133,3644,8083,"MARATA,6 LIT A         Sankt-Peterburg","улица Марата, 6, Санкт-Петербург, Россия, 191025",59.930489,30.355349,0.146214093
1134,3651,8083,"NOVORYAZANSKOE SH.,5   Kotelniki      ","Новорязанское шоссе, 5, Котельники, Московская область, Россия, 140054",55.668371,37.865804,0.131808982
1135,3665,8083,"PETERGOFSKOE SH., 51A  Sankt-Peterburg","Петергофское шоссе, 51, Санкт-Петербург, Россия, 198206",59.849202,30.144245,0.1420952943
1136,3667,8083,"PRAVOBEREZHNAYA,  1    Moskva         ","Правобережная улица, 1, Москва, Россия, 125445",55.881086,37.451851,0.09481155465
1137,3670,8083,"1Y POKROVSKIY PR., 5   Kotelniki      ","1-й Покровский проезд, 5, Котельники, Московская область, Россия, 140055",55.653294,37.844208,0.004405162861
1138,3672,8083,"LENINA PR., 93         Nizhniy Novgoro","проспект Ленина, 93, Нижний Новгород, Россия, 603004",56.267192,43.910882,0.2130707165
1139,3678,8083,"VERNADSKOGO PR.,  6    Moskva         ","проспект Вернадского, 6, Москва, Россия, 119334",55.691963,37.527965,0.1384184899
1140,3679,8083,"MIKLUKHO MAKLAYA,  32A Moskva         ","улица Миклухо-Маклая, 32А, Москва, Россия, 117279",55.640889,37.530732,0.1484817966
1141,3683,8083,"Novocherkasskiy pr, 43/Sankt-Peterburg","Новочеркасский проспект, 43/17, Санкт-Петербург, Россия, 195196",59.928041,30.412176,0.1764259589
1142,3684,8083,"LENINA PR., 93         Nizhniy Novgoro","проспект Ленина, 93, Нижний Новгород, Россия, 603004",56.267192,43.910882,0.1773052914
1143,3704,8083,"VEDENYAPINA, 1 B       Nizhniy Novgoro","улица Веденяпина, 1Б, Нижний Новгород, Россия, 603016",56.238962,43.867116,0.1725664185
1144,3707,8083,"40 LET OKTYABRYA, 4    Kstovo         ","улица 40 лет Октября, 4, Кстово, Нижегородская область, Россия, 607650",56.150885,44.204469,0.1723453281
1145,3710,8083,"KIROVA, 147            Samara         ","проспект Кирова, 147, Самара, Россия, 443077",53.220568,50.263004,0.1742236265
1146,3720,8083,"KHOKHRYAKOVA, 41       YEkaterinburg  ","улица Хохрякова, 41, Екатеринбург, Свердловская область, Россия, 620014",56.830881,60.593863,0.208592092
1147,3721,8083,"MOSKOVSKOE SH.18, 25A  Samara         ","Московское шоссе, 18, Самара, Россия",53.207545,50.167711,0.1007827165
1148,3727,8083,Pr-t Zanevskiy  65     Sankt-Peterburg,"Заневский проспект, 65, Санкт-Петербург, Россия",59.932108,30.432568,0.1377432456
1149,3728,8083,"BOGATYRSKIY, 42        Sankt-Peterburg","Богатырский проспект, 42, Санкт-Петербург, Россия, 197082",60.002899,30.228471,0.1902840027
1150,3731,8083,"Solnechnaya, 15/3      Krasnodar      ","Солнечная улица, 15/3, Краснодар, Россия",45.073554,39.002119,0.2186083167
1151,3750,8083,"VOLGOGRADSKAYA, 7A     Vladivostok    ","Волгоградская улица, 7А, Владивосток, Приморский край, Россия, 690089",43.157101,131.926169,0.1625955459
1152,3753,8083,"ALTUFEVSKOE SHOSSE, 22 Moskva         ","Алтуфьевское шоссе, 22, Москва, Россия, 127562",55.859266,37.585583,0.2027843986
1153,3754,8083,"OSENNIY BULVAR, 9      Moskva         ","Осенний бульвар, 9, Москва, Россия, 121609",55.75825,37.406792,0.2026391383
1154,3755,8083,"OSENNIY BULVAR, 9      Moskva         ","Осенний бульвар, 9, Москва, Россия, 121609",55.75825,37.406792,0.1914858282
1155,3759,8083,"PR.T KIROVA, 257       Samara         ","проспект Кирова, 257, Самара, Россия, 443091",53.23917,50.238462,0.1911426937
1156,3761,8083,"SVERDLOVSKAYA NAB,44   Sankt-Peterburg","Свердловская набережная, 44А, Санкт-Петербург, Россия",59.957737,30.404487,0.1596142709
1157,3762,8083,"LOGISTICHESKAYA,1.17   Domodedovo     ","Логистическая улица, 1к17, микрорайон Северный, Домодедово, Московская область, Россия",55.476914,37.718804,0.001043089993
1158,3771,8083,"Bagnyuka I.N., 2       Omsk           ","улица Ивана Багнюка, 2, Омск, Россия",54.995741,73.2002,0.1573402685
1159,3784,8083,"PR. VERNADSKOGO, 78    Moskva         ","проспект Вернадского, 78, Москва, Россия, 119454",55.669965,37.480364,0.03618213681
1160,3786,8083,"M.DMITROVKA, 24.2      Moskva         ","улица Малая Дмитровка, 24/2, Москва, Россия, 127006",55.77196,37.605715,0.2041559085
1161,3788,8083,"BALTAKHINOVA, 17       Ulan-Ude       ","улица Балтахинова, 17, Улан-Удэ, Республика Бурятия, Россия, 670000",51.827707,107.588572,0.1725925257
1162,3791,8083,"BALTAKHINOVA, 17       Ulan-Ude       ","улица Балтахинова, 17, Улан-Удэ, Республика Бурятия, Россия, 670000",51.827707,107.588572,0.2118836026
1163,3807,8083,"ELEKTROLITNYY PR., 7A  Moskva         ","Электролитный проезд, 7А, Москва, Россия, 115230",55.674976,37.613018,0.0462859414
1164,3815,8083,"MAERCHAKA, 48          Krasnoyarsk    ","улица Маерчака, 48, Красноярск, Россия, 660048",56.029813,92.831551,0.1265851289
1165,3816,8083,"MALAY PIROGOVSKAY, 1   Moskva         ","Малая Пироговская улица, 1, Москва, Россия, 119435",55.732291,37.576241,-0.01705365719
1166,3819,8083,"Kolomyazhskiy pr.15,2  Sankt-Peterburg","Коломяжский проспект, 15к2, Санкт-Петербург, Россия, 197348",60.001523,30.299429,0.1775760412
1167,3832,8083,"Entuziastov, 2/1       Omsk           ","улица Энтузиастов, 2/1, микрорайон Городок Нефтяников, Омск, Россия, 644065",55.048209,73.2919,0.1699801079
1168,3840,8083,"STARA ZAGORA, 130      Samara         ","улица Стара Загора, 130, Самара, Россия, 443114",53.24659,50.235228,0.1553914053
1169,3843,8083,"MIRA, 129              Krasnoyarsk    ","проспект Мира, 129, Красноярск, Россия, 660021",56.009713,92.835836,0.1845622274
1170,3850,8083,"CHULDUM, 18            Kyzyl          ","улица Чульдум, 18, Кызыл, Республика Тыва, Россия, 667000",51.71561,94.438323,0.1607864958
1171,3851,8083,"Vorovskogo, 1          Mytishchi      ","улица Воровского, 1, Мытищи, Московская область, Россия, 141006",55.918731,37.761626,0.1681037195
1172,3852,8083,"TERESHKOVOY, 50        Ulan-Ude       ","улица Терешковой, 50, Улан-Удэ, Республика Бурятия, Россия",51.809769,107.616204,0.1858254955
1173,3866,8083,"KHokhryakova, 41       YEkaterinburg  ","улица Хохрякова, 41, Екатеринбург, Свердловская область, Россия, 620014",56.830881,60.593863,0.2186083167
1174,3871,8083,"TERESHKOVOY, 3B        Ulan-Ude       ","улица Терешковой, 3, Улан-Удэ, Республика Бурятия, Россия, 670031",51.808388,107.605756,0.2186083167
1175,3879,8083,"NAKHIMOVSKIY PR, 11    Moskva         ","Нахимовский проспект, 11к1, Москва, Россия, 117638",55.663512,37.605391,0.1966265162
1176,3881,8083,"HAPOSHNIKOVA,5,1       Nizhniy Novgoro","улица Героя Шапошникова, 5, Нижний Новгород, Россия, 603152",56.250627,43.976387,0.1873065978
1177,3890,8083,"PARTIZANA ZHELEZNYAKA, KRASNOYARSK    ",,,,0.120151146
1178,3892,8083,"LENINA, 1              Zapolyarnyy    ","улица Ленина, 1, Заполярный, Печенгский район, Мурманская область, Россия, 184430",69.426173,30.837933,0.1398305292
1179,3897,8083,"LENINA, 92             Minusinsk      ","улица Ленина, 92, Минусинск, Красноярский край, Россия, 662608",53.70792,91.694032,0.1767679362
1180,3900,8083,"7 MIKRORAYON, 13       Achinsk        ","3-й микрорайон, 13, Ачинск, Красноярский край, Россия",56.261168,90.497845,0.2186083167
1181,3901,8083,"MIRA, 82               Krasnoyarsk    ","проспект Мира, 82, Красноярск, Россия, 660049",56.01241,92.869002,0.1862300789
1182,3918,8083,"PL. REVOLUYTSII, 9     Nizhniy Novgoro","площадь Революции, 9, Нижний Новгород, Россия, 603002",56.320338,43.947623,0.1500439851
1183,3927,8083,"TERESHKOVOY, 3B        Ulan-Ude       ","улица Терешковой, 3, Улан-Удэ, Республика Бурятия, Россия, 670031",51.808388,107.605756,0.2186083167
1184,3928,8083,TUVINSKIKH DOBROVOL.10 Kyzyl,"улица Тувинских Добровольцев, 10, Кызыл, Республика Тыва, Россия",51.721714,94.440434,0.2186083167
1185,3929,8083,"KALININA, 2            Podtesovo      ","улица Калинина, 2, поселок городского типа Подтесово, Енисейский район, Красноярский край, Россия",58.603098,92.081629,0.1422205169
1186,3933,8083,"MIRA, 310              Stavropol      ","улица Мира, 310, Ставрополь, Россия, 355017",45.03591,41.959319,0.09959771253
1187,3940,8083,"MOSKOVSKAYA, 79,1      Krasnodar      ","Московская улица, 79/1, Краснодар, Россия, 350072",45.070906,39.000367,0.1621779294
1188,3947,8083,"TARKHOVA, 29B          Saratov        ","поселок Сергиевский, Саратовский район, Саратовская область, Россия",51.517373,45.69119,0.1175541116
1189,3975,8083,"SADOVAYA, 1A           Babstovo       ","Садовая улица, село Бабстово, Ленинский район, Еврейская автономная область, Россия",48.118297,132.475292,0.1479282033
1190,3981,8083,"MOSKOVSKYY TRAKT, 46   Tomsk          ","Московский тракт, 46, Томск, Россия, 634028",56.462456,84.940157,0.1938444694
1191,3982,8083,"GORKOGO, 36            CHita          ","улица Горького, 36, Чита, Забайкальский край, Россия, 672027",52.037957,113.51226,0.1213805243
1192,3996,8083,"SOSNOVAY ALLEYA, 601   Moskva         ",,,,0.1528305477
1193,3997,8083,"B.St-Peterburgskaya,16 VELIKIY NOVGORO","Большая Санкт-Петербургская улица, 16, Великий Новгород, Новгородская область, Россия, 173001",58.530149,31.271164,0.1855783495
1194,3999,8083,"PR. KIROVA, 23         Tomsk          ","проспект Кирова, 23, Томск, Россия, 634041",56.465967,84.96407,0.1719836363
1195,4004,8083,"LENINA, 8              Kozhevnikovo   ","улица Ленина, 8, село Кожевниково, Кожевниковский район, Томская область, Россия, 636161",56.259918,83.973776,0.1450580697
1196,4012,8083,"MATVEEVSKOE SH.,28B    KHABAROVSK     ","Матвеевское шоссе, 28АлитБ, Хабаровск, Россия, 680031",48.524286,135.169088,0.1203205825
1197,4013,8083,"AMURSKAYA, 187         Blagoveshchensk","Амурская улица, 187, Благовещенск, Амурская область, Россия",50.263497,127.536947,0.2186083167
1198,4020,8083,"KOSMONAVTOV, 6V        Barnaul        ","проспект Космонавтов, 6А, Барнаул, Алтайский край, Россия, 656023",53.390874,83.731662,0.1483674609
1199,4028,8083,"LAZO, 183              Bikin          ","улица Лазо, 183, Бикин, Хабаровский край, Россия, 682970",46.823371,134.255995,0.15148283
1200,4031,8083,"K. MARKSA PL., 3       Novosibirsk    ","площадь Карла Маркса, 3, Новосибирск, Россия",54.984114,82.891603,0.1608113999
1201,4035,8083,"GOGOLYA, 36            Novosibirsk    ","улица Гоголя, 36, Новосибирск, Россия, 630005",55.04319,82.933877,0.0959020415
1202,4052,8083,"FRUNZE, 26             Artem          ","улица Фрунзе, 26, Артём, Приморский край, Россия, 692756",43.348392,132.156551,0.1848774873
1203,4065,8083,"SEVERNAYA 5, 193       Omsk           ","Северная улица, 5, поселок Армейский, Омск, Россия, 644039",54.88817,73.373243,0.1108028381
1204,4070,8083,"Lyskina, Vladeniye 1   Vorsino Selo   ","улица Лыскина, вл1, село Ворсино, Боровский район, Калужская область, Россия",55.223027,36.664325,0.1812540481
1205,4074,8083,"SUKHE BATORA, 3A       Barnaul        ","улица Сухэ-Батора, 3А, Барнаул, Алтайский край, Россия, 656066",53.350193,83.696098,0.1493274065
1206,4082,8083,"50LET OKTYBRY,61       Blagoveshchensk","улица 50 лет Октября, 61, Благовещенск, Амурская область, Россия",50.267758,127.536848,0.2186083167
1207,4085,8083,"Kuybysheva, 84         Samara         ","улица Куйбышева, 84, Самара, Россия, 443099",53.188568,50.089135,0.1068208446
1208,4090,8083,"50 let Oktyabrya, 16   Petropavlovsk-K","проспект 50 лет Октября, 16, Петропавловск-Камчатский, Камчатский край, Россия, 683024",53.056366,158.63646,0.1745293029
1209,4095,8083,"SAKHALINSKAYA, 71      YUzhno-Sakhalin","Сахалинская улица, 71, Южно-Сахалинск, Сахалинская область, Россия, 693020",46.963165,142.724889,0.1875944754
1210,4105,8083,"50 LET VLKSM ST., 4G   Korolev        ","улица 50-летия ВЛКСМ, 4, Королёв, Московская область, Россия, 141077",55.919397,37.845834,0.1845250041
1211,4107,8083,"LENINSKIY PR., 81,2    Moskva         ","Ленинский проспект, 81/2, Москва, Россия, 119261",55.683244,37.539482,0.2186083167
1212,4113,8083,"OKEANSKIY PR., 20      Vladivostok    ","Океанский проспект, 20, Владивосток, Приморский край, Россия, 690091",43.119392,131.887479,0.1763144259
1213,4131,8083,"LENINA, 39             Komsomolsk-na-A","проспект Ленина, 39, Комсомольск-на-Амуре, Хабаровский край, Россия, 681000",50.542362,136.997608,0.1350486029
1214,4136,8083,"EREBRENNIKOVSK., 34    Novosibirsk    ","Серебренниковская улица, 34, Новосибирск, Россия, 630099",55.026644,82.926161,0.1003824931
1215,4140,8083,"Tankistov, 1           Saratov        ","улица Танкистов, 1, Саратов, Россия, 410005",51.546939,46.014664,0.1488427367
1216,4148,8083,"KOMSOMOLSKAYA, 115A    Aleysk         ","Комсомольская улица, 115А, Алейск, Алтайский край, Россия, 658130",52.494673,82.772747,0.1329699491
1217,4168,8083,"VOKZALNAY,45           Komsomolsk-na-A","Вокзальная улица, 45, Комсомольск-на-Амуре, Хабаровский край, Россия, 681010",50.546729,136.989523,0.2186083167
1218,4172,8083,"SHALOM ALEYKHEMA,60    Birobidzhan    ","улица Шолом-Алейхема, 60, Биробиджан, Еврейская автономная область, Россия, 679016",48.798906,132.911522,0.132046013
1219,4181,8083,"ZAPADNAY, 29           Vladivostok    ","Западная улица, 29, Владивосток, Приморский край, Россия, 690090",43.125564,131.879412,0.1918252182
1220,4210,8083,"CHKALOVA, 1A           CHita          ","улица Чкалова, 1А, Чита, Забайкальский край, Россия, 672039",52.026105,113.532463,0.1258573946
1221,4212,8083,"PIONERSKAY, 11         Shushenskoye   ","Пионерская улица, 11, посёлок городского типа Шушенское, Шушенский район, Красноярский край, Россия, 662710",53.324255,91.946369,0.1355873315
1222,4224,8083,"NSTITUTSKAY,1          Blagoveshchensk","Институтская улица, 1, Благовещенск, Амурская область, Россия, 675028",50.299439,127.527658,0.2186083167
1223,4227,8083,"DRUZHBY NARODOV PR., 31NERYUNGRI      ","проспект Дружбы Народов, 31, Нерюнгри, Республика Саха (Якутия), Россия, 678960",56.658103,124.72178,0.1868784987
1224,4228,8083,"202 MKR., 1A           Yakutsk        ","202-й микрорайон, 1А, Якутск, Республика Саха (Якутия), Россия",62.037444,129.7546,0.1658122427
1225,4231,8083,"KOMMUNISTICHESK,112    Seversk        ","Коммунистический проспект, 112, Северск, Томская область, Россия, 636019",56.587753,84.913028,0.2021693231
1226,4238,8083,Komsomolskiy pr. 13    Neftekamsk,"Комсомольский проспект, 13, Нефтекамск, Республика Башкортостан, Россия, 452685",56.093084,54.252566,0.1231889644
1227,4249,8083,"DZERZHINSKOGO,23       YAKUTSK        ","улица Дзержинского, 23, Якутск, Республика Саха (Якутия), Россия, 677000",62.045158,129.739832,0.2186083167
1228,4264,8083,"Profsoyuznaya, 43,1    Moskva         ","Профсоюзная улица, 43к1, Москва, Россия, 117420",55.667518,37.553657,0.1920160086
1229,4270,8083,"LENINSKAYA, 64         Pervomayskoye  ","Ленинская улица, 64, село Первомайское, Первомайский район, Томская область, Россия, 636930",57.073497,86.234189,0.08764412574
1230,4304,8083,"Parkovyy Prospekt,17   Perm           ","Парковый проспект, 17, Пермь, Россия, 614097",57.999158,56.155323,0.1237579361
1231,4312,8083,"POBEDY, 79             Samara         ","улица Победы, 79, Самара, Россия, 443083",53.20747,50.237609,0.1726181865
1232,4314,8083,"TSVILLIINGA, 25        CHelyabinsk    ","улица Цвиллинга, 25, Челябинск, Россия, 454091",55.16486,61.405159,0.1047728669
1233,4317,8083,"Komsomolskaya, 43      Kuznetsk       ","Комсомольская улица, 43, Кузнецк, Пензенская область, Россия",53.115271,46.605666,0.2039280831
1234,4331,8083,"DEMENTEVA, 22          Kazan          ","улица Дементьева, 22, Казань, Республика Татарстан, Россия, 420127",55.858726,49.102749,0.1450507126
1235,4332,8083,"SIBIRSKIY TRAKT, 9, 5  Kazan          ","Сибирский тракт, 9/5, Казань, Республика Татарстан, Россия",55.806009,49.18348,0.1786386948
1236,4334,8083,"NEKRASOVSKAY, 98       Vladivostok    ","Некрасовская улица, 98, Владивосток, Приморский край, Россия, 690014",43.131578,131.912569,0.1977069807
1237,4342,8083,"STARA ZAGORA, 130      Samara         ","улица Стара Загора, 130, Самара, Россия, 443114",53.24659,50.235228,0.1368039167
1238,4358,8083,"PUSHKINA, 9            Ivanovo        ","улица Пушкина, 9, Иваново, Россия, 153000",56.99948,40.982455,0.06615670616
1239,4363,8083,"ISKROVSKIY, 29         Sankt-Peterburg","Искровский проспект, 29, Санкт-Петербург, Россия, 193230",59.89899,30.471977,0.1641197666
1240,4364,8083,"OLIMPIYSKIY, 56        Staryy Oskol   ","Олимпийская улица, 56, Старый Оскол, Белгородская область, Россия, 309516",51.341762,37.908411,0.1576441067
1241,4372,8083,"30 LET POBEDY, 52      Gryazi         ","улица 30 лет Победы, 52, Грязи, Липецкая область, Россия, 399059",52.497683,39.944874,0.107519781
1242,4373,8083,"GENERALA LIZUYKOVA,60A Voronezh       ","улица Генерала Лизюкова, 60, Воронеж, Россия, 394088",51.706134,39.149308,0.1487553741
1243,4379,8083,"S.PEROVSKAY, 94        Astrakhan      ","улица Софьи Перовской, 94/1А, Астрахань, Россия, 414004",46.346028,48.070378,0.1314080113
1244,4391,8083,"Yaroslavl, Svobody, 97 Yaroslavl      ","улица Свободы, 97, Ярославль, Россия, 150049",57.626593,39.84252,0.1199316007
1245,4412,8083,ALTYF. SH. 22          Moskva,,,,0.1920462769
1246,4414,8083,"LENINA, 8              Kozhevnikovo   ","улица Ленина, 8, село Кожевниково, Кожевниковский район, Томская область, Россия, 636161",56.259918,83.973776,0.1767552096
1247,4418,8083,"MKRN. SOLNECHNYY, 11A  Topki          ","микрорайон Солнечный, 11А, Топки, Кемеровская область, Россия",55.281446,85.645837,0.05002027446
1248,4423,8083,"PR. LENINA, 59A        Kemerovo       ","проспект Ленина, 59А, Кемерово, Россия, 650066",55.343609,86.095408,0.1326559476
1249,4424,8083,"Nekrasova, 31          Abakan         ","улица Некрасова, 31А, Абакан, Республика Хакасия, Россия, 655004",53.724593,91.421825,0.1728326002
1250,4431,8083,"SVETLANSKAYA, 46       Vladivostok    ","Светланская улица, 46, Владивосток, Приморский край, Россия, 690091",43.11472,131.890138,0.02803945618
1251,4433,8083,KORABELNAYA NAB.15A    Vladivostok,"улица Корабельная Набережная, 17А, Владивосток, Приморский край, Россия",43.113232,131.89471,0.08921015117
1252,4434,8083,"FADEEVA, 47A           Vladivostok    ","улица Фадеева, 47А, Владивосток, Приморский край, Россия, 690034",43.109277,131.978532,0.1547538621
1253,8679,32,"IZMAYLOVSKOE SH., 71.2BMOSCOW         ","Измайловское шоссе, 71к2Б, Москва, Россия, 105187",55.789315,37.747927,-0.1163241629
1254,44,32,"GUBAREVICHA, 5         ELISTRA        ","улица Губаревича, 5, Элиста, Республика Калмыкия, Россия, 358000",46.307687,44.272795,0.1395427937
1255,45,32,"KUBANSKAYA, 23, 2      ASTRAKHAN      ","Кубанская улица, 23к2, Астрахань, Россия, 414057",46.32687,48.039745,0.09658906782
1256,303,32,"PUSHKINA, 17           USSURIYSK      ","улица Пушкина, 17, Уссурийск, Приморский край, Россия, 692512",43.798912,131.94551,0.01392241296
1257,308,32,"MARKOVSKOGO, 45        KRASNOYARSK    ","улица Марковского, 45, Красноярск, Россия, 660049",56.015012,92.873484,-0.01536598199
1258,309,32,"VYBORGSKAYA NAB,61     ST.PETERBURG   ","Выборгская набережная, 61, Санкт-Петербург, Россия, 197342",59.980682,30.322471,-0.0823035761
1259,332,32,"BRATEV LUKANINYKH, 1   KALUGA         ","улица Братьев Луканиных, 1, Калуга, Россия, 248033",54.496191,36.182577,-0.03269927517
1260,2893,32,Prospekt Mira 124      Moskva,"проспект Мира, 124А, Москва, Россия, 129164",55.814907,37.641755,0.1678713475
1261,1980,496.5,LENINA 164                LABINSK,"улица Ленина, 166, Лабинск, Краснодарский край, Россия",44.635516,40.726803,-0.02917986784
1262,1985,496.5,KRASNIY PUTI 3            OMSK,"улица Красный Путь, 3, Омск, Россия, 644043",54.990442,73.364152,-0.08735872688
1263,1990,496.5,KRASNOARMEYSKAYA 25       BOLSHERECHYE,"Красноармейская улица, 25, поселок городского типа Большеречье, Большереченский район, Омская область, Россия, 646670",56.094088,74.629231,-0.03070090953
1264,1995,496.5,MOSKOVSKAYA 85            NIZHNIY LOMO,"Московская улица, 85, Нижний Ломов, Пензенская область, Россия",53.528764,43.679045,-0.04021222923
1265,1999,496.5,PR. LENINA 8              YAKUTSK,"проспект Ленина, 8, Якутск, Республика Саха (Якутия), Россия, 677000",62.032512,129.74223,-0.05343680674
1266,2032,496.5,MONTAZHNIKOV 38           KIROV,"улица Монтажников, 38, Киров, Россия, 610044",58.609483,49.615768,-0.1147891151
1267,2874,496.5,LENINSKOAYA 11            PODGORNOYE,"Ленинская улица, 11, село Подгорное, Чаинский район, Томская область, Россия, 636400",57.791514,82.643218,0.04548771665
1268,2891,496.5,KULAKOVA 144              KURSK,"проспект Кулакова, 144, Курск, Россия, 305018",51.660512,36.137041,-0.09356528565
1269,2899,496.5,BUDENNOGO 23              CHERNIGOVKA,"улица Будённого, 23, село Черниговка, Черниговский район, Приморский край, Россия, 692372",44.343346,132.576442,-0.01550869944
1270,2901,496.5,"OKTIABRSKIY PR-T,1        KIROV       ","Октябрьский проспект, 1, Киров, Россия, 610047",58.637715,49.613773,-0.1031941369
1271,2903,496.5,NABEREZHNAYA 39           SRETENSK,"Набережная улица, 39, Сретенск, Забайкальский край, Россия, 673500",52.243225,117.693927,-0.006594216096
1272,2911,496.5,SOVETSKAYA 4              SATINKA,"Советская улица, 4, посёлок Сатинка, Сампурский район, Тамбовская область, Россия",52.376037,41.671786,-0.08653578929
1273,2915,496.5,POBEDY 6A                 VILYUCHINSK,"улица Победы, 6А, Вилючинск, Камчатский край, Россия",52.926964,158.405063,-0.02872256446
1274,2916,496.5,CHICHERINA 2A             TAMBOV,"улица Чичерина, 2А, Тамбов, Россия, 392027",52.771328,41.410906,-0.04704626878
1275,2924,496.5,ERMAKA 33                 IVANOVO,"улица Ермака, 33, Иваново, Россия, 153025",57.018776,40.959745,-0.1085161124
1276,2928,496.5,BOLNICHNAYA 1             PAVLOGRADKA,"Больничная улица, 1, посёлок городского типа Павлоградка, Павлоградский район, Омская область, Россия, 646760",54.208559,73.559625,0.05995068356
1277,2953,496.5,OKTIABRSKAYA 141          TBILISSKAYA,"Октябрьская улица, 141, станица Тбилисская, Тбилисский район, Краснодарский край, Россия, 352360",45.36311,40.184562,-0.09363001929
1278,2969,496.5,LENINA 58                 AGINSKOYE,"улица Ленина, 58, посёлок городского типа Агинское, Забайкальский край, Россия, 687000",51.107836,114.546895,-0.03214822493
1279,2970,496.5,M.GORKOGO 14A             TULA,"улица Максима Горького, 14А, Тула, Россия",54.213667,37.607844,-0.06260417007
1280,4435,496.5,SOVETSKAYA 58             IRKUTSK,"Советская улица, 58, Иркутск, Россия, 664047",52.27647,104.305184,-0.02445674674
1281,4437,496.5,SHILOVA 100               CHITA,"улица Шилова, 100, Чита, Забайкальский край, Россия, 672038",52.065593,113.497294,-0.02483374534
1282,4441,496.5,KR.PARTIZAN 232           KRASNODAR,"улица Красных Партизан, 232, Краснодар, Россия, 350020",45.048826,38.970615,-0.04998145502
1283,4451,496.5,KOMSOMOLSKAYA 14          VESHKAYMA,"Комсомольская улица, 14, рабочий посёлок Вешкайма, Вешкаймский район, Ульяновская область, Россия, 433100",54.051069,47.119942,-0.1393092972
1284,4457,496.5,MOTORSTROITELEY 62        TUTAYEV,"улица Моторостроителей, 62, Тутаев, Ярославская область, Россия",57.863749,39.511499,-0.04935027132
1285,4463,496.5,GAGARINA 16               GAGARIN,"улица Гагарина, 16, Гагарин, Смоленская область, Россия, 215010",55.546572,34.994617,-0.1101605679
1286,4479,496.5,KARLA MARKSA 9            FOKINO,"улица Карла Маркса, 9, Фокино, Брянская область, Россия, 242611",53.413169,34.379469,-0.05334375057
1287,4498,496.5,AUSTRINA 152B             PENZA,"улица Аустрина, 152, Пенза, Россия, 440015",53.24513,45.014103,-0.04055656204
1288,4501,496.5,NOVOBULVARNAYA 36         CHITA,"Новобульварная улица, 36, Чита, Забайкальский край, Россия, 672012",52.046776,113.509457,-0.05135985823
1289,4502,496.5,SOVETSKAYA 135            TALOVAYA,"Советская улица, 135, посёлок Таловая, Таловский район, Воронежская область, Россия",51.11884,40.722662,-0.0891634371
1290,4503,496.5,"UL.POBEDY, 177            LABINSK     ","улица Победы, 177, Лабинск, Краснодарский край, Россия",44.633906,40.741688,-0.05823864537
1291,4504,496.5,ENERGETIKOV 41            KONAKOVO,"улица Энергетиков, 41, Конаково, Тверская область, Россия",56.717322,36.783846,-0.05498988272
1292,4519,496.5,KOMMUNALNAYA 21B          TAMBOV,"Коммунальная улица, 21, Тамбов, Россия, 392036",52.722888,41.448204,-0.01467084267
1293,4527,496.5,LENINA 5                  BELEBEY,"улица Ленина, 5, Белебей, Республика Башкортостан, Россия",54.10663,54.103913,-0.09301471804
1294,4529,496.5,VOLODARSKOGO 48V          LODEYNOE POL,"улица Володарского, 48, Лодейное Поле, Лодейнопольское городское поселение, Ленинградская область, Россия, 187700",60.731626,33.547378,-0.08286243545
1295,4568,496.5,TELEVIZORNAYA 1/4         KRASNOYARSK,"Телевизорная улица, 1с4, Красноярск, Россия, 660028",56.022559,92.796634,-0.0181265767
1296,4570,496.5,REVOLUTSIONNAYA 3         ISHIMBAY,"Революционная улица, 3, Ишимбай, Республика Башкортостан, Россия, 453200",53.45387,56.04077,-0.08154480736
1297,4583,496.5,MUNNIKHA 8A               TOMSK,"улица Ференца Мюнниха, 8А, микрорайон Каштак, Ленинский район, Томск, Россия",56.520077,84.989241,-0.03089042599
1298,4589,496.5,VOKZALNAYA                LGOV,"Вокзальная улица, Льгов, городской округ Льгов, Курская область, Россия",51.637556,35.2674,-0.07828228855
1299,4596,496.5,LENINGRADSKAYA 91         BOROVICHI,"Ленинградская улица, 91, Боровичи, Новгородская область, Россия",58.385662,33.895852,0.002524589011
1300,4599,496.5,KLUCHEVSKAYA 76A          ULAN-UDE,"Ключевская улица, 76А, Улан-Удэ, Республика Бурятия, Россия, 670013",51.82032,107.658478,-0.006035669983
1301,4603,496.5,RABOCHAYA 60E             OSTASHKOV,"Рабочая улица, 60, Осташков, Тверская область, Россия, 172735",57.154996,33.088985,-0.01586317161
1302,4605,496.5,LENINA 123                YU-SAKHALINS,"улица Ленина, 123, Южно-Сахалинск, Сахалинская область, Россия",46.963896,142.728887,-0.01987452746
1303,4612,496.5,"40 LET OKTYABRYA, 62/4    KANSK       ","улица 40 лет Октября, 62/4, Канск, Красноярский край, Россия, 663604",56.231273,95.701758,-0.06882841891
1304,4613,496.5,BARKHATOVOY 2A            OMSK,"улица Бархатовой, 2А, микрорайон Заозёрный, Омск, Россия, 644110",55.048936,73.325883,-0.05964729949
1305,4615,496.5,LENINSKAYA 98             PEREVOLOTSKI,"Ленинская улица, 98, посёлок Переволоцкий, Переволоцкий район, Оренбургская область, Россия, 461263",51.873187,54.204272,-0.0456556535
1306,4630,496.5,METALLURGOV 34            KRASNOYARSK,"проспект Металлургов, 34, Красноярск, Россия, 660005",56.046846,92.946805,-0.124396584
1307,4633,496.5,BALDAKOVA 38B             KURUMKAN,"улица Балдакова, 38А, село Курумкан, Курумканский район, Республика Бурятия, Россия, 671640",54.333006,110.317348,-0.09522310673
1308,4634,496.5,SVOBODY 27                YAROSLAVL,"улица Свободы, 27, Ярославль, Россия, 150000",57.625176,39.874356,-0.1099829275
1309,4639,496.5,ORDZHONIKIDZE 38          YAKUTSK,"улица Орджоникидзе, 38, Якутск, Республика Саха (Якутия), Россия, 677000",62.029098,129.729025,0.00565427708
1310,4658,496.5,LENINA 28                 GUSINOOZERSK,"улица Ленина, 28, Гусиноозёрск, Селенгинский район, Республика Бурятия, Россия, 671160",51.28748,106.535198,0.03438265033
1311,4672,496.5,MIRA 5                    S. MORGAUSHI,"улица Мира, 5, село Моргауши, Моргаушский район, Чувашская Республика, Россия",55.967436,46.771971,-0.03523973263
1312,4675,496.5,"TRUDA PLZ, 19             VOLZHSKY    ","площадь Труда, 19, Волжский, Волгоградская область, Россия",48.783473,44.784143,-0.1173581189
1313,4694,496.5,LEZHNEBSKAYA 164          IVANOVO,"Лежневская улица, 164, Иваново, Россия, 153032",56.959784,40.97181,-0.07712671454
1314,4708,496.5,GAGARINA 28               PENZA,"улица Гагарина, 28, Пенза, Россия",53.223064,44.99911,-0.08141372125
1315,4711,496.5,ZELENAYA 13V              KILMEZ,"Зелёная улица, 13В, посёлок городского типа Кильмезь, Кильмезский район, Кировская область, Россия, 613570",56.946378,51.061489,-0.140712162
1316,4715,496.5,KRASNAYA 106              KRASNODAR,"Красная улица, 106, микрорайон Центральный, Краснодар, Россия",45.03254,38.973418,-0.0531515187
1317,4721,496.5,OKTIABRYA 68              UFA,"проспект Октября, 68, Уфа, Республика Башкортостан, Россия, 450054",54.759898,56.01109,-0.09173605763
1318,4723,496.5,BELINSKOGO 82B            KUZNETSK,"улица Белинского, 82, Кузнецк, Пензенская область, Россия, 442532",53.118319,46.58778,-0.0762894514
1319,8488,496.5,KOMSOMOLSKAYA 34B         KUZNETSK,"Комсомольская улица, 34А, Кузнецк, Пензенская область, Россия, 442530",53.116514,46.605899,0.06808458072
1320,8498,496.5,"NOVOSELOV, 51, K.2        RYAZAN      ","улица Новосёлов, 51к2, район Дашково-Песочня, Октябрьский административный округ, Рязань, Россия, 390048",54.601214,39.826395,-0.09745179675
1321,8501,496.5,SOVHOZNAYA 7              SADOVIY,"Совхозная улица, 7, посёлок Садовый, Новосибирский район, Новосибирская область, Россия",55.13848,82.967537,-0.09751379462
1322,8506,496.5,KRASNOPROLETARSKAYA 16    ULYANOVSK,"Краснопролетарская улица, 16, Ульяновск, Россия, 432007",54.331058,48.485067,-0.04722900985
1323,8513,496.5,LENINA 25                 YAKUTSK,"проспект Ленина, 25, Якутск, Республика Саха (Якутия), Россия, 677027",62.02574,129.728576,-0.00835988806
1324,8517,496.5,"KALININA AVE, 38A/2       PIATIGORSK  ","проспект Калинина, 38Ас2, Пятигорск, Ставропольский край, Россия",44.047675,43.065163,-0.06625559425
1325,8520,496.5,SANY-SHIRI 46             S. MUGUR-AKS,"остров Мугур-Аксы, Кызылский кожуун, Республика Тыва, Россия",51.622019,94.204348,-0.1267623698
1326,8535,496.5,KRASNOFLOTSKAYA 31        KORSAKOV,"Краснофлотская улица, 31, Корсаков, Сахалинская область, Россия",46.636359,142.78204,0.06069121011
1327,8538,496.5,KHARKOVSKAYA 3            KURSK,"Харьковская улица, 3, Курск, Россия, 305018",51.674114,36.145359,-0.06345599615
1328,8541,496.5,SOVETSKAYA 37             BORISOGLEBSK,"Советская улица, 37, Борисоглебск, Воронежская область, Россия, 397160",51.368181,42.076971,-0.03486580745
1329,8546,496.5,GAGARINA 35               GAGARIN,"улица Гагарина, 35, Гагарин, Смоленская область, Россия, 215010",55.553406,34.995704,-0.08423830045
1330,8551,496.5,OKTYABRSKAYA 40           POGAR,"Октябрьская улица, 40, посёлок Погар, Погарский район, Брянская область, Россия",52.550941,33.253593,-0.09899240537
1331,8562,496.5,"4-TH MIKRORAYON, 25       KURGAN      ","4-й микрорайон, 25, Курган, Россия",55.467606,65.271301,-0.05305236615
1332,8567,496.5,STARA-ZAGORA 41           SAMARA,"улица Стара Загора, 41, Самара, Россия, 443081",53.227781,50.205646,-0.05436308356
1333,8581,496.5,KOMAROVA 10               ULAN-UDE,"улица Комарова, 10, Улан-Удэ, Республика Бурятия, Россия, 670009",51.862304,107.714506,0.04040543287
1334,8591,496.5,YAROSLAVSKOGO 19          YAKUTSK,"улица Ярославского, 19, Якутск, Республика Саха (Якутия), Россия, 677018",62.027854,129.736804,0.006756984044
1335,8606,496.5,PUSHKINA 12               YAKUTSK,"улица Пушкина, 12, Якутск, Республика Саха (Якутия), Россия",62.032474,129.727121,0.06503416946
1336,8608,496.5,PUSHKINA 12               YAKUTSK,"улица Пушкина, 12, Якутск, Республика Саха (Якутия), Россия",62.032474,129.727121,0.05132424638
1337,8631,496.5,RADISHEVA 2               TORZHOK,"улица Радищева, 2, Торжок, Тверская область, Россия, 172002",57.043331,34.958038,-0.08573802233
1338,8632,496.5,TVARDOVSKOGO 2V           SMOLENSK,"улица Твардовского, 2, Смоленск, Россия, 214014",54.773605,32.058034,0.01446707407
1339,8635,496.5,"TSANOVA AVE, 8            TVER        ","бульвар Цанова, 8, Тверь, Россия, 170033",56.830014,35.917547,-0.09480919885
1340,8662,496.5,SHORSA 41                 KRASNOYARSK,"улица Щорса, 41, Красноярск, Россия, 660094",55.991032,92.95524,-0.02907141499
1341,8665,496.5,SOVETSKAYA 71             KOLIVAN,"Советская улица, 71, посёлок городского типа Колывань, Колыванский район, Новосибирская область, Россия",55.305343,82.737065,-0.06773143635
1342,8667,496.5,LENINA 23                 OSTROGOZHSK,"улица Ленина, 23, Острогожск, Воронежская область, Россия, 397855",50.860662,39.083147,0.01333786162
1343,8670,496.5,MAGADANSKAYA 29/4         KHANDIGA,"Магаданская улица, 31, посёлок Хандыга, Томпонский муниципальный район, Республика Саха (Якутия), Россия, 678720",62.648441,135.580992,-0.07615034942
1344,8671,496.5,40 LET OKTYABRYA 2A       LESOSIBIRSK,"улица 40 лет Октября, 2А, посёлок Новоенисейск, Лесосибирск, Красноярский край, Россия, 662546",58.293887,92.39267,-0.01640597948
1345,8674,496.5,NARIMANOVA 31/2           ULYANOVSK,"проспект Нариманова, 31/2, Ульяновск, Россия, 432002",54.341526,48.377081,-0.05688841404
1346,8676,496.5,KURASHOVA 6               YAKUTSK,"улица Курашова, 6, Якутск, Республика Саха (Якутия), Россия, 677000",62.030643,129.741494,0.03031725806
1347,8693,496.5,POLEVAYA 8                KAMENKA,"Полевая улица, 8, посёлок городского типа Каменка, Каменский район, Воронежская область, Россия, 396510",50.718416,39.41653,-0.1084586732
1348,8695,496.5,LENINA 33                 SHEBEKINO,"улица Ленина, 33, Шебекино, Белгородская область, Россия, 309290",50.408438,36.882418,-0.1098451804
1349,8705,496.5,SOVETSKAYA 19             MOSHKOVO,"Советская улица, 19, рабочий посёлок Мошково, Мошковский район, Новосибирская область, Россия, 633131",55.302914,83.608988,-0.0581839586
1350,8713,496.5,PIONERSKAYA 86G           BIROBIDZHAN,"Пионерская улица, 86, Биробиджан, Еврейская автономная область, Россия, 679017",48.799998,132.889154,-0.0294750835
1351,8724,496.5,AMURSKAYA 58              BLAGOVESHENS,"Амурская улица, 58, Благовещенск, Амурская область, Россия",50.260491,127.559576,-0.05756095414
1352,8726,496.5,MAYAKOVSKOGO 16           OMSK,"улица Маяковского, 16, Омск, Россия, 644046",54.970081,73.389098,-0.038817012
1353,8730,496.5,ALIEVA 12B                DERBENT,"улица Алиева, 12, Дербент, Республика Дагестан, Россия",42.076926,48.287905,-0.07729474277
1354,8734,496.5,NEKRASOVSKAYA 76          VLADIVOSTOK,"Некрасовская улица, 76, Владивосток, Приморский край, Россия, 690014",43.125867,131.911042,-0.06520262256
1355,8742,496.5,GRIBOEDOVA 41             DZERZHINSK,"улица Грибоедова, 41, Дзержинск, Нижегородская область, Россия, 606008",56.230107,43.453819,-0.02785238504
1356,8747,496.5,GORKOGO 2V                LIVNI,"улица Максима Горького, 2, Ливны, Орловская область, Россия",52.429306,37.604861,-0.05854228791
1357,8761,496.5,"VOLGOGRADSKIY AVE,121/35  MOSCOW      ","Волгоградский проспект, 5, Москва, Россия, 109316",55.731992,37.672756,-0.02167957433
1358,8768,496.5,KARAGANDINSKAYA 22        ORENBURG,"Карагандинская улица, 22, Оренбург, Россия, 460025",51.794058,55.130696,-0.05053851343
1359,8772,496.5,KONEVA 12/1               TVER,"улица Маршала Конева, 12к1, Тверь, Россия, 170024",56.84773,35.837345,-0.06806515956
1360,8776,496.5,STASOVA 174/1             KRASNODAR,"улица Стасова, 174/1, Краснодар, Россия, 350011",45.02396,39.043935,-0.08317944952
1361,8779,496.5,PUSHKINA 27/6             DERBENT,"улица Пушкина, 27, Дербент, Республика Дагестан, Россия",42.05708,48.30023,-0.04221659726
1362,8783,496.5,PUSHKINA 12               YAKUTSK,"улица Пушкина, 12, Якутск, Республика Саха (Якутия), Россия",62.032474,129.727121,0.04684080521
1363,8787,496.5,PERVOMAYSKAYA 18          KHORINSK,"Первомайская улица, 18, село Хоринск, Хоринский район, Республика Бурятия, Россия, 671410",52.160432,109.762207,-0.0388622515
1364,8792,496.5,PRZHEVALSKOGO 3           ULAN-UDE,"улица Пржевальского, 3, Улан-Удэ, Республика Бурятия, Россия, 670034",51.842177,107.59062,-0.01976986164
1365,8795,496.5,IRKUTSKIY TRAKT 194       TOMSK,"Иркутский тракт, 194, Томск, Россия, 634040",56.520449,85.070143,-0.01522205761
1366,8799,496.5,SOVETSKAYA 29B            GORODOVIKOVS,"Советская улица, 29Б, Городовиковск, Республика Калмыкия, Россия",46.083323,41.93846,0.03712342009
1367,8804,496.5,"MKR. 3, 22                ELISTA      ","1-й микрорайон, 3, Элиста, Республика Калмыкия, Россия",46.31703,44.254676,-0.03153081549
1368,8807,496.5,OKTYABRSKAYA 18A          IKI-BURUL,"Октябрьская улица, 16, поселок Ики-Бурул, Ики-Бурульский район, Республика Калмыкия, Россия, 359130",45.82691,44.647851,-0.0908483981
1369,8811,496.5,LENINA 11/3               ELISTA,"улица В.И. Ленина, 11с3, Элиста, Республика Калмыкия, Россия",46.313681,44.221465,-0.1032806887
1370,16,496.5,"III INTERNATSIONALA,10    PETUSHKI    ","улица 3-го Интернационала, 12, Петушки, Владимирская область, Россия",55.93665,39.456783,-0.007557023549
1371,21,496.5,SOVETSKAYA 126            EGORIEVSK,"Советская улица, 126, Егорьевск, Московская область, Россия, 140301",55.380084,39.039462,0.1371247956
1372,25,496.5,KIROVA 44                 UZHUR,"улица Кирова, 44, Ужур, Красноярский край, Россия",55.319059,89.839919,-0.1059464807
1373,26,496.5,"ARBAT,1                   MOSCOW      ","улица Арбат, 1, Москва, Россия, 119019",55.751812,37.599292,-0.1450012315
1374,55,496.5,PERVOMAYSKAYA 59A         KANDALAKSHA,"Первомайская улица, 59А, Кандалакша, городское поселение Кандалакша, Мурманская область, Россия, 184042",67.153015,32.414943,-0.1014424435
1375,57,496.5,TSENTRALNAYA 9B           SVETLOLOBOVO,"Центральная улица, 9, село Светлолобово, Новосёловский район, Красноярский край, Россия",55.090402,90.851772,-0.08008184021
1376,73,496.5,FRUNZE 2A                 SUKPAK,"село Сукпак, Кызылский кожуун, Республика Тыва, Россия",51.645174,94.261346,0.03046890351
1377,83,496.5,KIROVA 28                 YARANSK,"улица Кирова, 26, Яранск, Кировская область, Россия, 612260",57.30435,47.884669,0.01852387508
1378,100,496.5,"MOSKOVSKIY PR-T,49        BRYANSK     ","Московский проспект, 49, Брянск, Россия",53.215116,34.423181,-0.1017864168
1379,104,496.5,MINAEVA 15                ULYANOVSK,"улица Минаева, 15, Ульяновск, Россия, 432000",54.308198,48.392029,0.008098731266
1380,110,496.5,MIRA 12-1                 NAZAROVO,"улица Мира, 12, Назарово, Красноярский край, Россия, 662202",56.006859,90.402318,-0.02924672049
1381,112,496.5,LENINA 95A                IVANOVKA,"улица Ленина, 95, село Ивановка, Ивановский район, Амурская область, Россия, 676930",50.364162,127.998897,0.04015237987
1382,113,496.5,LENINA 30                 ELIZOVO,"улица Ленина, 30, Елизово, Камчатский край, Россия, 684000",53.192161,158.384079,-0.08399847408
1383,117,496.5,"SOVETSKIY SEVER, 45       KOLPASHEVO  ","улица Советский Север, 45, Колпашево, Томская область, Россия, 636460",58.312131,82.89472,-0.02627280024
1384,123,496.5,SOVETSKAYA 83A            DEBESII,"Советская улица, 83, рабочий посёлок Сазоново, Чагодощенский район, Вологодская область, Россия, 162430",59.096194,35.224407,-0.09123875534
1385,127,496.5,DRUZHBI 137               KIZIL,"улица Дружбы, 137, Кызыл, Республика Тыва, Россия, 667005",51.718071,94.444395,0.006700408041
1386,142,496.5,PETINA 4                  VOLOGDA,"улица Петина, 4, Вологда, Россия, 160002",59.213501,39.851054,-0.02366950306
1387,143,496.5,LENINA 42                 KIZIL,"улица Ленина, 42, Кызыл, Республика Тыва, Россия, 667000",51.720325,94.43322,0.0639029821
1388,122,1022,ABB 12 PUSHKINA           KAZAN,"улица Пушкина, 12, Казань, Республика Татарстан, Россия, 420111",55.789036,49.124838,-0.1421904242
1389,300,1022,ABB 18 B POBEDY PR.       KAZAN,"проспект Победы, 18, Казань, Республика Татарстан, Россия, 420138",55.741105,49.195653,-0.06392582916
1390,1912,1022,ABB 6 AKHTUBINSKAYA       NIZHNEKAMSK,"Ахтубинская улица, 6, Нижнекамск, Республика Татарстан, Россия",55.624357,51.821626,-0.1341729835
1391,2918,1022,ABB 11 CHISTOPOLSKAYA     KAZAN,"Чистопольская улица, 11, Казань, Республика Татарстан, Россия, 420066",55.820126,49.107474,-0.0350477606
1392,2963,1022,ABB 25 GAGARINA           NIZHNEKAMSK,"улица Гагарина, 25, Нижнекамск, Республика Татарстан, Россия",55.648946,51.845512,-0.07527283537
1393,4453,1022,ABB 78 PR. POBEDY         KAZAN,"проспект Победы, 78, Казань, Республика Татарстан, Россия, 420140",55.763802,49.220608,-0.1241373589
1394,4475,1022,ABB 97A DAVYDOVA          MAMADYSH,"улица Давыдова, 97А, Мамадыш, Республика Татарстан, Россия",55.703484,51.406146,-0.100456759
1395,4554,1022,"ABB 32 MIKRORAJON 1       KAM.POLYANY,","квартал 32, поселение Московский, Москва, Россия",55.629933,37.413215,-0.1032633668
1396,151,1022,ABB 2A LOMZHINSKAYA       KAZAN,"Ломжинская улица, 2А, Казань, Республика Татарстан, Россия, 420140",55.766405,49.221407,-0.1108872755
1397,157,1022,ABB 42 KRASNOARMEJSKAYA   JOSHKAR-OLA,"Красноармейская улица, 42, Йошкар-Ола, Республика Марий Эл, Россия, 424036",56.641664,47.894443,-0.09800462434
1398,296,1022,ABB 46-33 YAMASHEVA PR.   KAZAN,"проспект Ямашева, 46/33, Казань, Республика Татарстан, Россия, 420124",55.829578,49.118586,-0.03117166153
1399,297,1022,ABB 46-33 YAMASHEVA PR.   KAZAN,"проспект Ямашева, 46/33, Казань, Республика Татарстан, Россия, 420124",55.829578,49.118586,-0.05186411936
1400,298,1022,ABB 46-33 YAMASHEVA PR.   KAZAN,"проспект Ямашева, 46/33, Казань, Республика Татарстан, Россия, 420124",55.829578,49.118586,-0.0876145771
1401,299,1022,ABB 11 CHISTOPOLSKAYA     KAZAN,"Чистопольская улица, 11, Казань, Республика Татарстан, Россия, 420066",55.820126,49.107474,-0.1173808258
1402,315,1022,ABB 47 K.MARKSA           CHEBOKSARY,"улица Карла Маркса, 47, Чебоксары, Чувашская Республика, Россия",56.13441,47.247889,-0.09831080598
1403,350,1022,ABB 120 CHULMAN           NAB.CHELNY,"проспект Чулман, 120, Набережные Челны, Республика Татарстан, Россия, 423826",55.773327,52.425518,-0.0985633834
1404,364,1022,ABB 65 YASHLEK PR.        NAB.CHELNY,"проспект Яшьлек, 64, Набережные Челны, Республика Татарстан, Россия",55.762135,52.447033,-0.1450012315
1405,366,1022,ABB 16A VAKHITOVA         NAB.CHELNY,"проспект Вахитова, 16А, Набережные Челны, Республика Татарстан, Россия, 423816",55.746603,52.424961,-0.1238536938
1406,368,1022,ABB 8 ERSHOVA             KAZAN,"улица Николая Ершова, 8, Казань, Республика Татарстан, Россия, 420061",55.792033,49.154258,-0.09435474857
1407,376,1022,ABB 9 MINSKAYA            KAZAN,"Минская улица, 9, Казань, Республика Татарстан, Россия, 420140",55.773449,49.230408,-0.1009100099
1408,381,1022,ABB 13 KAZAKOVA           ALEKSEEVSKOE,"улица Казакова, 13, поселок городского типа Алексеевское, Алексеевский район, Республика Татарстан, Россия, 422900",55.302007,50.108889,-0.07721066089
1409,383,1022,ABB 11 USPENSKAYA         JOSHKAR-OLA,"Успенская улица, 11, Йошкар-Ола, Республика Марий Эл, Россия, 424006",56.629169,47.884804,-0.1090165906
1410,1920,1022,ABB 41 KOSMONAVTOV        KAZAN,"улица Космонавтов, 41, Казань, Республика Татарстан, Россия, 420061",55.7993,49.191799,-0.08151057916
1411,1930,1022,ABB 37 STROITELEJ PR.     ALMETEVSK,"проспект Строителей, 37, Альметьевск, Республика Татарстан, Россия, 423457",54.905338,52.272868,-0.1125371337
1412,1938,1022,ABB 53 MOLODOGVARDEJCEV   CHELYABINSK,"улица Молодогвардейцев, 53, Челябинск, Россия, 454021",55.18103,61.333581,-0.04577036957
1413,1943,1022,ABB 18 KHIMIKOV           NIZHNEKAMSK,"проспект Химиков, 18, Нижнекамск, Республика Татарстан, Россия, 423578",55.620753,51.790751,-0.04716999103
1414,1947,1022,ABB 1A NIKOLAYA ERSHOVA   KAZAN,"улица Николая Ершова, 1А, Казань, Республика Татарстан, Россия, 420061",55.7939,49.149506,-0.06446567405
1415,1962,1022,ABB 59  1 LENINSKAYA      ORENBURG,"Ленинская улица, 59/1, Оренбург, Россия, 460014",51.763144,55.113421,-0.1304526101
1416,1966,1022,ABB 29 PUSHKINA           ALMETEVSK,"улица Пушкина, 29, Альметьевск, Республика Татарстан, Россия, 423452",54.907372,52.300311,-0.1021496269
1417,192,1942,3 VOLODARSKOGO STR.       EKATERINBURG,"улица Володарского, 3, Екатеринбург, Свердловская область, Россия, 620014",56.83875,60.596127,-0.07524248972
1418,164,1942,16 POPOVA STR.            PERM,"улица Попова, 16, Пермь, Россия",58.008438,56.228213,-0.08755049661
1419,172,1942,UL METALLURGOV 87         EKATERINBURG,"улица Металлургов, 87, Екатеринбург, Свердловская область, Россия, 620043",56.823631,60.505406,-0.03615303519
1420,228,1942,35A VATUTINA STR.         PERVOURALSK,"улица Ватутина, 35А, Первоуральск, Свердловская область, Россия, 623104",56.902044,59.942118,0.02014245448
1421,249,1942,82 SVOBODY STR            CHELYABINSK,"улица Свободы, 82, Челябинск, Россия, 454091",55.156194,61.412938,0.02758517116
1422,262,1942,6 GERTSENA STR.           MAGNITOGORSK,"улица Герцена, 6, Магнитогорск, Челябинская область, Россия, 455001",53.430384,58.973222,0.06703947625
1423,275,1942,60 LENINA STR.            PERM,"улица Ленина, 60, Пермь, Россия",58.009473,56.233791,0.00369705512
1424,276,1942,60 LENINA STR.            PERM,"улица Ленина, 60, Пермь, Россия",58.009473,56.233791,0.01921924617
1425,281,1942,65 AMUDSENA               EKATERINBURG,"улица Амундсена, 65, Екатеринбург, Свердловская область, Россия, 620146",56.79585,60.580936,0.004009279497
1426,285,1942,44 KRAULYA                EKATERINBURG,"улица Крауля, 44, Екатеринбург, Свердловская область, Россия, 620109",56.830477,60.56023,0.02584069363
1427,181,1942,53 LENINA AV.             CHELYABINSK,"проспект Ленина, 53, Челябинск, Россия, 454091",55.160108,61.40568,-0.03952013283
1428,189,1942,32A MOLODOGVARDEYTSEV STR CHELYABINSK,"улица Молодогвардейцев, 32А, Челябинск, Россия, 454084",55.195472,61.331802,-0.03114563761
1429,194,1942,61A LENINA STR.           CHAYKOVSKIY,"улица Ленина, 61Ауч1, Чайковский, Пермский край, Россия, 617764",56.771763,54.156536,-0.03267247678
1430,202,1942,86 YURSHA                 PERM,"улица Юрша, 86, Пермь, Россия, 614051",58.001485,56.304569,0.003621486031
1431,206,1942,147 KUYBISHEVA STR        PERM,"улица Куйбышева, 147, Пермь, Россия",57.965159,56.243798,-0.02158565509
1432,214,1942,22 MARCHENKO              CHELYABINSK,"улица Марченко, 22, Челябинск, Россия, 454085",55.16704,61.459129,0.008711494721
1433,219,1942,203 TRUDA STR.            CHELYABINSK,"улица Труда, 203, Челябинск, Россия, 454080",55.171051,61.355976,0.004588883571
1434,229,1942,9 UINSKAYA STR.           PERM,"Уинская улица, 9, Пермь, Россия, 614051",58.006783,56.304587,-0.004965078415
1435,238,1942,6 GERTSENA STR.           MAGNITOGORSK,"улица Герцена, 6, Магнитогорск, Челябинская область, Россия, 455001",53.430384,58.973222,0.09079180692
1436,971,1942,ST KALININA 56            SHADRINSK,"улица Калинина, 56, Шадринск, Курганская область, Россия, 641875",56.100128,63.682729,-0.06146248
1437,1821,1942,202 KRASNAYA STR.         KRASNODAR,"Красная улица, 202, микрорайон Центральный, Краснодар, Россия",45.056384,38.983119,-0.00150739732
1438,1892,1942,2 OB STR.                 OB,"улица 2-й километр, Обь, Новосибирская область, Россия",54.990163,82.740003,0.001029065341
1439,386,1942,NIKOLAYA OTRADY 1         VOLGOGRAD,"улица Николая Отрады, 1, Волгоград, Россия, 400033",48.818515,44.629121,-0.006137510887
1440,389,1942,3A OPTIKOV STR.           S.-PETERBURG,"улица Оптиков, 3, Санкт-Петербург, Россия, 197372",59.997145,30.248962,0.02659160941
1441,393,1942,5 POBEDY SQ.              LIPETSK,"площадь Победы, 5, Липецк, Россия, 398024",52.603187,39.571929,-0.01606727943
1442,396,1942,90/1 LERMONTOVA STR       IRKUTSK,"улица Лермонтова, 90/1, Иркутск, Россия, 664074",52.263012,104.25928,-0.03231204174
1443,398,1942,7 STROITELEY AVE          KUDROVO,"проспект Строителей, 7, Кудрово, Заневское городское поселение, Всеволожский район, Ленинградская область, Россия, 188691",59.917222,30.521996,-0.006070487885
1444,406,1942,64 ARMII                  VOLGOGRAD,"улица 64-й Армии, 58, Волгоград, Россия, 400079",48.632259,44.429506,-0.01428043533
1445,417,1942,308 KIROVA AVE            SAMARA,"проспект Кирова, 308, Самара, Россия, 443125",53.251908,50.218573,0.08278275183
1446,421,1942,14 KOPYLOVA STR.          KAZAN,"улица Копылова, 14, Казань, Республика Татарстан, Россия, 420127",55.857882,49.085789,-0.035929145
1447,437,1942,2 KRAINYAYA STR.          KRASNOYARSK,"автодорога Красноярск-Железногорск, 20 км, Берёзовский район, Красноярский край, Россия",56.12978,93.332317,0.02390482979
1448,465,1942,28 TRANSPORTNAYA ST       SOCHI,"Транспортная улица, 28, Сочи, Краснодарский край, Россия",43.605392,39.749966,0.02197246056
1449,481,1942,6 TOTMINA STR             KRASNOYARSK,"улица Тотмина, 6, микрорайон Северо-Западный, Красноярск, Россия",56.031553,92.775766,0.02106072165
1450,495,1942,8 TEKSTILTCHIKOV 11       MOSCOW,"8-я улица Текстильщиков, 11, Москва, Россия, 109129",55.703525,37.743804,-0.03837174675
1451,497,1942,SH ENTUZIASTOV 54A        MOSCOW,"шоссе Энтузиастов, 54, Москва, Россия, 111123",55.759476,37.761527,-0.01664504351
1452,502,1942,98 KOSMONAVTOV STR.       LIPETSK,"улица Космонавтов, 98, Липецк, Россия, 398042",52.608377,39.54533,-0.04218978737
1453,511,1942,45 B.SERPUKHOVSKAYA       PODOLSK,"Серпуховская улица, микрорайон Климовск, Подольск, Московская область, Россия",55.353345,37.538754,0.0598442451
1454,516,1942,3/2 KOLTSEVAYA STR        BALASHIKHA,"Кольцевая улица, 3К2, микрорайон Янтарный, Балашиха, Московская область, Россия, 143906",55.822539,37.875631,-0.008804114504
1455,519,1942,3-1 SKLADOCHNAYA ST       MOSCOW,"Складочная улица, 3с1, Москва, Россия, 127018",55.806095,37.590785,0.03787083926
1456,520,1942,3-1 SKLADOCHNAYA ST       MOSCOW,"Складочная улица, 3с1, Москва, Россия, 127018",55.806095,37.590785,-0.02490101123
1457,528,1942,4A LOBNENSKAYA STR.       MOSCOW,"Лобненская улица, 4А, Москва, Россия, 127644",55.889881,37.537676,0.0814624871
1458,534,1942,12 AV.MIKOYANA STR.       MOSCOW,"улица Авиаконструктора Микояна, 12, Москва, Россия, 125252",55.792589,37.527588,-0.08217634444
1459,542,1942,7-1 OSENNIY BLVD.         MOSCOW,"Осенний бульвар, 7к1, Москва, Россия, 121609",55.757769,37.406864,-0.007205346648
1460,547,1942,7 1905 GODA STR.          MOSCOW,"улица 1905 года, 7с1, Москва, Россия, 123022",55.7621,37.55867,0.01476422726
1461,554,1942,2-5 2-YA REYSOVAYA STR.   VNUKOVO,"2-я Рейсовая улица, 2к5, посёлок Внуково, Москва, Россия",55.605785,37.28763,-0.0313803224
1462,555,1942,2-5 2-YA REYSOVAYA STR.   VNUKOVO,"2-я Рейсовая улица, 2к5, посёлок Внуково, Москва, Россия",55.605785,37.28763,-0.03642585946
1463,563,1942,4A LOBNENSKAYA STR.       MOSCOW,"Лобненская улица, 4А, Москва, Россия, 127644",55.889881,37.537676,0.06017417452
1464,575,1942,1 STROGINSKIY BLVD.       MOSCOW,"Строгинский бульвар, 1, Москва, Россия, 123592",55.806044,37.395455,0.02038482944
1465,579,1942,119 MIRA AV.              MOSCOW,"проспект Мира, 119, Москва, Россия",55.826296,37.63765,-0.0646386231
1466,582,1942,101 LENINSKIY AV.         MOSCOW,,,,0.03531921756
1467,583,1942,64/2 LENINSKIY AV         MOSCOW,,,,0.0336743118
1468,592,1942,39 DIANOVA                OMSK,"улица Дианова, 39, Омск, Россия, 644073",54.995101,73.227446,-0.01524921287
1469,599,1942,11/15 SHELKOVICHNAYA      SARATOV,"Шелковичная улица, 11/15, Саратов, Россия, 410017",51.519985,46.013335,0.004055621258
1470,615,1942,9/10-2 KUZNETSKIY MOST    MOSCOW,"улица Кузнецкий Мост, 9/10с2, Москва, Россия, 107031",55.762151,37.621543,0.07596934661
1471,616,1942,9/10-2 KUZNETSKIY MOST    MOSCOW,"улица Кузнецкий Мост, 9/10с2, Москва, Россия, 107031",55.762151,37.621543,0.05004764323
1472,617,1942,9/10-2 KUZNETSKIY MOST    MOSCOW,"улица Кузнецкий Мост, 9/10с2, Москва, Россия, 107031",55.762151,37.621543,0.0787160412
1473,618,1942,9/10-2 KUZNETSKIY MOST    MOSCOW,"улица Кузнецкий Мост, 9/10с2, Москва, Россия, 107031",55.762151,37.621543,0.07242916429
1474,641,1942,18 1-KOLOBOVSKIY BSTR.    MOSCOW,,,,0.04289252877
1475,665,1942,13/1 FESTIVALNAYA ST.     MOSCOW,"квартал В-13, городской округ Волгодонск, Ростовская область, Россия",47.54,42.207164,0.05324026183
1476,666,1942,13/1 FESTIVALNAYA ST.     MOSCOW,"квартал В-13, городской округ Волгодонск, Ростовская область, Россия",47.54,42.207164,0.03871096681
1477,668,1942,13/1 FESTIVALNAYA ST.     MOSCOW,"квартал В-13, городской округ Волгодонск, Ростовская область, Россия",47.54,42.207164,0.06466212677
1478,669,1942,13/1 FESTIVALNAYA ST.     MOSCOW,"квартал В-13, городской округ Волгодонск, Ростовская область, Россия",47.54,42.207164,0.04140983173
1479,758,1942,119 VERNADSKOGO AVE..     MOSKVA,"проспект Вернадского, 119, Москва, Россия, 119571",55.657621,37.482771,0.0393420889
1480,862,1942,2-5 2-YA REYSOVAYA STR.   MOSCOW,"2-я Рейсовая улица, 2к5, посёлок Внуково, Москва, Россия",55.605785,37.28763,0.003120859135
1481,871,1942,76A MOZHAYSKOE H/W.       ODINTSOVO,"Можайское шоссе, 76А, Одинцово, Московская область, Россия, 143005",55.682767,37.294924,-0.008228472691
1482,914,1942,104 PROFSOYUZNAYA STR.    MOSKVA,"Профсоюзная улица, 104, Москва, Россия, 117437",55.64192,37.523456,0.05992126489
1483,916,1942,104 PROFSOYUZNAYA STR.    MOSKVA,"Профсоюзная улица, 104, Москва, Россия, 117437",55.64192,37.523456,0.06553380605
1484,925,1942,1 ST. NOVINKI             MOSKVA,"улица Новинки, 1, Москва, Россия, 115470",55.677671,37.666225,0.06141182284
1485,952,1942,20A SVOBODNIY AV.         MOSCOW,"Свободный проспект, 20А, Москва, Россия, 111396",55.751254,37.816271,0.002223874127
1486,953,1942,20A SVOBODNIY AV.         MOSCOW,"Свободный проспект, 20А, Москва, Россия, 111396",55.751254,37.816271,-0.006258370087
1487,954,1942,20A SVOBODNIY AV.         MOSCOW,"Свободный проспект, 20А, Москва, Россия, 111396",55.751254,37.816271,0.03469344857
1488,955,1942,20A SVOBODNIY AV.         MOSCOW,"Свободный проспект, 20А, Москва, Россия, 111396",55.751254,37.816271,-0.01268351086
1489,956,1942,20A SVOBODNIY AV.         MOSCOW,"Свободный проспект, 20А, Москва, Россия, 111396",55.751254,37.816271,0.0131964765
1490,963,1942,2 KIEVSKOGO VOKZALA       MOSCOW,"площадь Киевского Вокзала, 2, Москва, Россия, 121059",55.744632,37.566072,0.08638936302
1491,965,1942,19 ENISEYSKAYA STR        MOSCOW,"Енисейская улица, 19, Москва, Россия, 129327",55.868688,37.662515,0.06212549346
1492,966,1942,7 PLANERNAYA STR          MOSCOW,"Планерная улица, 7, Москва, Россия, 125481",55.862969,37.434918,0.08376958007
1493,994,1942,6-2 VILYAMINOVSKAYA STR.  MOSCOW,"Вельяминовская улица, 6с2, Москва, Россия, 105318",55.781833,37.72299,0.07347374786
1494,1006,1942,6-2 VILYAMINOVSKAYA STR.  MOSCOW,"Вельяминовская улица, 6с2, Москва, Россия, 105318",55.781833,37.72299,0.08872548226
1495,1008,1942,6-2 VILYAMINOVSKAYA STR.  MOSCOW,"Вельяминовская улица, 6с2, Москва, Россия, 105318",55.781833,37.72299,0.07355221173
1496,1011,1942,4 KHODYNSKIY BLVD.        MOSCOW,,,,0.04532319762
1497,1086,1942,16A LENINGRADSKOE H/W.    MOSCOW,"Ленинградское шоссе, 16А, Москва, Россия",55.823879,37.497216,0.1033317847
1498,1108,1942,16A LENINGRADSKOE H/W.    MOSCOW,"Ленинградское шоссе, 16А, Москва, Россия",55.823879,37.497216,0.04024273987
1499,1119,1942,11/23 PYATNITSKAYA STR.   MOSCOW,"Пятницкая улица, 11/23, Москва, Россия, 115184",55.744059,37.628056,0.04689897149
1500,1130,1942,11/23 PYATNITSKAYA STR.   MOSCOW,"Пятницкая улица, 11/23, Москва, Россия, 115184",55.744059,37.628056,0.02889525301
1501,1141,1942,11/23 PYATNITSKAYA STR.   MOSCOW,"Пятницкая улица, 11/23, Москва, Россия, 115184",55.744059,37.628056,0.0185973352
1502,1220,1942,7E MASHI PORYVAEVOY STR.  MOSCOW,"улица Маши Порываевой, 7сА, Москва, Россия, 107078",55.773327,37.646363,-0.04553833119
1503,1226,1942,20A SVOBODNIY AV.         MOSCOW,"Свободный проспект, 20А, Москва, Россия, 111396",55.751254,37.816271,0.03670324298
1504,1303,1942,26A MIRA AV.              MYTISCHI,,,,-0.01466768249
1505,1636,1942,122 MOSKOVSKOE H/W.       N.NOVGOROD,"Московское шоссе, 122, Нижний Новгород, Россия, 603028",56.313613,43.891532,0.05506757733
1506,1685,1942,40A FURSHTATSKAYA STR.    S.-PETERBURG,"Фурштатская улица, 40, Санкт-Петербург, Россия, 191123",59.945414,30.360631,-0.0063041011
1507,1686,1942,40A FURSHTATSKAYA STR.    S.-PETERBURG,"Фурштатская улица, 40, Санкт-Петербург, Россия, 191123",59.945414,30.360631,-0.01608676006
1508,1690,1942,24A INDUSTRIALNIY AV.     S.-PETERBURG,"Индустриальный проспект, 24, Санкт-Петербург, Россия, 195279",59.946175,30.473981,-0.01728242701
1509,1695,1942,21 BOLSHEVIKOV AV.        S.-PETERBURG,"проспект Большевиков, 21, Санкт-Петербург, Россия, 193232",59.90515,30.483009,-0.00901631513
1510,1696,1942,21 BOLSHEVIKOV AV.        S.-PETERBURG,"проспект Большевиков, 21, Санкт-Петербург, Россия, 193232",59.90515,30.483009,-0.004894307508
1511,1723,1942,13 SOVETSKAYA STR.        IZHEVSK,"Советская улица, 13, Ижевск, Удмуртская Республика, Россия, 426011",56.845844,53.208346,0.02418582663
1512,1728,1942,87 MOLODEZHNAYA STR.      IZHEVSK,"Молодёжная улица, 87, Ижевск, Удмуртская Республика, Россия, 426073",56.850634,53.292114,0.02290231486
1513,1761,1942,33 MIRA STR.              OMSK,"проспект Мира, 33, Омск, Россия, 644029",55.028785,73.275838,0.05803121551
1514,1772,1942,124B KRASNAYA STR.        KRASNODAR,"Красная улица, 124, микрорайон Центральный, Краснодар, Россия",45.036076,38.975807,0.04276261606
1515,1773,1942,124B KRASNAYA STR.        KRASNODAR,"Красная улица, 124, микрорайон Центральный, Краснодар, Россия",45.036076,38.975807,0.04674857553
1516,1792,1942,8 DNEPROPETROVSKAYA STR.  ROSTOV-ON-DO,"Днепропетровская улица, 8, Ростов-на-Дону, Россия, 344020",47.269725,39.789654,-0.01831264903
1517,1793,1942,84 PROSVETSENIYA STR.     SANKT-PETERB,"проспект Просвещения, 84к1, Санкт-Петербург, Россия, 195267",60.037104,30.414297,0.004093105837
1518,1796,1942,1 ZVEZDNAYA STR           SANKT-PETERS,"Звёздная улица, 1, Домодедово, Московская область, Россия",55.431734,37.739734,0.05256943426
1519,1797,1942,170 KRASNOARMEYSKAYA STR. ROSTOV-ON-DO,"Красноармейская улица, 170, Ростов-на-Дону, Россия, 344002",47.227934,39.713782,0.04320237928
1520,1798,1942,170 KRASNOARMEYSKAYA STR. ROSTOV-ON-DO,"Красноармейская улица, 170, Ростов-на-Дону, Россия, 344002",47.227934,39.713782,0.05088542894
1521,1800,1942,19V MICHURINA STR.        SAMARA,"улица Мичурина, 19В, Самара, Россия, 443013",53.203424,50.14042,0.05970577638
1522,1807,1942,55 KIROVA STR.            NOVOKUZNETSK,"улица Кирова, 55, Новокузнецк, Кемеровская область, Россия, 654080",53.758889,87.138164,-0.08475769774
1523,1814,1942,142 KRASNAYA STR.         KALININGRAD,"Красная улица, 142, Калининград, Россия, 236023",54.737855,20.474204,0.05858689182
1524,1815,1942,138 TURGENEVA STR.        KRASNODAR,"улица Тургенева, 138, Фестивальный микрорайон, Краснодар, Россия, 350049",45.058078,38.963482,0.05468768849
1525,1816,1942,6 POLYARNIKOV STR.        SANKT-PETERB,"улица Полярников, 6, Санкт-Петербург, Россия, 192171",59.876549,30.43785,-0.02866051488
1526,1822,1942,18-1 NOVOTORZHSKAYA STR.  TVER,"Новоторжская улица, 18к1, Тверь, Россия, 170100",56.858321,35.912956,-0.01704042594
1527,1836,1942,52 DEMOKRATICHESKAYA STR  SOCHI,"Демократическая улица, 52, микрорайон Адлер, Сочи, Краснодарский край, Россия",43.426401,39.927599,0.04305655146
1528,1854,1942,13 RASSVETNAYA            NOVOSIBIRSK,"Рассветная улица, 13, микрорайон Снегири, Калининский район, Новосибирск, Россия",55.108874,82.97308,0.04740901215
1529,1856,1942,8 ZHKO AEROPORTA          OB,"улица ЖКО Аэропорта, 8, Обь, Новосибирская область, Россия, 633103",54.997058,82.689194,-0.03645466113
1530,1858,1942,10 GEOLOGICHESKAYA        SURGUT,"Геологическая улица, 10, Сургут, Ханты-Мансийский автономный округ, Россия, 628402",61.237666,73.447075,-0.00314798774
1531,1867,1942,5/23 VOROVSKOGO STR.      MURMANSK,"улица Воровского, 5/23, Мурманск, Россия, 183038",68.969769,33.07278,-0.02623727219
1532,1879,1942,43 LENINA STR.            SURGUT,"проспект Ленина, 43, Сургут, Ханты-Мансийский автономный округ, Россия, 628416",61.254809,73.383906,0.03173907061
1533,734,1942,19A LENINA AV.            MURMANSK,"проспект Ленина, 19А, Мурманск, Россия, 183032",68.95324,33.082625,-0.01306514972
1534,735,1942,19A LENINA AV.            MURMANSK,"проспект Ленина, 19А, Мурманск, Россия, 183032",68.95324,33.082625,0.007988400372
1535,737,1942,19A LENINA AV.            MURMANSK,"проспект Ленина, 19А, Мурманск, Россия, 183032",68.95324,33.082625,-0.04104982694
1536,741,1942,54 MORSKOY AV.            NOVOSIBIRSK,"Морской проспект, 54, микрорайон Академгородок, Советский район, Новосибирск, Россия, 630090",54.835232,83.09729,0.02332301206
1537,743,1942,54 MORSKOY AV.            NOVOSIBIRSK,"Морской проспект, 54, микрорайон Академгородок, Советский район, Новосибирск, Россия, 630090",54.835232,83.09729,0.04630260501
1538,770,1942,124 STARA-ZAGORA ST       SAMARA,"улица Стара Загора, 124, Самара, Россия, 443087",53.243993,50.229506,0.009744045654
1539,775,1942,30-40 CHERNYAHOVSKO       KALININGRAD,,,,0.0153943176
1540,783,1942,22 KOMSOMOLSKAYA ST       YAROSLAVL,"Комсомольская улица, 22, Ярославль, Россия, 150000",57.622805,39.886465,0.03704152875
1541,784,1942,22 KOMSOMOLSKAYA ST       YAROSLAVL,"Комсомольская улица, 22, Ярославль, Россия, 150000",57.622805,39.886465,0.03309152819
1542,799,1942,42 LENINA STR.            BERDSK,"улица Ленина, 42, Бердск, Новосибирская область, Россия, 633010",54.761233,83.100605,-0.1030387052
1543,801,1942,2J VYSOTNAYA STR.         KRASNOYARSK,"Высотная улица, 2, Красноярск, Россия, 660062",56.024783,92.784506,0.03943162807
1544,816,1942,29B ERSHOVA STR.          KAZAN,"улица Николая Ершова, 29, Казань, Республика Татарстан, Россия, 420061",55.794067,49.169098,0.02728245144
1545,821,1942,93 TSYURUPY STR.          UFA,"улица Цюрупы, 93/34, Уфа, Республика Башкортостан, Россия, 450077",54.734019,55.957128,-0.001622883728
1546,841,1942,15 KVARTAL 212/219        ANGARSK,"258-й квартал, 212, Ангарск, Иркутская область, Россия",52.510652,103.886614,-0.03191446253
1547,844,1942,57 KIROVA  STR.           KALUGA,"улица Кирова, 57, Калуга, Россия, 248001",54.513145,36.269731,-0.01797819604
1548,855,1942,93 TSYURUPY STR.          UFA,"улица Цюрупы, 93/34, Уфа, Республика Башкортостан, Россия, 450077",54.734019,55.957128,-0.1227090718
1549,860,1942,100 PUSHKINA STR.         ABAKAN,"улица Пушкина, 100, Абакан, Республика Хакасия, Россия, 655017",53.716857,91.435794,-0.09857921024
1550,861,1942,100 PUSHKINA STR.         ABAKAN,"улица Пушкина, 100, Абакан, Республика Хакасия, Россия, 655017",53.716857,91.435794,-0.07035250234
1551,875,1942,10 MIRA AV.               KRASNOYARSK,"проспект Мира, 10, Красноярск, Россия, 660049",56.013975,92.891388,0.06186882504
1552,876,1942,10 MIRA AV.               KRASNOYARSK,"проспект Мира, 10, Красноярск, Россия, 660049",56.013975,92.891388,0.06408092246
1553,877,1942,10 MIRA AV.               KRASNOYARSK,"проспект Мира, 10, Красноярск, Россия, 660049",56.013975,92.891388,0.07435558529
1554,889,1942,13 IOSIFA KOROLINSKOGO ST SURGUT,,,,0.004713183097
1555,894,1942,19V MICHURINA STR.        SAMARA,"улица Мичурина, 19В, Самара, Россия, 443013",53.203424,50.14042,0.09008251189
1556,899,1942,16 KISELEVA STR.          PSKOV,"улица Киселёва, 16, исторический район Завеличье, Псков, Россия, 180007",57.817275,28.313074,0.01239078127
1557,901,1942,51 SOVETSKAYA             SYZRAN,"Советская улица, 51, Сызрань, Самарская область, Россия, 446001",53.153082,48.467874,-0.04004734311
1558,902,1942,3 UCHITELSKAYA STR.       SOCHI,"Учительская улица, 3, микрорайон Светлана, Сочи, Краснодарский край, Россия",43.572868,39.735045,0.004617258712
1559,903,1942,3 UCHITELSKAYA STR.       SOCHI,"Учительская улица, 3, микрорайон Светлана, Сочи, Краснодарский край, Россия",43.572868,39.735045,-0.0008949494879
1560,909,1942,16 KISELEVA STR.          PSKOV,"улица Киселёва, 16, исторический район Завеличье, Псков, Россия, 180007",57.817275,28.313074,-0.01521088014
1561,982,1942,35 KHOROSHEVSKOE H.       MOSCOW,"Хорошёвское шоссе, 35Ас1, Москва, Россия, 123007",55.777272,37.520806,0.03206857838
1562,984,1942,35 KHOROSHEVSKOE H.       MOSCOW,"Хорошёвское шоссе, 35Ас1, Москва, Россия, 123007",55.777272,37.520806,0.018369941
1563,985,1942,35 KHOROSHEVSKOE H.       MOSCOW,"Хорошёвское шоссе, 35Ас1, Москва, Россия, 123007",55.777272,37.520806,0.02453979162
1564,999,1942,39A VERNADSKOGO AV.       MOSCOW,"проспект Вернадского, 39А, Москва, Россия, 119415",55.676149,37.50655,0.04992162763
1565,1003,1942,39A VERNADSKOGO AV.       MOSCOW,"проспект Вернадского, 39А, Москва, Россия, 119415",55.676149,37.50655,0.03640305915
1566,1004,1942,39A VERNADSKOGO AV.       MOSCOW,"проспект Вернадского, 39А, Москва, Россия, 119415",55.676149,37.50655,0.03227426892
1567,1023,1942,BOROVSKOE SHOSSE 6        MOSCOW,"Боровское шоссе, 6, Москва, Россия, 119618",55.658794,37.401905,0.01989894621
1568,1027,1942,PROLETARSKAYA 2/2         ZHELEZNODORO,"Пролетарская улица, 2к2, микрорайон Железнодорожный, Балашиха, Московская область, Россия, 143980",55.750282,38.006821,0.07626788491
1569,1033,1942,2 KRYLATAYA STR           KRASNODAR,"Крылатая улица, 2, жилой массив Пашковский, Краснодар, Россия, 350023",45.011446,39.122529,-0.02579716099
1570,1034,1942,PR KOMMUNISTICHES 2       LINEVO,"Коммунистический проспект, 2, рабочий поселок Линёво, Искитимский район, Новосибирская область, Россия, 633216",54.458196,83.376181,-0.09780929666
1571,1055,1942,136 SOVETSKAYA STR.       NOVOTROITSK,"Советская улица, 136, Новотроицк, Оренбургская область, Россия, 462351",51.191738,58.278671,-0.07179934186
1572,1061,1942,27A KOSMONAVTOV STR       VORONEZH,"улица Космонавтов, 27А, Воронеж, Россия, 394038",51.657367,39.159153,0.01434954661
1573,1073,1942,28 OKATOVAYA STR.         VLADIVOSTOK,"Окатовая улица, 28, Владивосток, Приморский край, Россия, 690035",43.093373,131.917725,0.02198184177
1574,1083,1942,17 KOLOMYAZHSKIY AV       S.-PETERSBUR,"Коломяжский проспект, 17к1, Санкт-Петербург, Россия, 197341",60.005482,30.299061,-0.005275507112
1575,1101,1942,65A G.SIBIRYAKOV ST       VORONEZH,"СТ Лесной Воронеж, Мичуринский район, Тамбовская область, Россия",52.838098,40.419849,-0.02471288525
1576,1105,1942,81 A.NEVSKOGO STR.        MURMANSK,"улица Александра Невского, 81А, Мурманск, Россия, 183035",69.009001,33.088689,-0.02468223524
1577,1115,1942,2A PUSHKINA STR.          SCHELKOVO,"улица Пушкина, 2А, Щёлково, Московская область, Россия, 141102",55.919579,37.973404,-0.01621681745
1578,1116,1942,28I LENINGRADSKAYA STR.   KHABAROVSK,"Ленинградская улица, 28И, Хабаровск, Россия",48.484117,135.095525,0.1111403072
1579,1121,1942,21A GAKKELEVSKAYA         S.-PETERBURG,"Гаккелевская улица, 21, Санкт-Петербург, Россия, 197227",60.00002,30.256301,-0.07594495295
1580,1128,1942,1 BETANKURA STR.          N.NOVGOROD,"улица Бетанкура, 1, Нижний Новгород, Россия, 603070",56.339397,43.956211,-0.06250509801
1581,1132,1942,120 KHUDAYBERDINA         STERLITAMAK,"улица Худайбердина, 120, Стерлитамак, Республика Башкортостан, Россия, 453116",53.628998,55.941255,-0.06474597534
1582,1133,1942,69 CHISTOPOLSKAYA         KAZAN,"Чистопольская улица, 69, Казань, Республика Татарстан, Россия, 421001",55.81997,49.141565,-0.01079856719
1583,1138,1942,255B UDMURTSKAYA ST       IZHEVSK,"Удмуртская улица, 255, Ижевск, Удмуртская Республика, Россия, 426011",56.868797,53.222378,-0.003180926981
1584,1146,1942,45 B.SERPUKHOVSKAYA       PODOLSK,"Серпуховская улица, микрорайон Климовск, Подольск, Московская область, Россия",55.353345,37.538754,0.04414247811
1585,1147,1942,11 HOLMOGOROVA STR.       IZHEVSK,"улица Холмогорова, 11, Ижевск, Удмуртская Республика, Россия, 426011",56.87684,53.204483,-0.03559746574
1586,1149,1942,2 YANICHKIN PASS.         KOTELNIKI,"Яничкин проезд, 2, Котельники, Московская область, Россия, 140053",55.654355,37.867538,-0.003654507358
1587,1150,1942,99 ASTRAKHANSKAYA         ANAPA,"Астраханская улица, 99, Анапа, Краснодарский край, Россия",44.880085,37.339149,-0.1069219978
1588,1155,1942,6 VERNADSKOGO AV.         MOSCOW,"проспект Вернадского, 6, Москва, Россия, 119334",55.691963,37.527965,0.05772832033
1589,1160,1942,15/3 SOLNECHNAYA ST       KRASNODAR,"Солнечная улица, 15/3, Краснодар, Россия",45.073554,39.002119,0.1182510127
1590,1165,1942,1A PARKOVAYA STR.         ARZAMAS,"Парковая улица, 1А, Арзамас, Нижегородская область, Россия, 607230",55.400834,43.831866,-0.07660509353
1591,1171,1942,5-1 SUSCHEVSKIY VAL       MOSCOW,"улица Сущёвский Вал, 5с1, Москва, Россия, 127018",55.794401,37.592042,0.008143613963
1592,1181,1942,17 KOLOMENSKAYA STR       MOSCOW,"Коломенская улица, 17, Москва, Россия, 115142",55.67825,37.697316,0.02483663583
1593,1185,1942,139 MELNIKAYTE STR.       TYUMEN,"улица Мельникайте, 139, Тюмень, Россия, 625007",57.115407,65.545422,0.00819049546
1594,1190,1942,42D 25-OKTYABRYA AV       GATCHINA,"проспект 25 Октября, 42, Гатчина, Ленинградская область, Россия, 188300",59.574613,30.127707,-0.02589115792
1595,1194,1942,23B POBEDY BLVD           VORONEZH,"бульвар Победы, 23, Воронеж, Россия, 394077",51.710588,39.164768,0.03905227178
1596,1199,1942,74-2A PROSVESCHENIYA AV.  S.-PETERBURG,"проспект Просвещения, 74к2А, Санкт-Петербург, Россия, 195297",60.044567,30.388766,0.004209796646
1597,1225,1942,19 VYSOTNAYA STR          KRASNOYARSK,"Высотная улица, 19, Красноярск, Россия, 660062",56.02435,92.782611,0.0371140676
1598,1236,1942,46/33 YAMASHEVA STR       KAZAN,"проспект Ямашева, 46/33, Казань, Республика Татарстан, Россия, 420124",55.829578,49.118586,0.0199103353
1599,1240,1942,58 LENINA AV.             RUBTSOVSK,"проспект Ленина, 58, Рубцовск, Алтайский край, Россия, 658210",51.518158,81.211511,-0.02094004923
1600,1246,1942,3 ZEMLYANOY VAL           MOSCOW,"улица Земляной Вал, 3/1с6, Москва, Россия, 105064",55.763326,37.657601,-0.03246303178
1601,1249,1942,11 KIROVA STR             VORONEZH,"улица Кирова, 11, Воронеж, Россия, 394018",51.656495,39.190648,0.01805058616
1602,1279,1942,88 KUTUZOVSKIY AVE        MOSCOW,"Кутузовский проспект, 88, Москва, Россия, 121374",55.725595,37.449677,-0.01066963892
1603,1284,1942,51 UNIVERSITETSKIY        VOLGOGRAD,,,,-0.01311726932
1604,1296,1942,21 AMURSKAYA STR.         OMSK,,,,0.02806728317
1605,1302,1942,16 DOLOTNIY PER.          SAMARA,"Долотная улица, 9, Самара, Россия, 443067",53.210905,50.212069,0.005643580547
1606,1314,1942,155 LENINA AV.            BARNAUL,"проспект Ленина, 155, Барнаул, Алтайский край, Россия, 656011",53.371892,83.749503,-0.02975086969
1607,1318,1942,10 ARTEKOVSKAYA STR       VLADIVOSTOK,"Артековская улица, 10, Владивосток, Приморский край, Россия, 690108",43.206825,132.151709,-0.0512289723
1608,1321,1942,161 TURKESTANSKAYA        ORENBURG,"Туркестанская улица, 161, Оренбург, Россия, 460021",51.777567,55.143209,0.03964589605
1609,1325,1942,174 RUBEZHNAYA STR.       UFA,"Рубежная улица, 174, Уфа, Республика Башкортостан, Россия, 450018",54.674918,55.929056,0.01269437957
1610,1329,1942,31 AKADEMICHESKAYA        IRKUTSK,"Академическая улица, 31, Иркутск, Россия, 664056",52.233695,104.302417,-0.0291131009
1611,1331,1942,72 SHISHKOVA STR.         VORONEZH,"улица Шишкова, 72, Воронеж, Россия, 394068",51.702601,39.197718,0.02510971841
1612,1341,1942,37 ORDZHONIKIDZE ST       YAKUTSK,"улица Орджоникидзе, 37, Якутск, Республика Саха (Якутия), Россия, 677027",62.027094,129.726582,0.04639367054
1613,1347,1942,100 LENINA STR.           ALMETEVSK,"улица Ленина, 100, Альметьевск, Республика Татарстан, Россия, 423457",54.899379,52.274017,0.03278750978
1614,1356,1942,143A VARSHAVSKOE HW       MOSCOW,,,,0.03035720759
1615,1367,1942,5A MAYAKOVSKOGO           LOBNYA,"улица Маяковского, 5Ак5, Лобня, Московская область, Россия",56.010201,37.48561,0.05625408076
1616,1368,1942,2/2 PROLETARSKAYA S       ZHELEZNODORO,"Пролетарская улица, 2к2, микрорайон Железнодорожный, Балашиха, Московская область, Россия, 143980",55.750282,38.006821,0.08223998037
1617,1382,1942,14/2 TUKHACHEVSKOGO       STAVROPOL,"улица Тухачевского, 14/2, Ставрополь, Россия, 355040",45.012427,41.918427,0.004211995849
1618,1388,1942,14 KOPYLOVA STR.          KAZAN,"улица Копылова, 14, Казань, Республика Татарстан, Россия, 420127",55.857882,49.085789,-0.04208268562
1619,1391,1942,130A TROLEYNAYA STR.      NOVOSIBIRSK,"Троллейная улица, 130А, Новосибирск, Россия, 630107",54.966463,82.852966,0.02424873026
1620,1392,1942,46 IPPODROMSKAYA STR.     NOVOSIBIRSK,"Ипподромская улица, 46, Новосибирск, Россия, 630111",55.059198,82.938917,0.04662697129
1621,1398,1942,159 TALLINSKOE H/W.       S.PETERBURG,"Таллинское шоссе, 159, Санкт-Петербург, Россия",59.807052,30.162229,0.07138984325
1622,1403,1942,21K KORABLESTROITELEY     S.-PETERBURG,"улица Кораблестроителей, 21к1, Санкт-Петербург, Россия, 199226",59.945864,30.215706,-0.04520781953
1623,1406,1942,3A BELY KUNY STR.         S.-PETERBURG,"улица Белы Куна, 3, Санкт-Петербург, Россия, 192242",59.870014,30.379325,-0.02726950459
1624,1410,1942,10A YUZHNAYA STR          MOSCOW,"Южнопортовая улица, 10, Москва, Россия, 115193",55.709459,37.681676,0.01924726426
1625,1424,1942,9A DRUZHBY AVE            KURSK,"проспект Дружбы, 9А, Центральный округ, Курск, Россия, 305040",51.742425,36.133511,-0.05077186455
1626,1428,1942,35 STOLETOVA STR.         VOLGOGRAD,"проспект Столетова, 35, Волгоград, Россия, 400080",48.508518,44.572096,-0.07125322658
1627,1429,1942,54B LENINA AV.            VOLGOGRAD,"проспект имени В.И. Ленина, 54, Волгоград, Россия, 400005",48.724342,44.538184,-0.08609799706
1628,1441,1942,2A FESTIVALNAYA STR.      MOSCOW,"Фестивальная улица, 2А, Москва, Россия, 125565",55.854032,37.475854,0.06588623915
1629,1445,1942,21A YABLOCHKOVA STR.      MOSCOW,"улица Яблочкова, 21А, Москва, Россия, 127322",55.819489,37.578271,0.03195122843
1630,1455,1942,20 SHEREMETEVSKAYA STR.   MOSCOW,"Шереметьевская улица, 20, Москва, Россия, 129594",55.803469,37.618848,0.01669268251
1631,1460,1942,6A PANFILOVSKIY AV.       MOSCOW,"Панфиловский проспект, 6А, Зеленоград, Москва, Россия, 124460",56.008797,37.200044,0.05479603547
1632,1473,1942,1 NEFTEYUGANSKOE H/W.     SURGUT,"Нефтеюганское шоссе, 1, Сургут, Ханты-Мансийский автономный округ, Россия, 628404",61.2775,73.365733,9.97E-05
1633,1477,1942,23 FRUNZE STR.            TOGLIATTI,"улица Фрунзе, 23, Тольятти, Самарская область, Россия, 445027",53.51371,49.284146,0.0187439453
1634,1494,1942,1D LENINSKIY AV.          VORONEZH,"Ленинский проспект, 1, Воронеж, Россия, 394029",51.633704,39.231656,-0.03357781585
1635,1511,1942,16A BIBLIOTECHNAYA STR.   VOLGOGRAD,"Библиотечная улица, 16А, Волгоград, Россия, 400064",48.766831,44.541823,0.01718355938
1636,1514,1942,250/1 BAYKALSKAYA STR.    IRKUTSK,"Байкальская улица, 250/1, Иркутск, Россия, 664075",52.254407,104.33658,0.0111102377
1637,1520,1942,33 NIKOLSKIY AVE          ARKHANGELSK,"Никольский проспект, 33, исторический район Соломбала, Архангельск, Россия, 163020",64.57758,40.506177,0.04199329616
1638,1521,1942,60/1 REVOLYUTSII          PERM,"улица Революции, 60/1, Пермь, Россия, 614016",58.003112,56.235884,-0.05692396958
1639,1532,1942,211-2 MIRA AV.            MOSCOW,"проспект Мира, 211к2, Москва, Россия, 129226",55.845855,37.662093,0.05703590932
1640,1533,1942,211-2 MIRA AV.            MOSCOW,"проспект Мира, 211к2, Москва, Россия, 129226",55.845855,37.662093,0.05220494463
1641,1537,1942,13B KOMSOMOLSKIY AV.      TOMSK,"Комсомольский проспект, 13, Томск, Россия, 634021",56.484844,84.979611,-0.02665725999
1642,1544,1942,54 TRUDA STR.             PSKOV,"улица Труда, 54, Псков, Россия",57.840493,28.350812,0.02667453879
1643,1557,1942,58/1 SOVETSKAYA STR.      IRKUTSK,"Советская улица, 58/1, Иркутск, Россия, 664047",52.275577,104.305166,-0.002678970563
1644,1562,1942,7 LENINA                  CHEMDOLINA,"посёлок Совхоза имени Ленина, 7, Ленинский район, Московская область, Россия",55.585174,37.734991,0.01644810608
1645,1567,1942,352 LENINGRADSKIY AV.     ARKHANGELSK,"Ленинградский проспект, 352, Архангельск, Россия, 163016",64.493663,40.708415,-0.1058189942
1646,1579,1942,48 TARKHOVA STR           SARATOV,"улица имени С.Ф. Тархова, 48, Саратов, Россия",51.608413,46.015006,-0.06652861299
1647,1582,1942,18 DREVLYANKA STR.        PETROZAVODSK,"улица Древлянка, 18, Петрозаводск, Республика Карелия, Россия, 185014",61.768437,34.309095,-0.07417156354
1648,1608,1942,116-1A GRAZHDANSKIY AV.   S.-PETERBURG,,,,0.0265171465
1649,1620,1942,1A VYBORGSKOE H/W.        S.-PETERBURG,"Выборгское шоссе, 1, Санкт-Петербург, Россия, 194356",60.037117,30.321554,0.04868093983
1650,1629,1942,162R ENGELSA AV.          S.-PETERBURG,"проспект Энгельса, 162, Санкт-Петербург, Россия",60.068754,30.319192,0.01521837455
1651,1630,1942,162R ENGELSA AV.          S.-PETERBURG,"проспект Энгельса, 162, Санкт-Петербург, Россия",60.068754,30.319192,-0.1022344587
1652,1651,1942,102 NOVATOROV BLVD        SANKT-PETERS,,,,-0.004614786984
1653,1656,1942,31A-1 M.ZHUKOVA AV.       S.-PETERBURG,"проспект Маршала Жукова, 31к1, Санкт-Петербург, Россия, 198332",59.858634,30.22866,-0.02079055253
1654,1661,1942,8A OKTYABRSKAYA STR.      KOLPINO,"Октябрьская улица, 8, Колпино, Санкт-Петербург, Россия, 196655",59.738956,30.622948,-0.01547017531
1655,1662,1942,46/1 PROSVESHENIYA STR.   SANKT-PETERB,"проспект Просвещения, 46к1, Санкт-Петербург, Россия, 194352",60.049918,30.352358,-0.06513595178
1656,1671,1942,17 PULKOVSKOE H/W.        S.-PETERBURG,"Пулковское шоссе, 17к1, Санкт-Петербург, Россия, 196240",59.828844,30.316111,-0.06715684651
1657,1906,3185.5,"B. Pokrovskaya ul., 82    N. Novgorod ","Большая Покровская улица, 82, Нижний Новгород, Россия, 603022",56.308975,43.987292,-0.1160135122
1658,2053,3185.5,"SOLNECHNAJA,2 5           SEVERSK     ","Солнечная улица, 2/5, Северск, Томская область, Россия, 636019",56.583158,84.916244,-0.01017448446
1659,2054,3185.5,"POBEDY, 12-B              SEVERSK     ","улица Победы, 12А, Северск, Томская область, Россия, 636019",56.577967,84.918094,-0.02593822009
1660,2055,3185.5,"TRANSPORTNAY, 30          SEVERSK     ","Транспортная улица, 30, Северск, Томская область, Россия, 636000",56.608739,84.887102,0.01462216546
1661,2070,3185.5,"LENINA, 40                TOMSK       ","проспект Ленина, 40, Томск, Россия, 634034",56.474102,84.949742,-0.006255681278
1662,2074,3185.5,"1905 GODA, 14-1           TOMSK       ","переулок 1905 года, 14/1, Томск, Россия, 634009",56.494083,84.950218,-0.0005588585007
1663,2080,3185.5,"KIROVA, 36                TOMSK       ","проспект Кирова, 36, Томск, Россия",56.466678,84.969595,-0.0537303562
1664,2089,3185.5,"LENSKAJA, 53              TOMSK       ","Ленская улица, 53, Томск, Россия, 634027",56.525375,84.973853,0.05147532144
1665,2103,3185.5,"SALMYSHSKAJA, 2           ORENBURG    ","Салмышская улица, 2, Оренбург, Россия, 460056",51.844408,55.13349,-0.08280394032
1666,2114,3185.5,"POBEDY, 155               ORENBURG    ","проспект Победы, 155, Оренбург, Россия",51.81571,55.139194,-0.1414640777
1667,2126,3185.5,"PL. VYSTAVOCHNAJA,        SVETLOGRAD  ","Выставочная площадь, Светлоград, Петровский городской округ, Ставропольский край, Россия",45.32825,42.85175,0.007476606485
1668,2129,3185.5,"UL. GAGARINA, 56          NEVINNOMYSSK","улица Гагарина, 56, Невинномысск, Ставропольский край, Россия, 357100",44.628511,41.944667,-0.1289279804
1669,2139,3185.5,TUJMAZY PUGACHEVA 1       TUJMAZY,"улица Пугачёва, 1, Туймазы, Республика Башкортостан, Россия, 452754",54.605469,53.69155,-0.04356949512
1670,2140,3185.5,UFA M.KARIMA 42           UFA,"улица Мустая Карима, 42, Уфа, Республика Башкортостан, Россия, 450077",54.732792,55.947866,-0.03806379652
1671,2145,3185.5,"ul. Krasny pr, 1          NOVOSIBIRSK ","Красный проспект, 1, Новосибирск, Россия, 630007",55.020187,82.92246,-0.1381458724
1672,2148,3185.5,"UL.NIKITINA, 112A         NOVOSIBIRSK ","улица Никитина, 112А, Новосибирск, Россия, 630039",55.020657,82.971732,-0.1450012315
1673,2152,3185.5,"POLZUNOVA 15, OB.50       NOVOSIBIRSK ",,,,0.04288729662
1674,2172,3185.5,"LUKASHEVICHA, 14-4        OMSK        ","улица Лукашевича, 14/4, Омск, Россия, 644081",54.996619,73.274024,-0.04168300441
1675,2181,3185.5,"KRASNYJ PUT, 5            OMSK        ","улица Красный Путь, 5, Омск, Россия, 644099",54.990798,73.363244,-0.1247878571
1676,2197,3185.5,"MIRA, 86                  OMSK        ","проспект Мира, 86, Омск, Россия, 644077",55.029152,73.258007,-0.02482030258
1677,2205,3185.5,"PR. MIRA, 12              OMSK        ","проспект Мира, 12, Омск, Россия, 644080",55.023831,73.300632,-0.00564888613
1678,2209,3185.5,"DIANOVA, 13               OMSK        ","улица Дианова, 13, Омск, Россия, 644106",54.993241,73.255222,-0.06292646431
1679,2213,3185.5,"2-YA DACHNAYA, 1-A        OMSK        ","2-я Дачная улица, 1А, Омск, Россия, 644033",55.008882,73.346078,-0.06723482737
1680,2214,3185.5,"B. ARHITEKTOROV, 35       OMSK        ","село Большие Уки, Большеуковский район, Омская область, Россия",56.947424,72.627371,0.0824034066
1681,2221,3185.5,"KOSMICHESKIJ, 99-2        OMSK        ","Космический проспект, 99/2, посёлок Чкаловский, Омск, Россия, 644076",54.981955,73.467772,-0.01411758315
1682,2222,3185.5,"ENISEISKAYA, 3B           OMSK        ","Енисейская улица, 3, Омск, Россия, 644011",54.976979,73.340463,-0.09035270246
1683,2226,3185.5,"MOSKOVSKAJA, 196          EMELJANOVO  ","Московская улица, 196, посёлок городского типа Емельяново, Красноярский край, Россия, 663020",56.169814,92.683212,0.05712117437
1684,2240,3185.5,"LENINA, 50 BORODINO       BORODINO    ","улица Ленина, 50, Бородино, Красноярский край, Россия",55.901566,94.897721,-0.03824238456
1685,2244,3185.5,"9 PJATILETKI, 6           SOSNOVOBORSK","улица 9 Пятилетки, 6, Сосновоборск, Красноярский край, Россия, 662501",56.117938,93.339387,-0.02113289201
1686,2259,3185.5,AKADEMGORODOK 18          KRASNOJARSK,"улица Академгородок, 18, Октябрьский район, Красноярск, Россия",55.992044,92.757108,0.05423772798
1687,2260,3185.5,KRAS.RAB. 59              KRASNOJARSK,"проспект имени Газеты Красноярский Рабочий, 59, Красноярск, Россия, 660069",56.008072,92.955258,0.0307721967
1688,2269,3185.5,ABAKANSKAJA 64 MIN        MINUSINSK,"Абаканская улица, 64, Минусинск, Красноярский край, Россия, 662610",53.690408,91.663481,0.01311683629
1689,2272,3185.5,MATE ZALKI 5              KRASNOJARSK,"улица Мате Залки, 5, микрорайон Северный, Советский район, Красноярск, Россия, 660127",56.065329,92.94561,0.01339781121
1690,2274,3185.5,KOMAROVA 10               ULAN-UDE,"улица Комарова, 10, Улан-Удэ, Республика Бурятия, Россия, 670009",51.862304,107.714506,-0.02467457555
1691,2289,3185.5,"25B, GAGARINA ST.         ULAN-UDE    ",,,,-0.07883190327
1692,2290,3185.5,"104B, ZHERDEVA ST.        ULAN-UDE    ","улица Жердева, 104, Улан-Удэ, Республика Бурятия, Россия, 670033",51.810649,107.661623,-0.03127588746
1693,2300,3185.5,UL. GORKOGO D.17          NOVOKUJBYSHE,"улица Горького, 17, Новокуйбышевск, Самарская область, Россия, 446205",53.103578,49.953319,-0.1450012315
1694,2312,3185.5,"SOVETSKAY, 95A            OTRADNYJ    ","Советская улица, 95А, Отрадный, Самарская область, Россия, 446300",53.373407,51.356712,-0.03939297008
1695,2313,3185.5,"UL.MICHURINA,15           SAMARA      ","улица Мичурина, 15, Самара, Россия, 443096",53.201984,50.137599,-0.07227477154
1696,2317,3185.5,N.SADOVAJA 363B           SAMARA,"Ново-Садовая улица, 363, Самара, Россия, 443125",53.254742,50.211647,-0.08140802933
1697,2322,3185.5,"POBEDY,105                SAMARA      ","улица Победы, 105, Самара, Россия, 443009",53.216977,50.258512,-0.03490307938
1698,2334,3185.5,"DZERZHINSKOGO, 52-1       YAKUTSK     ","улица Дзержинского, 52/1, Якутск, Республика Саха (Якутия), Россия, 677009",62.053195,129.740892,0.00491535283
1699,2338,3185.5,"UL. KALVICA, 3            YAKUTSK     ","улица Кальвица, 3, Якутск, Республика Саха (Якутия), Россия, 677001",62.048692,129.75363,-0.02888839236
1700,2349,3185.5,"UL. KURASHOVA, 6          JAKUTSK     ","улица Курашова, 6, Якутск, Республика Саха (Якутия), Россия, 677000",62.030643,129.741494,0.04641910126
1701,2351,3185.5,"UL. LERMONTOVA, 126       JAKUTSK     ","улица Лермонтова, 126, Якутск, Республика Саха (Якутия), Россия, 677010",62.022026,129.691574,-0.01791088979
1702,2352,3185.5,"UL. POYARKOVA, 19         YAKUTSK     ","улица Пояркова, 19, Якутск, Республика Саха (Якутия), Россия, 677000",62.034073,129.730408,0.02782468889
1703,2359,3185.5,"DRUZHBY NARODOV, 31       NERUNGRI    ","проспект Дружбы Народов, 31, Нерюнгри, Республика Саха (Якутия), Россия, 678960",56.658103,124.72178,0.1120866098
1704,2369,3185.5,"KRASNOGVARDEJSKAJA,       UGLEGORSK   ","Красногвардейская улица, Циолковский, Амурская область, Россия",51.762804,128.12149,0.07086413433
1705,2395,3185.5,"KALININA, D.275           VLADIVOSTOK ","улица Калинина, 275, Владивосток, Приморский край, Россия, 690021",43.094045,131.902813,-0.01036034342
1706,2399,3185.5,"UL. KIROVA, D.191         ARTEM       ","улица Кирова, 191, Артём, Приморский край, Россия, 692751",43.37883,132.244434,-0.001416662307
1707,2403,3185.5,"SUHANOVA, 52              USSURIJSK   ","улица Суханова, 52, Уссурийск, Приморский край, Россия, 692519",43.793486,131.954242,0.03720401573
1708,2405,3185.5,"PR-T MIRA, D.49           NAHODKA     ","проспект Мира, 49, Находка, Приморский край, Россия, 692918",42.835072,132.886343,0.01613595155
1709,2412,3185.5,"UL.LENINA, 17             KRASKINO    ","улица Ленина, 17, посёлок городского типа Краскино, Хасанский район, Приморский край, Россия, 692715",42.713429,130.778572,-0.02372963956
1710,2415,3185.5,"UL. BALYAEVA, 35          VLADIVOSTOK ","улица Баляева, 35, Владивосток, Приморский край, Россия, 690087",43.129664,131.938934,0.0657204471
1711,2420,3185.5,"UL.YUMASHEVA, 19          VLADIVOSTOK ","улица Адмирала Юмашева, 19, Владивосток, Приморский край, Россия, 690037",43.12719,131.94931,-0.06581496899
1712,2435,3185.5,"UL.ULJANOVSKAJA,D.7       VLADIVOSTOK ","Ульяновская улица, 7, Владивосток, Приморский край, Россия, 690089",43.157581,131.925918,0.003614812903
1713,2437,3185.5,"K. ZNAMENY PRT,123D       VLADIVOSTOK ","проспект Красного Знамени, 123, Владивосток, Приморский край, Россия, 690066",43.121531,131.932017,-0.05349005644
1714,2440,3185.5,"UL.SHOSSEYNAYA,D.5A       CHERNIGOVKA ","Шоссейная улица, 5А, село Черниговка, Черниговский район, Приморский край, Россия",44.339807,132.58794,-0.04266366946
1715,2448,3185.5,"KOMSOMOLSKAYA, 247B       U-SAHALINSK ","Комсомольская улица, 247, Южно-Сахалинск, Сахалинская область, Россия, 693023",46.9395,142.752737,-0.007468881434
1716,2455,3185.5,"PR-T MIRA, 106            U-SAHALINSK ","проспект Мира, 106, Южно-Сахалинск, Сахалинская область, Россия",46.956565,142.739514,0.00523763203
1717,2470,3185.5,MOSKOVSKOE SHOSSE 3       ELEC,"Московское шоссе, 3А, Елец, Липецкая область, Россия, 399778",52.629826,38.457946,-0.09039326707
1718,2478,3185.5,BELGOROD. POLKA-34        BELGOROD,,,,-0.1362519107
1719,2487,3185.5,"DEKABRISTOV, D. 12        MOSKVA      ","улица Декабристов, 12, Москва, Россия, 127562",55.863171,37.602148,-0.08813007951
1720,2492,3185.5,41 KM. MKAD               MOSKVA,"МКАД, 41-й километр, Москва, Россия",55.609823,37.49329,-0.05476418392
1721,2502,3185.5,"VERNADSKOGO, D.76         MOSKVA      ","проспект Вернадского, 76, Москва, Россия, 119454",55.669706,37.491629,-0.01611274557
1722,2510,3185.5,VARSHAVSKOE 9             MOSKVA,"Варшавское шоссе, 9, Москва, Россия, 117105",55.700481,37.621669,-0.05205488816
1723,2514,3185.5,HIMKI BURDENKO 1          HIMKI,"улица Бурденко, 1, Химки, Московская область, Россия, 141401",55.90305,37.450477,0.00547857591
1724,2516,3185.5,KOROVIJ VAL 9B 1ET        MOSKVA,"улица Коровий Вал, 9, Москва, Россия, 119049",55.728956,37.618686,-0.03536183868
1725,2519,3185.5,"FRONTOVYH BRIGA, 27       EKATERINBURG","улица Фронтовых Бригад, 27, микрорайон Эльмаш, Орджоникидзевский район, Екатеринбург, Свердловская область, Россия, 620017",56.884487,60.639084,-0.06707465986
1726,2521,3185.5,"NT GAZETNAJA, 95          NIZHNIJ TAGI","Газетная улица, Нижний Тагил, Свердловская область, Россия",57.913104,59.966677,-0.09676700291
1727,2528,3185.5,"PUSHKINA, D.125           LUHOVICY    ","улица Пушкина, 125, Луховицы, Московская область, Россия",54.966065,39.027631,-0.03108929702
1728,2531,3185.5,"LOMONOSOVSKIJ, 15         MOSKVA      ","Ломоносовский проспект, 15, Москва, Россия, 119311",55.688878,37.540713,-0.02913812848
1729,2538,3185.5,"PROFSOJUZNAJA,65, 1       MOSKVA      ","Профсоюзная улица, 65к1, Москва, Россия, 117342",55.653309,37.537901,0.01993310599
1730,2554,3185.5,"ZEMLJANOJ VAL,D.9         MOSKVA      ","улица Земляной Вал, 9, Москва, Россия, 105064",55.76169,37.658536,0.1347327531
1731,2558,3185.5,"MICHURINSKIJ PR.,D7       MOSKVA      ",,,,-0.04969585614
1732,2564,3185.5,PRESNENSKAJA NABERE       MOSKVA,,,,-0.02375597114
1733,2565,3185.5,"UL. NOVYJ ARBAT, 21       MOSKVA      ","улица Новый Арбат, 21, Москва, Россия, 119019",55.75204,37.586158,-0.02870601068
1734,2571,3185.5,"PR-T ANDROPOVA, 22        MOSKVA      ","проспект Андропова, 22, Москва, Россия, 115533",55.68264,37.661787,-0.05240265168
1735,2591,3185.5,FEDJUNINSKOGO D.55        TJUMEN,"улица Федюнинского, 55, Тюмень, Россия",57.10704,65.559319,-0.07408248172
1736,2600,3185.5,"TOB, 4 MKR, D 29A-1       TOBOLSK     ","4-й микрорайон, 29А, Тобольск, Тюменская область, Россия",58.221695,68.278277,-0.01030509728
1737,2614,3185.5,"NOV DONSKOY PR., 5        NOVOMOSKOVSK","Новомосковск, уч5, Тульская область, Россия",54.077396,38.171213,-0.09514895292
1738,2621,3185.5,OB.OBORONY 305            SANKT-PETERB,"проспект Обуховской Обороны, 305, Санкт-Петербург, Россия, 192177",59.840912,30.483979,-0.028679122
1739,2629,3185.5,"L. TOLSTOGO, D.9          BRONNICY    ","улица Льва Толстого, 9, Бронницы, Московская область, Россия, 140171",55.413898,38.272327,-0.02559018348
1740,2633,3185.5,"SOVETSKIY SEVER, 45       KOLPASHEVO  ","улица Советский Север, 45, Колпашево, Томская область, Россия, 636460",58.312131,82.89472,-0.02049637466
1741,2636,3185.5,ARHITEKTOROV 2            TOMSK,"улица Архитекторов, 2, микрорайон Зелёные Горки, Томск, Россия",56.493988,85.056417,0.07124252321
1742,2642,3185.5,"KOMSOMOLSKIJ,13B          TOMSK       ","Комсомольский проспект, 13, Томск, Россия, 634021",56.484844,84.979611,0.02052006831
1743,2654,3185.5,"UL.BEZYMENSKOGO, 14       VLADIMIR    ","улица Безыменского, 14, Владимир, Россия, 600035",56.169268,40.446035,-0.02310535901
1744,2658,3185.5,UL. CSHORSA-8 V           BELGOROD,,,,-0.04884833833
1745,2682,3185.5,"TUL.PR.LENINA,106         TULA        ","улица Ленина, посёлок Менделеевский, Тула, Россия",54.133854,37.582385,-0.03682570335
1746,2694,3185.5,"UL. LENINA, 272           ELISTA      ","улица В.И. Ленина, 272, Элиста, Республика Калмыкия, Россия",46.312299,44.295675,-0.1071081245
1747,2695,3185.5,"DZERZHINSKOGO,114         STAVROPOL   ","улица Дзержинского, 114, Ставрополь, Россия, 355035",45.044202,41.970943,-0.06571381349
1748,2714,3185.5,"80 GV.DIVIZII,40          BARNAUL     ","улица 80 Гвардейской Дивизии, 40, Барнаул, Алтайский край, Россия, 656037",53.376361,83.735893,-0.1450012315
1749,2718,3185.5,"UL.50 LET SSSR, 41-       BARNAUL     ","улица 50 лет СССР, 41, Барнаул, Алтайский край, Россия, 656066",53.347833,83.68689,-0.1025239247
1750,2722,3185.5,"UL.SOVETSKAJA,205-2       BIJSK       ","Советская улица, 205/2, Бийск, Алтайский край, Россия, 659321",52.51228,85.173782,-0.03779459409
1751,2727,3185.5,"UL.ENTUZIASTOV, 14        BARNAUL     ","улица Энтузиастов, 14, Барнаул, Алтайский край, Россия, 656065",53.355793,83.676955,-0.1351221873
1752,2728,3185.5,"UL.JURINA, 118            BARNAUL     ","улица Юрина, 118, Барнаул, Алтайский край, Россия, 656053",53.360625,83.733989,-0.03321559421
1753,2742,3185.5,NEFTEZAVODSKAYA 11        OMSK,"Нефтезаводская улица, 11, Омск, Россия",55.030798,73.269595,-0.03564944708
1754,2751,3185.5,"70 LET OKTJABRJA, 1       OMSK        ","улица 70 лет Октября, 1, Омск, Россия, 644074",54.988923,73.302339,-0.01892287424
1755,2754,3185.5,"BEREZOVSKOGO, 19          OMSK        ","улица Березовского, 19, Омск, Россия, 644070",54.988526,73.383088,-0.0753234508
1756,2755,3185.5,"B.HMELNICKOGO, 214-       OMSK        ","улица Богдана Хмельницкого, 214, Омск, Россия, 644021",54.960126,73.413074,-0.07761126445
1757,2758,3185.5,"TARSKAJA, 13 B            OMSK        ","Тарская улица, 13А, Омск, Россия, 644043",54.993071,73.368023,-0.02900894862
1758,2771,3185.5,VOLZHKAYA 9               KRASNOJARSK,"Волжская улица, 9, Красноярск, Россия, 660013",55.996797,93.013164,0.01249030157
1759,2775,3185.5,ROKOSOVSKOGO 20           KRASNOJARSK,"улица Рокоссовского, 20, микрорайон Зелёная Роща, Советский район, Красноярск, Россия",56.061951,92.960163,-0.1450012315
1760,2789,3185.5,K. MARKSA 93              KRASNOJARSK,"улица Карла Маркса, 93, Красноярск, Россия, 660049",56.009134,92.873377,0.02141279565
1761,2807,3185.5,KIRENSKOGO 28             KRASNOJARSK,"улица Академика Киренского, 28, Красноярск, Россия, 660074",55.996384,92.793777,0.01557674073
1762,2808,3185.5,LENINA 123                KRASNOJARSK,"улица Ленина, 123, Красноярск, Россия, 660009",56.012375,92.854287,0.04844445492
1763,2825,3185.5,"UL.KIRZAVODSKAJA,1A       NOVOSIBIRSK ","Кирзаводская улица, 1А, Новосибирск, Россия, 630045",54.970665,82.85505,-0.04283706496
1764,2826,3185.5,"UL. A.PETROVA, 198        BARNAUL     ","улица Антона Петрова, 198, Барнаул, Алтайский край, Россия, 656054",53.360512,83.697607,-0.07102891235
1765,2833,3185.5,"ZABALUEVA, 49-1           NOVOSIBIRSK ","улица Забалуева, 49/1, Новосибирск, Россия, 630071",54.986258,82.810179,-0.01304064088
1766,2844,3185.5,"6-YA LINIYA, D.3          VANINO      ","улица 6-я Линия, 3, посёлок городского типа Ванино, городское поселение Рабочий Посёлок Ванино, Ванинский район, Хабаровский край, Россия",49.088963,140.258017,-0.07644962062
1767,8386,5478,"D. 1A, UL. VOKZAL'NAYA    RAMENSKOE G ","Вокзальная улица, 1, Раменское, Московская область, Россия, 140108",55.565549,38.226217,-0.1007117424
1768,8388,5478,"D. 6, UL. AVTOZAVODSKAYA  MOSKVA G    ","Автозаводская улица, 6, Москва, Россия, 115280",55.709449,37.661033,0.02945084629
1769,8399,5478,"D. 22, UL. LENINA         PROTVINO G  ","улица Ленина, 22, Протвино, Московская область, Россия, 142281",54.873429,37.22058,-0.05728802953
1770,8403,5478,"D. 24, KORP. 1, PR-KT MIR VELIKIY NOVG","проспект Мира, 24к1, Великий Новгород, Новгородская область, Россия, 173025",58.536647,31.232213,-0.03838669386
1771,8405,5478,"D. 26, UL. DYBENKO        SANKT-PETERB","улица Дыбенко, 26, Санкт-Петербург, Россия, 193168",59.90741,30.483395,-0.02029530707
1772,8406,5478,"D. 29, UL. ODOEVSKOGO     SANKT-PETERB","улица Одоевского, 29, Санкт-Петербург, Россия, 199155",59.948244,30.234813,-0.06937666291
1773,8428,5478,"D. 2, UL. PREMININA       VOLOGDA G   ","улица Сергея Преминина, 2, Вологда, Россия, 160022",59.20197,39.871041,-0.02946038786
1774,8437,5478,"D. 205, KORP. 2, UL. SOVE BIYSK G     ","Советская улица, 205/2, Бийск, Алтайский край, Россия, 659321",52.51228,85.173782,-0.007433116268
1775,8445,5478,"D. 81 A, UL. BORKOVSKAYA  TOLYATTI G  ","Борковская улица, 81литА, Тольятти, Самарская область, Россия, 445043",53.54324,49.287955,-0.01221413004
1776,8456,5478,"UCH. 61, UL. MOSKOVSKAYA  ISTRA G     ","садовые участки Высоково-1, городской округ Истра, Московская область, Россия",55.907622,36.941401,0.04260923774
1777,8474,5478,"D. 49, PR-KT MOSKOVSKII   TOLYATTI G  ","Московский проспект, 49, Тольятти, Самарская область, Россия, 445028",53.51454,49.259433,-0.04459230416
1778,4727,5478,"D. 57, UL. 70 LET OKTYABR TOLYATTI G  ","улица 70 лет Октября, 57, Тольятти, Самарская область, Россия, 445044",53.542716,49.320761,-0.07360013595
1779,4741,5478,"D. 133, UL. BRAT'EV KASHI CHELYABINSK ",,,,-0.0561823538
1780,4747,5478,"D. 74, UL. SOUZNAYA       PROKOPYEVSK ","Союзная улица, 74, Прокопьевск, Кемеровская область, Россия, 653036",53.949142,86.733985,-0.06390955727
1781,4748,5478,"D. 7A, UL. ZORGE          NOVOKUZNETSK","улица Зорге, 7А, Новокузнецк, Кемеровская область, Россия, 654084",53.779362,87.279936,-0.06595860979
1782,4751,5478,"D. 27/211, UL. CHICHERINA TAMBOV G    ","улица Чичерина, 27, Тамбов, Россия, 392019",52.766255,41.397728,0.02487362266
1783,4752,5478,"D. 6, UL. GEOFIZIKOV      KRASNOKAMSK ","улица Геофизиков, 6, Краснокамск, Пермский край, Россия, 617060",58.079971,55.758834,-0.06727820057
1784,4756,5478,"D. 134, UL. TIHOOKEANSKAY KHABAROVSK G","Тихоокеанская улица, 134, Хабаровск, Россия, 680042",48.527192,135.050788,-0.06425233936
1785,4762,5478,"D. 7, UL. SVETLAYA        NOVOKUZNETSK","Светлая улица, 7, Новокузнецк, Кемеровская область, Россия, 654014",53.706406,87.111978,0.005317352929
1786,4776,5478,"D. 2A, UL. MIRA           EFREMOV G   ","улица Мира, 2А, Ефремов, Тульская область, Россия, 301845",53.149335,38.086655,0.01440563125
1787,4786,5478,"D. 295, UL. KOMSOMOL'SKAY YUZHNO-SAKHA","Комсомольская улица, 295, Южно-Сахалинск, Сахалинская область, Россия, 693023",46.928467,142.754579,-0.01557296973
1788,4789,5478,"D. 6, SH. AVTOZAVODSKOE   TOLYATTI G  ","Автозаводское шоссе, 6, Тольятти, Самарская область, Россия, 445004",53.54179,49.39056,-0.05295340203
1789,4790,5478,"D. 57, UL. LENINA         TOLYATTI G  ","улица Ленина, 57/20, Тольятти, Самарская область, Россия, 445022",53.530868,49.411212,-0.05706643502
1790,4794,5478,"D. 36A, UL. PLEHANOVA     RYBINSK G   ","улица Плеханова, 36А, Центральный микрорайон, Центральный район, Рыбинск, Ярославская область, Россия, 152931",58.045844,38.826579,-0.03920027543
1791,4796,5478,"D. 156, UL. KURCHATOVA    KRASNOYARSK ",,,,-0.07864805312
1792,4797,5478,"D. 10, UL. ZHEMCHUZHNAYA  SOCHI G     ","Жемчужная улица, 10, микрорайон Адлер, Сочи, Краснодарский край, Россия",43.438866,39.916649,-0.01725585142
1793,4818,5478,"D. 3, UL. SULTAN-GALIEVA  KARMASKALY S","улица Султан-Галиева, 3, село Кармаскалы, Кармаскалинский район, Республика Башкортостан, Россия, 453020",54.370578,56.172104,-0.1036632348
1794,4823,5478,"D. 12, UL. KARLA MARKSA   ULYANOVSK G ","улица Карла Маркса, 12, Ульяновск, Россия",54.31969,48.394212,0.01487544802
1795,4849,5478,"D. 14, UL. PIONERSKAYA    PODOLSK G   ","Пионерская улица, 14, Подольск, Московская область, Россия",55.413223,37.539096,-0.05000013555
1796,4868,5478,"D. 30V, SH. MOSKOVSKOE    NIZHNIY NOVG",,,,0.01802866382
1797,4877,5478,"D. 23, SH. KRASNOARMEISKO VYAZMA G    ",,,,-0.07672980692
1798,4882,5478,"D. 241, UL. AMURSKAYA     BLAGOVESHCHE","Амурская улица, Алданский муниципальный район, Республика Саха (Якутия), Россия",58.953913,126.251808,-0.01372197566
1799,4889,5478,"D. 44, UL. KRASNOARMEISKA VLADIMIR G  ","Красноармейская улица, 44, Владимир, Россия, 600015",56.13134,40.360937,-0.06734767293
1800,4892,5478,"D. 11, UL. TEATRAL'NAYA   BEREZOVSKIY ","Театральная улица, 11, Берёзовский, Свердловская область, Россия",56.909426,60.814966,-0.02098284151
1801,4897,5478,"D. 15, UL. KUKUNINA       NOVOMOSKOVSK","улица Кукунина, 15, Новомосковск, Тульская область, Россия, 301659",54.011194,38.315788,-0.09330000062
1802,4899,5478,"D. 42, UL. SHUKINSKAYA    MOSKVA G    ","Щукинская улица, 42, Москва, Россия, 123182",55.809474,37.464571,0.001455127206
1803,4903,5478,"D. 16, UL. KRONOCKAYA     PETROPAVLOVS","Кроноцкая улица, 16, Петропавловск-Камчатский, Камчатский край, Россия, 683024",53.045074,158.660868,0.07008349035
1804,4906,5478,"D. 59/1, PR-KT KONSTITUCI KURGAN G    ","проспект Конституции, 59, Курган, Россия, 640008",55.421665,65.254736,-0.02331013506
1805,4910,5478,"D. 23, UL. STRELOCHNAYA   TOMSK G     ","Стрелочная улица, 23, микрорайон Каштак-3, микрорайон Каштак, Ленинский район, Томск, Россия",56.519978,84.990795,0.01687579511
1806,4915,5478,"D. 23, UL. KOCHUBEYA      PYATIGORSK G","улица Кочубея, 23, Пятигорск, Ставропольский край, Россия",44.03487,43.037333,-0.103454225
1807,4916,5478,"D. 69, UL. KRASNOYARSKII  KRASNOYARSK ",,,,-0.001216135534
1808,4940,5478,"D. 3, UL. POBEDY          KLIMOVSK G  ","улица Победы, 3, микрорайон Климовск, Подольск, Московская область, Россия, 142180",55.358565,37.518102,-0.002601210061
1809,4941,5478,"D. 41, UL. CHERNYSHEVSKOG GRYAZI G    ","улица Чернышевского, 41, Грязи, Липецкая область, Россия, 399059",52.484923,39.946545,-0.05136944817
1810,4949,5478,"D. 10, UL. ORDZHONIKIDZE  YAKUTSK G   ","улица Орджоникидзе, 10, Якутск, Республика Саха (Якутия), Россия, 677000",62.033195,129.738439,-0.001277189969
1811,4956,5478,"D. 175, UL. ISTORICHESKAY VOLGOGRAD G ","Историческая улица, 175, Волгоград, Россия, 400075",48.756366,44.478015,0.02638801625
1812,4964,5478,"D. 32, PR-KT LENINSKII    VORONEZH G  ","Ленинский проспект, 32, Воронеж, Россия, 394004",51.649007,39.241062,-0.0226613503
1813,4968,5478,"D. 53 A, UL. POBEDY       ASTRAKHAN G ","улица Победы, 53А, Астрахань, Россия",46.355489,48.055996,-0.09168056673
1814,4975,5478,"D. 147, UL. KUIBYSHEVA    PERM G      ","улица Куйбышева, 147, Пермь, Россия",57.965159,56.243798,-0.04142352632
1815,4993,5478,"D. 15, UL. BALTAHINOVA    ULAN-UDE G  ","улица Балтахинова, 15, Улан-Удэ, Республика Бурятия, Россия, 670000",51.826527,107.589659,0.03656163945
1816,4994,5478,"D. 92, UL. VOSTOCHNAYA    EKATERINBURG","Восточная улица, 92, Екатеринбург, Свердловская область, Россия, 620026",56.831512,60.635042,-0.09956998843
1817,4996,5478,"D. 62, UL. 9 MAYA         KRASNOYARSK ","улица 9 Мая, 62, Красноярск, Россия, 660125",56.054261,92.900721,0.04183229262
1818,5002,5478,"D. 14, B-R MIRA           NIZHNIY NOVG","бульвар Мира, 14, Нижний Новгород, Россия, 603070",56.329208,43.950965,0.04072712043
1819,5016,5478,"D. 47, PR-KT LESNOI       PETROZAVODSK","Лесной проспект, 47, Петрозаводск, Республика Карелия, Россия, 185014",61.776199,34.30861,-0.06439993948
1820,5017,5478,"15, UL. SMIRNOVA          TOMSK G     ","улица Смирнова, 15, Томск, Россия, 634027",56.529148,84.978847,-0.02080832727
1821,5035,5478,"D. 5B, MKR. 1-I           MOSKOVSKIY G","1-й микрорайон, 1, Московский, Москва, Россия",55.605882,37.350144,0.03182973152
1822,5043,5478,"D. 8, UL. GAGARINA        KLIN G      ","улица Гагарина, 8, Клин, Московская область, Россия, 141601",56.332162,36.729291,-0.1023364395
1823,5045,5478,"D. 6, UL. KRASNAYA        SOLNECHNOGOR","Красная улица, 6, Солнечногорск, Московская область, Россия, 141508",56.180287,36.990288,-0.08460012363
1824,5053,5478,"D. 252/2, UL. LENINA      BIYSK G     ","улица Владимира Ленина, 252/2, Бийск, Алтайский край, Россия",52.539752,85.212715,-0.04584219564
1825,5069,5478,"D. 27, MKR. VOSTOCHNYI    STARYY OSKOL","микрорайон Восточный, 27, Старый Оскол, Белгородская область, Россия",51.313852,37.906417,-0.1106771816
1826,5072,5478,"D. 42, LIT. D, PR-KT 25 O GATCHINA G  ",,,,-0.08933546537
1827,5080,5478,"D. 64, UL. PUSHKAREVA     ULYANOVSK G ","улица Пушкарёва, 64, Ульяновск, Россия, 432061",54.318467,48.357731,-0.02908808535
1828,5086,5478,"D. 19A, UL. KAMYSHINSKAYA ULYANOVSK G ","Камышинская улица, 19А, Ульяновск, Россия, 432029",54.271332,48.303374,-0.09345757474
1829,5104,5478,"D. 17, UL. GUR'EVSKAYA    KEMEROVO G  ","Гурьевская улица, 17, Кемерово, Россия, 650033",55.398768,86.019204,-0.1223080827
1830,5109,5478,"D. 15A, SH. PUSHKINSKOE   GATCHINA G  ","Пушкинское шоссе, 15А, Гатчина, Ленинградская область, Россия",59.582145,30.14632,-0.04460914796
1831,5128,5478,"D. 8, PROEZD NOVYI        TOLYATTI G  ","Новый проезд, 8, Тольятти, Самарская область, Россия, 445037",53.515809,49.283732,-0.08917664988
1832,5133,5478,"D. 26-A, UL. SOVETSKAYA   SOCHI G     ","Советская улица, 26А, микрорайон Центральный, Сочи, Краснодарский край, Россия",43.586014,39.723169,-0.09981255155
1833,5143,5478,"D. 55A, UL. SOVETSKAYA    SARANSK G   ","Советская улица, 55А, Саранск, Республика Мордовия, Россия, 430005",54.182174,45.180399,0.009587586132
1834,5146,5478,"D. 126/1, UL. BAIKAL'SKAY IRKUTSK G   ",,,,-0.03056779948
1835,5153,5478,"D. 17, UL. 50 LET SSSR    SOCHI G     ","улица 50 лет СССР, 17, микрорайон Хоста, Сочи, Краснодарский край, Россия",43.512992,39.872146,-0.01480057549
1836,5156,5478,"D. 62, UL. URSHA          PERM G      ","улица Юрша, 62, Пермь, Россия, 614051",58.008576,56.30995,-0.1180206714
1837,5168,5478,"D. 45, PER. PROLETARSKII  SYZRAN G    ","Пролетарский переулок, 45, Сызрань, Самарская область, Россия, 446001",53.148994,48.460597,-0.005853923943
1838,5188,5478,"D. 1, KORP. 2, LIT. A, UL SANKT-PETERB","2-й проезд, 1, территория Горелово, Санкт-Петербург, Россия",59.76894,30.128821,-0.04374041523
1839,5191,5478,"D. 100 D, UL. URICKOGO    ULYANOVSK G ","улица Урицкого, 100, Ульяновск, Россия, 432002",54.329567,48.35968,-0.07750554333
1840,5202,5478,"D. 12A, UL. PUSHKINA      ULAN-UDE G  ","улица Пушкина, 12А, Улан-Удэ, Республика Бурятия, Россия, 670010",51.84739,107.585023,0.02340522399
1841,5210,5478,"D. 9, UL. RABOCHEGO SHTAB IRKUTSK G   ","улица Рабочего Штаба, 9, Иркутск, Россия, 664001",52.301319,104.297279,-0.09200044989
1842,5213,5478,"D. 106, UL. 25 OKTYABRYA  PERM G      ","улица 25 Октября, 106, Пермь, Россия, 614014",57.999907,56.26331,-0.1067180238
1843,5214,5478,"D. 56/4, UL. VOSSTANIYA   EKATERINBURG","улица Восстания, 56к3, Орджоникидзевский район, Екатеринбург, Свердловская область, Россия, 620098",56.905332,60.599325,-0.1020310941
1844,5222,5478,"D. 12, UL. PIROGOVA       VOLKHOV G   ","улица Пирогова, 6, Волхов, Ленинградская область, Россия, 187406",59.90524,32.35022,-0.07308339579
1845,5231,5478,"D. 11, UL. VOKZAL'NAYA    VELIKIE LUKI","Вокзальная улица, 11, Великие Луки, Псковская область, Россия, 182115",56.346846,30.559922,0.0005877020773
1846,5247,5478,"D. 19/1, UL. SOLNECHNAYA  ZONALNAYA ST","Зональная улица, 18с1, Москва, Россия, 127253",55.908283,37.555166,-0.01456981187
1847,5250,5478,"D. 41, UL. PORTOVAYA      ARTEM G     ","Портовая улица, 41, Артём, Приморский край, Россия, 692756",43.378817,132.140256,0.01766475724
1848,5252,5478,"D. 4, UL. KAIDALOVSKAYA   CHITA G     ","Кайдаловская улица, 4, Чита, Забайкальский край, Россия, 672000",52.037442,113.519716,0.04012479987
1849,5268,5478,"D. 101, TRAKT TOBOL'SKII  TYUMEN G    ","поселок Тюмени, Верхошижемский район, Кировская область, Россия",57.972167,49.200782,-0.02803996628
1850,5282,5478,"D. 66, UL. SOVETSKAYA     LIPETSK G   ","Советская улица, 66, Липецк, Россия, 398001",52.605818,39.57793,-0.08734596731
1851,5283,5478,"D. 25, UL. IZHORSKOGO BAT PSKOV G     ","улица Ижорского Батальона, 25, Псков, Россия, 180020",57.835908,28.290203,-0.04901918672
1852,5287,5478,"D. 38A, UL. SHAMILYA USMA NABEREZHNYE ","улица Шамиля Усманова, 38А, Набережные Челны, Республика Татарстан, Россия, 423832",55.736402,52.387259,-0.1294407896
1853,5295,5478,"D. 8A, UL. LENINA         STROITEL G  ","улица Ленина, 8А, Строитель, Яковлевский городской округ, Белгородская область, Россия, 309070",50.7861,36.482695,-0.09754482126
1854,5308,5478,"D. 63, UL. KRASNOGEROISKA IZHEVSK G   ",,,,-0.1056374103
1855,5317,5478,"D. 48A, UL. CHICHERINA    TAMBOV G    ","улица Чичерина, 48А, Тамбов, Россия, 392027",52.767192,41.404861,8.55E-05
1856,5318,5478,"D. 10, PR-KT VOLZHSKII    SAMARA G    ","Волжская улица, 10, посёлок Рубежный, Самара, Россия, 443012",53.132644,50.238722,-0.1450012315
1857,5325,5478,"D. 5, PL. 50 LET OKTYABRY BALABANOVO G","площадь 50 лет Октября, 7, Балабаново, Боровский район, Калужская область, Россия",55.178285,36.661136,-0.005381158527
1858,5328,5478,"D. 152 B, UL. AUSTRINA    PENZA G     ","улица Аустрина, 152, Пенза, Россия, 440015",53.24513,45.014103,-0.02688451071
1859,5335,5478,"D. 60, UL. LENINA         KURSK G     ","улица Ленина, 60, Курск, Россия, 305004",51.74131,36.192754,-0.1114213123
1860,5336,5478,"D. 40, UL. DZERZHINSKOGO  KURSK G     ","улица Дзержинского, 40, Курск, Россия, 305001",51.726869,36.185927,-0.04504900981
1861,5337,5478,"D. 70, UL. ENGEL'SA       KURSK G     ","улица Энгельса, 70, Курск, Россия, 305023",51.705821,36.166991,-0.06409699174
1862,5342,5478,"D. 6, UL. SUVOROVA        UZLOVAYA G  ","улица Суворова, 6, Узловая, Тульская область, Россия, 301602",53.966276,38.164179,-0.01443121377
1863,5359,5478,"D. 13, UL. SEROVA         OMSK G      ","улица Серова, 13, Омск, Россия, 644020",54.947724,73.384903,-0.0282118282
1864,5380,5478,"D. 51A, PR-KT KRASNOARMEI BARNAUL G   ",,,,-0.01996540831
1865,5409,5478,"D. 95, UL. SOVETSKAYA     INOZEMTSEVO ","Советская улица, 99, посёлок городского типа Иноземцево, Ставропольский край, Россия",44.087062,43.086848,-0.06952142522
1866,5415,5478,"D. 160, UL. LOMONOSOVA    BLAGOVESHCHE","улица Ломоносова, 160, Благовещенск, Амурская область, Россия",50.275289,127.530273,-0.04116007874
1867,5424,5478,"D. 1, UL. KOMSOMOL'SKAYA  NOVOMOSKOVSK","улица Мира, 1, Новомосковск, Тульская область, Россия",54.012258,38.271079,-0.05136305468
1868,5427,5478,"D. 86V, UL. MALAHOVA      BARNAUL G   ","улица Малахова, 86, Барнаул, Алтайский край, Россия",53.357373,83.698299,-0.05142702497
1869,5428,5478,"D. 15, UL. SOLNECHNAYA PO BARNAUL G   ","улица Солнечная Поляна, 15, Барнаул, Алтайский край, Россия, 656060",53.371091,83.663435,-0.111118355
1870,5450,5478,"D. 15/3, UL. VYSTAVOCHNAY NOVOSIBIRSK ","Выставочная улица, 15/3, Новосибирск, Россия, 630078",54.990256,82.893058,-0.08420225602
1871,5453,5478,"D. 149A, UL. MOSKOVSKAYA  MUROM G     ","Московская улица, 149А, Муром, Владимирская область, Россия, 602252",55.574818,41.998872,-0.05604228323
1872,5458,5478,"D. 9, UL. MOSKOVSKAYA     PENZA G     ","Московская улица, 9, Пенза, Россия, 440000",53.186496,45.014606,-0.04166708079
1873,5490,5478,"D. 33, PR-KT CHULMAN      NABEREZHNYE ","проспект Чулман, 33, Набережные Челны, Республика Татарстан, Россия, 423822",55.729057,52.371224,-0.06950330791
1874,5499,5478,"D. 3A, UL. TIMUROVCEV     RYAZAN G    ","улица Тимуровцев, 3А, район Дашково-Песочня, Октябрьский административный округ, Рязань, Россия, 390037",54.617607,39.788261,-0.05768351659
1875,5502,5478,"D. 153, UL. LUBLINSKAYA   MOSKVA G    ","Люблинская улица, 153, Москва, Россия, 109341",55.658835,37.741908,0.02665310419
1876,5503,5478,"D. 20, UL. REVOLUCIONNAYA TOLYATTI G  ","Революционная улица, 20/60, Тольятти, Самарская область, Россия, 445032",53.530461,49.275737,-0.009266404676
1877,5512,5478,"D. 21, SH. MOSKOVSKOE     RYAZAN G    ","Московское шоссе, 21, Рязань, Россия, 390044",54.634365,39.6888,-0.05586772315
1878,5520,5478,"D. 56, UL. GOGOLYA        KURGAN G    ","улица Гоголя, 56, Курган, Россия, 640002",55.440146,65.342277,-0.08820784688
1879,5538,5478,"D. 28, UL. 5 AVGUSTA      STROITEL G  ","улица 5 Августа, 7А, Строитель, Яковлевский городской округ, Белгородская область, Россия, 309070",50.788925,36.487294,-0.08739702438
1880,5542,5478,"D. 322/2, UL. CHEHOVA     TAGANROG G  ","улица Чехова, 322/2, Таганрог, Ростовская область, Россия, 347939",47.220836,38.865224,-0.05050077104
1881,5552,5478,"D. 101A, UL. SEVASTOPOL'S GUBKIN G    ",,,,-0.03015773274
1882,5562,5478,"D. 5, UL. PANFILOVA       ISTRA G     ","улица Панфилова, 5, Истра, Московская область, Россия, 143502",55.912627,36.825402,-0.01384003165
1883,5565,5478,"D. 11, UL. KRZHIZHANOVSKO ELEKTROGORSK","улица Кржижановского, 11, Электрогорск, Московская область, Россия, 142531",55.875476,38.78098,-0.008011108288
1884,5568,5478,"D. 4B, UL. M.GOR'KOGO     ELEKTROGORSK","улица Горького, 4, Электрогорск, Московская область, Россия",55.883707,38.780819,0.006141838504
1885,5569,5478,"D. 35, UL. KOMMUNISTICHES RAMENSKOE G ","Коммунистическая улица, 35, Раменское, Московская область, Россия, 140105",55.591203,38.208233,-0.03225442574
1886,5571,5478,"D. 43, PR-KT LENINA       TOSNO G     ","проспект Ленина, 43, Тосно, Тосненское городское поселение, Ленинградская область, Россия, 187000",59.542128,30.873596,0.0828284575
1887,5577,5478,"D. 35, B-R ARHITEKTOROV   OMSK G      ","бульвар Архитекторов, 35, Омск, Россия, 644074",54.971926,73.285594,0.02863035611
1888,5601,5478,"D. 189, UL. PUSHKINA      BLAGOVESHCHE","улица Пушкина, 189, Благовещенск, Амурская область, Россия, 675003",50.284413,127.568262,-0.1334258835
1889,5602,5478,"D. 14, MKR. OKTYABR'SKII  CHITA G     ","микрорайон Октябрьский, 14, Чита, Забайкальский край, Россия",52.056661,113.483793,0.02978164841
1890,5607,5478,"D. 14, UL. KOSMONAVTOV    GUBKIN G    ","улица Космонавтов, 14, Губкин, Белгородская область, Россия, 309183",51.279594,37.504349,-0.01012812318
1891,5608,5478,"D. 74, UL. 30 LET POBEDY  SURGUT G    ","улица 30 лет Победы, 74, Сургут, Ханты-Мансийский автономный округ, Россия, 628406",61.257552,73.456939,-0.08829872249
1892,5651,5478,"D. 359, UL. LENINA        STAVROPOL G ","улица Ленина, 359, Ставрополь, Россия, 355003",45.037394,41.942996,-0.01585023935
1893,5652,5478,"D. 359, UL. LENINA        STAVROPOL G ","улица Ленина, 359, Ставрополь, Россия, 355003",45.037394,41.942996,0.01128715877
1894,5653,5478,"D. 359, UL. LENINA        STAVROPOL G ","улица Ленина, 359, Ставрополь, Россия, 355003",45.037394,41.942996,-0.002739252086
1895,5654,5478,"D. 359, UL. LENINA        STAVROPOL G ","улица Ленина, 359, Ставрополь, Россия, 355003",45.037394,41.942996,0.007142989861
1896,5671,5478,"D. 21/1, UL. VATUTINA     NOVOSIBIRSK ","улица Ватутина, 21/1, Новосибирск, Россия, 630073",54.984873,82.894064,0.01098680672
1897,5672,5478,"D. 21/1, UL. VATUTINA     NOVOSIBIRSK ","улица Ватутина, 21/1, Новосибирск, Россия, 630073",54.984873,82.894064,0.01555375165
1898,5673,5478,"D. 21/1, UL. VATUTINA     NOVOSIBIRSK ","улица Ватутина, 21/1, Новосибирск, Россия, 630073",54.984873,82.894064,-0.006609102737
1899,5674,5478,"D. 21/1, UL. VATUTINA     NOVOSIBIRSK ","улица Ватутина, 21/1, Новосибирск, Россия, 630073",54.984873,82.894064,0.02235571102
1900,5676,5478,"D. 17, B-R PREZIDENTSKII  NOVYE LAPSAR","поселок Новые Лапсары, городской округ Чебоксары, Чувашская Республика, Россия",56.070313,47.215047,-0.05384421767
1901,5677,5478,"D. 77, UL. 9 MAYA         KRASNOYARSK ","улица 9 Мая, 77, Красноярск, Россия, 660125",56.050913,92.904369,-0.02108282713
1902,5680,5478,"D. 45, UL. MOSKOVSKAYA    MUROM G     ","Московская улица, 45, Муром, Владимирская область, Россия, 602267",55.576722,42.040697,-0.05154878543
1903,5691,5478,"D. 76, SH. NAUGORSKOE     ORYEL G     ","Наугорское шоссе, 76, Орёл, Россия, 302020",52.988258,36.040939,-0.04288593664
1904,5700,5478,"D. 6, PR-KT LENINA        NERYUNGRI G ","проспект Ленина, 6, Нерюнгри, Республика Саха (Якутия), Россия, 678960",56.660196,124.71038,0.08473899318
1905,5701,5478,"D. 6, PR-KT LENINA        NERYUNGRI G ","проспект Ленина, 6, Нерюнгри, Республика Саха (Якутия), Россия, 678960",56.660196,124.71038,0.07655869177
1906,5702,5478,"D. 6, PR-KT LENINA        NERYUNGRI G ","проспект Ленина, 6, Нерюнгри, Республика Саха (Якутия), Россия, 678960",56.660196,124.71038,0.07261753601
1907,5708,5478,"D. 24, UL. RADISHEVA      KURSK G     ","улица Радищева, 24, Курск, Россия, 305000",51.732944,36.189799,0.02172009837
1908,5715,5478,"D. 46, UL. MOLODEZHNAYA   ODINTSOVO G ","Молодёжная улица, 46, Одинцово, Московская область, Россия, 143007",55.677194,37.27111,-0.01823137206
1909,5792,5478,"D. 39, UL. KOMMUNISTICHES NOVOKUYBYSHE","Коммунистическая улица, 39, Новокуйбышевск, Самарская область, Россия, 446200",53.098604,49.947336,-0.01642885592
1910,5793,5478,"D. 39, UL. KOMMUNISTICHES NOVOKUYBYSHE","Коммунистическая улица, 39, Новокуйбышевск, Самарская область, Россия, 446200",53.098604,49.947336,-0.0009046533507
1911,5801,5478,"D. 23, PER. KOMMUNARSKII  BIYSK G     ","поселок Верх-Бийск, Турочакский район, Республика Алтай, Россия",52.036987,87.090544,0.01468155487
1912,5807,5478,"D. 10, UL. DZERZHINSKOGO  IRKUTSK G   ","улица Дзержинского, 10, Иркутск, Россия, 664003",52.27923,104.288152,-0.112258502
1913,5808,5478,"D. 305, PR-KT OBUHOVSKOI  SANKT-PETERB",,,,-0.02161092438
1914,5810,5478,"D. 10, UL. KOMMUNISTICHES POSPELIKHA S","деревня Поспелиха, 10, городской округ Чехов, Московская область, Россия",55.226246,37.622423,0.01095010676
1915,5816,5478,"D. 131, UL. DZERZHINSKOGO STAVROPOL G ","улица Дзержинского, 131, Ставрополь, Россия, 355035",45.045145,41.971069,-0.04278823909
1916,5817,5478,"D. 8, UL. VASHSKAYA       YOSHKAR-OLA ","Вашская улица, 8, Йошкар-Ола, Республика Марий Эл, Россия, 424006",56.628911,47.88917,-0.04850226212
1917,5819,5478,"D. 53, UL. BALTIISKAYA    BARNAUL G   ","Балтийская улица, 53, Барнаул, Алтайский край, Россия, 656058",53.334919,83.676479,-0.01382448267
1918,5821,5478,"D. 34, PR-KT OKTYABR'SKII KEMEROVO G  ","Октябрьский проспект, 34, Кемерово, Россия, 650023",55.350484,86.133488,-0.01314795229
1919,5826,5478,"D. 19, PR-KT 60 LET SSSR  SEVEROBAYKAL","проспект 60 лет СССР, 19, Северобайкальск, Республика Бурятия, Россия, 671700",55.633023,109.341733,-0.07783397985
1920,5850,5478,"D. 7, UL. VOKZAL'NAYA     POGRANICHNYY","Вокзальная улица, 7, посёлок городского типа Пограничный, Пограничный район, Приморский край, Россия, 692582",44.405992,131.374415,-0.05218137429
1921,5853,5478,"D. 70D, UL. POPOVA        BARNAUL G   ","улица Попова, 70, Барнаул, Алтайский край, Россия, 656062",53.369743,83.675212,-0.04804437583
1922,5861,5478,"D. 14A, UL. CHEHOVA       PUSHKINO G  ","улица Чехова, 14, Пушкино, Московская область, Россия, 141207",56.008072,37.851107,0.00720946915
1923,5864,5478,"D. 14A, UL. CHEHOVA       PUSHKINO G  ","улица Чехова, 14, Пушкино, Московская область, Россия, 141207",56.008072,37.851107,0.03379283161
1924,5908,5478,"D. 6, PL. PRIVOKZAL'NAYA  ISHIM G     ",,,,-0.08051643138
1925,5919,5478,"D. 33, UL. VIL'GEL'MA DE  EKATERINBURG","улица Вильгельма де Геннина, 33, Екатеринбург, Свердловская область, Россия, 620016",56.791423,60.519734,-0.08258225613
1926,5922,5478,"D. 20, UL. KIROVA         NOVOKUZNETSK","улица Кирова, 20, Новокузнецк, Кемеровская область, Россия, 654079",53.757271,87.114888,-0.1173581189
1927,5923,5478,"D. 55, PR-KT SOVETSKOI AR NOVOKUZNETSK",,,,-0.1042953449
1928,5925,5478,"D. 35, B-R ARHITEKTOROV   OMSK G      ","бульвар Архитекторов, 35, Омск, Россия, 644074",54.971926,73.285594,0.03800318547
1929,5927,5478,"D. 135, UL. KRASNOFLOTSKA BLAGOVESHCHE","Краснофлотская улица, 135, Благовещенск, Амурская область, Россия",50.256731,127.525332,-0.02781983108
1930,5931,5478,"D. 5, UL. ISAKOVSKOGO     SMOLENSK G  ","улица Исаковского, 5, Смоленск, Россия, 214014",54.778466,32.057046,-0.01471510535
1931,5932,5478,"D. 5, UL. ISAKOVSKOGO     SMOLENSK G  ","улица Исаковского, 5, Смоленск, Россия, 214014",54.778466,32.057046,-0.01250434428
1932,5937,5478,"D. 15, UL. PUSHKINA       PENZA G     ","улица Пушкина, 15, Пенза, Россия, 440008",53.196898,45.005587,0.01783771836
1933,5938,5478,"D. 15, UL. PUSHKINA       PENZA G     ","улица Пушкина, 15, Пенза, Россия, 440008",53.196898,45.005587,0.0261201281
1934,5939,5478,"D. 15, UL. PUSHKINA       PENZA G     ","улица Пушкина, 15, Пенза, Россия, 440008",53.196898,45.005587,0.01200972413
1935,5940,5478,"D. 15, UL. PUSHKINA       PENZA G     ","улица Пушкина, 15, Пенза, Россия, 440008",53.196898,45.005587,0.01658701379
1936,5949,5478,"D. 2, UL. KIEVSKAYA       NOVYY URGAL ","Киевская улица, 2, посёлок городского типа Новый Ургал, Верхнебуреинский район, Хабаровский край, Россия, 682071",51.07344,132.604424,-0.009509114082
1937,5969,5478,"D. 1, UL. PARIZHSKOI KOMM SLYUDYANKA G","улица Парижской Коммуны, 1, Слюдянка, Иркутская область, Россия",51.655601,103.717533,-0.05150389318
1938,5978,5478,"D. 15 A, UL. DZERZHINSKOG NEFTEKUMSK G","улица Дзержинского, 15А, Нефтекумск, Ставропольский край, Россия",44.751744,44.984009,-0.05258558873
1939,5983,5478,"D. 33, PR-KT DRUZHBY NARO ABAKAN G    ",,,,-0.1265181892
1940,5985,5478,"D. 4 B, UL. TUL'SKOE SHOS EFREMOV G   ","Тульское шоссе, 4Б, Ефремов, Тульская область, Россия",53.147855,38.095323,0.005351789071
1941,5991,5478,"D. 47, UL. KRAHMALEVA     BRYANSK G   ","улица Крахмалёва, 47, Брянск, Россия, 241001",53.262385,34.343671,0.02495268635
1942,5999,5478,D. 85/1                   BARVIKHA D,"деревня Барвиха, 85/1, сельское поселение Барвихинское, Одинцовский район, Московская область, Россия",55.738536,37.2704,0.01503468957
1943,6001,5478,"D. 2 A, UL. RABOCHAYA     ZAIGRAEVO PG","Рабочая улица, 6, городской округ Клин, Московская область, Россия",56.329921,36.547778,0.005099447655
1944,6016,5478,"D. 3, UL. MIRA            PYATIGORSK G","улица Мира, 3, Пятигорск, Ставропольский край, Россия, 357502",44.041053,43.070274,-0.1036981515
1945,6017,5478,"D. 1, UL. PUSHKINA        SOVETSKAYA G","улица Пушкина, 1, станица Советская, Советский район, Ростовская область, Россия",49.012168,42.11444,0.04078272169
1946,6019,5478,"D. 80, SH. ENTUZIASTOV    BALASHIKHA G","шоссе Энтузиастов, 80, Балашиха, Московская область, Россия, 143900",55.7981,37.986475,-0.01718615493
1947,6030,5478,"D. 113, PR-KT LENINA      TULA G      ","проспект Ленина, 113, Тула, Россия, 300026",54.162705,37.58809,-0.02017925335
1948,6044,5478,"VLAD. 46, UL. VINOKUROVA  NOVOCHEBOXAR","улица Винокурова, 46, Новочебоксарск, Чувашская Республика, Россия, 429965",56.110751,47.471229,-0.09275929308
1949,6045,5478,"D. 2, SH. MOSKOVSKOE      VLADIMIR G  ","Московское шоссе, 2, Владимир, Россия, 600022",56.114867,40.332362,0.0153215244
1950,6052,5478,"D. 1, SH. SHARLYKSKOE     ORENBURG G  ","Шарлыкское шоссе, 1, Оренбург, Россия",51.841887,55.118668,-0.03342356371
1951,6055,5478,"D. 30, MKR. 7-I           TOBOLSK G   ","4-й микрорайон, 7, Тобольск, Тюменская область, Россия",58.218581,68.282759,0.06456904437
1952,6062,5478,"D. 65, UL. LENINA         ZARECHNYY G ","улица Ленина, 65, Заречный, Пензенская область, Россия, 442965",53.202756,45.152524,-0.05690263334
1953,6064,5478,"D. 16, PROEZD SKLADSKOI   CHEBOXARY G ","Складской проезд, 16, Чебоксары, Чувашская Республика, Россия, 428003",56.136412,47.295833,-0.04924581379
1954,6068,5478,"D. 16 A, UL. TITOVA       LISKI G     ","улица Титова, 16А, Лиски, Воронежская область, Россия, 397904",50.986306,39.482187,-0.1433740708
1955,6069,5478,"D. 22, UL. TOTMINA        KRASNOYARSK ","улица Тотмина, 22, микрорайон Северо-Западный, Красноярск, Россия",56.036548,92.772325,-0.007389131294
1956,6072,5478,"D. 19, UL. ALEBASHEVSKAYA TYUMEN G    ","Алебашевская улица, 19, Тюмень, Россия, 625022",57.170336,65.567431,0.0003845481548
1957,6085,5478,"D. 99, PR-KT LENINA       BRYANSK G   ","проспект Ленина, 99, Брянск, Россия, 241050",53.251956,34.37372,-0.02800729489
1958,6089,5478,"D. 16, UL. STROITELEI     KADUY RP    ","улица Строителей, 16, рабочий посёлок Кадуй, Кадуйский район, Вологодская область, Россия, 162510",59.206066,37.113914,-0.08275719148
1959,6093,5478,"D. 6, UL. OSTUZHEVA       VORONEZH G  ","улица Остужева, 6, Воронеж, Россия, 394042",51.68559,39.260519,-0.05339690516
1960,6094,5478,"D. 39, UL. KOMMUNISTICHES NOVOKUYBYSHE","Коммунистическая улица, 39, Новокуйбышевск, Самарская область, Россия, 446200",53.098604,49.947336,-0.02818724175
1961,6095,5478,"D. 39, UL. KOMMUNISTICHES NOVOKUYBYSHE","Коммунистическая улица, 39, Новокуйбышевск, Самарская область, Россия, 446200",53.098604,49.947336,-0.0694851969
1962,6098,5478,"D. 159, UL. LENINA        TAGANROG G  ","улица Ленина, 159, Таганрог, Ростовская область, Россия, 347910",47.228387,38.908442,-0.03260108175
1963,6106,5478,"D. 22, UL. PRISHVINA      MOSKVA G    ","улица Пришвина, 22, Москва, Россия, 127560",55.885469,37.602166,0.009241312251
1964,6108,5478,"D. 8, UL. VASHSKAYA       YOSHKAR-OLA ","Вашская улица, 8, Йошкар-Ола, Республика Марий Эл, Россия, 424006",56.628911,47.88917,-0.04569290851
1965,6109,5478,"D. 8, UL. VASHSKAYA       YOSHKAR-OLA ","Вашская улица, 8, Йошкар-Ола, Республика Марий Эл, Россия, 424006",56.628911,47.88917,-0.01571464417
1966,6134,5478,"D. 29, UL. VOROSHILOVA    IZHEVSK G   ","улица Ворошилова, 29, Ижевск, Удмуртская Республика, Россия, 426053",56.877223,53.266773,-0.09522310673
1967,6135,5478,"D. 29, UL. VOROSHILOVA    IZHEVSK G   ","улица Ворошилова, 29, Ижевск, Удмуртская Республика, Россия, 426053",56.877223,53.266773,-0.08083069737
1968,6142,5478,"D. 29, UL. VOROSHILOVA    IZHEVSK G   ","улица Ворошилова, 29, Ижевск, Удмуртская Республика, Россия, 426053",56.877223,53.266773,-0.05686709236
1969,6157,5478,"D. 23, PER. KOMMUNARSKII  BIYSK G     ","поселок Верх-Бийск, Турочакский район, Республика Алтай, Россия",52.036987,87.090544,0.01884533109
1970,6158,5478,"D. 23, PER. KOMMUNARSKII  BIYSK G     ","поселок Верх-Бийск, Турочакский район, Республика Алтай, Россия",52.036987,87.090544,0.04618682983
1971,6159,5478,"D. 23, PER. KOMMUNARSKII  BIYSK G     ","поселок Верх-Бийск, Турочакский район, Республика Алтай, Россия",52.036987,87.090544,-0.007908315926
1972,6167,5478,"D. 21, UL. VERHNYAYA DUBR VLADIMIR G  ","улица Верхняя Дуброва, 21, Владимир, Россия, 600024",56.110114,40.346843,0.01203622414
1973,6171,5478,"D. 56, UL. PROFSOUZNAYA   MOSKVA G    ","Профсоюзная улица, 56, Москва, Россия, 117393",55.670021,37.55248,7.36E-05
1974,6172,5478,"D. 56, UL. PROFSOUZNAYA   MOSKVA G    ","Профсоюзная улица, 56, Москва, Россия, 117393",55.670021,37.55248,-0.01481641869
1975,6199,5478,"D. 50, UL. DOKUCHAEVA     PERM G      ","улица Докучаева, 50, Пермь, Россия, 614031",58.032452,56.144184,-0.04883615629
1976,6201,5478,"D. 2A, B-R ENTUZIASTOV    TAMBOV G    ","бульвар Энтузиастов, 2А, Тамбов, Россия, 392003",52.756539,41.432744,0.0378558572
1977,6211,5478,"D. 185/47, UL. DEKABRISTO KAZAN G     ","улица Декабристов, 185/47, Казань, Республика Татарстан, Россия, 420080",55.832197,49.079743,-0.02708066237
1978,6212,5478,"D. 185, UL. DEKABRISTOV   KAZAN G     ","улица Декабристов, 185, Казань, Республика Татарстан, Россия, 420080",55.832035,49.079698,-0.02148109844
1979,6213,5478,"D. 185, UL. DEKABRISTOV   KAZAN G     ","улица Декабристов, 185, Казань, Республика Татарстан, Россия, 420080",55.832035,49.079698,-0.02616234802
1980,6214,5478,"D. 185, UL. DEKABRISTOV   KAZAN G     ","улица Декабристов, 185, Казань, Республика Татарстан, Россия, 420080",55.832035,49.079698,-0.06299835693
1981,6215,5478,"D. 25, UL. URICKOGO       BOGORODITSK ","улица Урицкого, 25, Богородицк, Тульская область, Россия",53.772477,38.126315,-0.07909256637
1982,6232,5478,"D. 4, UL. K.MARKSA        SERGIEV POSA","улица Карла Маркса, 4, Сергиев Посад, Московская область, Россия",56.311476,38.135748,-0.05866718456
1983,6233,5478,"D. 4, UL. K.MARKSA        SERGIEV POSA","улица Карла Маркса, 4, Сергиев Посад, Московская область, Россия",56.311476,38.135748,-0.02930528704
1984,6240,5478,"D. 46, UL. GOVOROVA       TOMSK G     ","улица Говорова, 46, Томск, Россия, 634057",56.510288,84.984489,-0.005323023726
1985,6241,5478,"D. 46, UL. GOVOROVA       TOMSK G     ","улица Говорова, 46, Томск, Россия, 634057",56.510288,84.984489,-0.01075750993
1986,6242,5478,"D. 46, UL. GOVOROVA       TOMSK G     ","улица Говорова, 46, Томск, Россия, 634057",56.510288,84.984489,0.04283704121
1987,6243,5478,"D. 46, UL. GOVOROVA       TOMSK G     ","улица Говорова, 46, Томск, Россия, 634057",56.510288,84.984489,-0.0291756924
1988,6276,5478,"D. 104, UL. TAGANROGSKAYA ROSTOV-NA-DO","Таганрогская улица, 104, Ростов-на-Дону, Россия, 344016",47.262625,39.664285,-0.03540887888
1989,6277,5478,"D. 104, UL. TAGANROGSKAYA ROSTOV-NA-DO","Таганрогская улица, 104, Ростов-на-Дону, Россия, 344016",47.262625,39.664285,-0.04298926106
1990,6278,5478,"D. 104, UL. TAGANROGSKAYA ROSTOV-NA-DO","Таганрогская улица, 104, Ростов-на-Дону, Россия, 344016",47.262625,39.664285,-0.06049362674
1991,6279,5478,"D. 104, UL. TAGANROGSKAYA ROSTOV-NA-DO","Таганрогская улица, 104, Ростов-на-Дону, Россия, 344016",47.262625,39.664285,-0.05925898872
1992,6310,5478,"D. 45A, UL. SHORSA        BELGOROD G  ","улица Щорса, 45А, Белгород, Россия, 308004",50.563663,36.57232,-0.07986037185
1993,6311,5478,"D. 45A, UL. SHORSA        BELGOROD G  ","улица Щорса, 45А, Белгород, Россия, 308004",50.563663,36.57232,-0.06482042597
1994,6312,5478,"D. 45A, UL. SHORSA        BELGOROD G  ","улица Щорса, 45А, Белгород, Россия, 308004",50.563663,36.57232,-0.06773143635
1995,6328,5478,"D. 52, UL. POLEZHAEVA     SARANSK G   ","улица Полежаева, 52, Саранск, Республика Мордовия, Россия, 430016",54.189461,45.175243,-0.01574044462
1996,6406,5478,"D. 85, PR-KT POBEDY       KISLOVODSK G","проспект Победы, 85, Кисловодск, Ставропольский край, Россия, 357748",43.926233,42.72321,-0.004773955911
1997,6408,5478,"D. 55, UL. LEZHNEVSKAYA   IVANOVO G   ","Лежневская улица, 55, Иваново, Россия, 153008",56.983014,40.98214,0.03563050771
1998,6409,5478,"D. 25, PR-KT STROITELEI   IVANOVO G   ","проспект Строителей, 25, Иваново, Россия, 153038",56.965177,40.99001,0.03734039349
1999,6410,5478,"D. 2/1, UL. EFIMOVA       OSINNIKI G  ","улица Ефимова, 2/1, Осинники, Кемеровская область, Россия, 652815",53.59132,87.332272,-0.04119688127
2000,6424,5478,"D. 1, UL. KOMSOMOL'SKAYA  PODOLSK G   ",,,,0.02070625126
2001,6445,5478,"D. 53A, UL. KOVALENKO     SARANSK G   ","улица Коваленко, 53А, Саранск, Республика Мордовия, Россия, 430013",54.211555,45.11528,-0.1011090352
2002,6471,5478,"KORP. 1805, UL. KAMENKA   ZELENOGRAD G","Зеленоград, к1805, Москва, Россия",55.979717,37.162692,0.0126719514
2003,6472,5478,"KORP. 1805, UL. KAMENKA   ZELENOGRAD G","Зеленоград, к1805, Москва, Россия",55.979717,37.162692,0.01264577299
2004,6473,5478,"KORP. 1805, UL. KAMENKA   ZELENOGRAD G","Зеленоград, к1805, Москва, Россия",55.979717,37.162692,0.008393838836
2005,6474,5478,"KORP. 1805, UL. KAMENKA   ZELENOGRAD G","Зеленоград, к1805, Москва, Россия",55.979717,37.162692,0.001424975261
2006,6478,5478,"D. 35A, PR-KT SLAVY       BELGOROD G  ","проспект Славы, 35А, Белгород, Россия, 308000",50.596712,36.592172,-0.06268753651
2007,6486,5478,"D. 28, UL. KUIBYSHEVA     KURGAN G    ","улица Куйбышева, 28, Курган, Россия",55.431662,65.343382,-0.04683485493
2008,6487,5478,"D. 28, UL. KUIBYSHEVA     KURGAN G    ","улица Куйбышева, 28, Курган, Россия",55.431662,65.343382,-0.05063929374
2009,6488,5478,"D. 28, UL. KUIBYSHEVA     KURGAN G    ","улица Куйбышева, 28, Курган, Россия",55.431662,65.343382,-0.0006940012792
2010,6489,5478,"D. 28, UL. KUIBYSHEVA     KURGAN G    ","улица Куйбышева, 28, Курган, Россия",55.431662,65.343382,-0.01398641946
2011,6505,5478,"D. 21, UL. LENINA         ZHELEZNOGORS","улица Ленина, 21, Железногорск, Курская область, Россия, 307170",52.331273,35.356549,-0.003611043869
2012,6506,5478,"D. 21, UL. LENINA         ZHELEZNOGORS","улица Ленина, 21, Железногорск, Курская область, Россия, 307170",52.331273,35.356549,0.001965057222
2013,6507,5478,"D. 21, UL. LENINA         ZHELEZNOGORS","улица Ленина, 21, Железногорск, Курская область, Россия, 307170",52.331273,35.356549,-0.0358483999
2014,6508,5478,"D. 129, PR-KT LENINA      TULA G      ","проспект Ленина, 129, Тула, Россия, 300026",54.154876,37.585646,-0.0317299592
2015,6509,5478,"D. 129, PR-KT LENINA      TULA G      ","проспект Ленина, 129, Тула, Россия, 300026",54.154876,37.585646,0.02133687296
2016,6510,5478,"D. 129, PR-KT LENINA      TULA G      ","проспект Ленина, 129, Тула, Россия, 300026",54.154876,37.585646,0.03368055642
2017,6517,5478,"D. 24B, UL. LENINA        PROTVINO G  ","улица Ленина, 24А, Протвино, Московская область, Россия, 142281",54.874906,37.22129,-0.02447581812
2018,6518,5478,"D. 24B, UL. LENINA        PROTVINO G  ","улица Ленина, 24А, Протвино, Московская область, Россия, 142281",54.874906,37.22129,-0.05922180328
2019,6519,5478,"D. 24B, UL. LENINA        PROTVINO G  ","улица Ленина, 24А, Протвино, Московская область, Россия, 142281",54.874906,37.22129,-0.052330959
2020,6534,5478,"D. 1A, PR-KT ENTUZIASTOV  KURSK G     ","проспект Энтузиастов, 1А, микрорайон Северо-Западный, Курск, Россия, 305048",51.738309,36.136996,-0.06323068836
2021,6535,5478,"D. 1A, PR-KT ENTUZIASTOV  KURSK G     ","проспект Энтузиастов, 1А, микрорайон Северо-Западный, Курск, Россия, 305048",51.738309,36.136996,-0.05170943151
2022,6536,5478,"D. 1A, PR-KT ENTUZIASTOV  KURSK G     ","проспект Энтузиастов, 1А, микрорайон Северо-Западный, Курск, Россия, 305048",51.738309,36.136996,-0.07212216131
2023,6537,5478,"D. 1A, PR-KT ENTUZIASTOV  KURSK G     ","проспект Энтузиастов, 1А, микрорайон Северо-Западный, Курск, Россия, 305048",51.738309,36.136996,-0.08432250129
2024,6548,5478,"D. 4A, STR. 1, SH. MOSKOV SAMARA G    ",,,,0.11288547
2025,6583,5478,"D. 2, UL. SOVETSKAYA      BORISOVKA P ","Советская улица, 2, посёлок городского типа Борисовка, Борисовский район, Белгородская область, Россия",50.607409,36.008501,-0.0624655219
2026,6587,5478,"D. 99, PR-KT LENINA       BRYANSK G   ","проспект Ленина, 99, Брянск, Россия, 241050",53.251956,34.37372,0.02668311016
2027,6591,5478,"D. 27, UL. PAVLOVSKOGO    NOVOKUZNETSK","улица Павловского, 27, Новокузнецк, Кемеровская область, Россия, 654005",53.771711,87.134391,-0.09133508181
2028,6641,5478,"D. 159, UL. LENINA        TAGANROG G  ","улица Ленина, 159, Таганрог, Ростовская область, Россия, 347910",47.228387,38.908442,-0.08362891218
2029,6642,5478,"D. 67, UL. VLASIHINSKAYA  BARNAUL G   ",,,,0.01659568323
2030,6643,5478,"D. 46, B-R IZMAILOVSKII   MOSKVA G    ",,,,0.02451448167
2031,6644,5478,"D. 46, B-R IZMAILOVSKII   MOSKVA G    ",,,,-0.01084552945
2032,6645,5478,"D. 46, B-R IZMAILOVSKII   MOSKVA G    ",,,,0.05898865506
2033,6646,5478,"D. 46, B-R IZMAILOVSKII   MOSKVA G    ",,,,0.03901170365
2034,6664,5478,"D. 37, UL. KIROVA         KEMEROVO G  ","улица Кирова, 37, Кемерово, Россия",55.356677,86.074873,-0.08915022766
2035,6672,5478,"D. 97, UL. CURUPY         UFA G       ","улица Цюрупы, 97, Уфа, Республика Башкортостан, Россия, 450006",54.736977,55.957802,0.009696563337
2036,6697,5478,"D. 54, UL. LENINA         IGLINO S    ","улица Ленина, 54, село Иглино, Иглинский район, Республика Башкортостан, Россия, 452410",54.834465,56.41517,-0.08957460041
2037,6701,5478,"D. 1, UL. LEIPUNSKOGO     OBNINSK G   ","улица Лейпунского, 1, Обнинск, Калужская область, Россия, 249037",55.09319,36.61552,-0.01683906477
2038,6707,5478,"D. 42, UL. KOMSOMOL'SKAYA KIROV G     ",,,,-0.08930896247
2039,6713,5478,"D. 28, UL. SOVETSKAYA (NO KIROV G     ","Советская улица, 28, Нововятский район, Киров, Россия",58.509485,49.701422,-0.1010592075
2040,6715,5478,"D. 45A, UL. OKTYABR'SKAYA KOLOMNA G   ","Октябрьская улица, 45, Коломна, Московская область, Россия, 140413",55.065999,38.845291,-0.05110795642
2041,6721,5478,"D. 7, PROEZD BAGRATIONOVS MOSKVA G    ","Перовский проезд, 7, Москва, Россия, 111024",55.744323,37.702849,-0.02885933433
2042,6722,5478,"D. 181, UL. AVRORY        SAMARA G    ","улица Авроры, 181, Самара, Россия, 443045",53.206267,50.190231,2.35E-05
2043,6723,5478,"D. 181, UL. AVRORY        SAMARA G    ","улица Авроры, 181, Самара, Россия, 443045",53.206267,50.190231,-0.01353920688
2044,6726,5478,"D. 1, UL. KOMSOMOL'SKAYA  PODOLSK G   ",,,,0.03242800543
2045,6732,5478,"D. 112, UL. PALANTAYA     YOSHKAR-OLA ","улица Палантая, 112, Йошкар-Ола, Республика Марий Эл, Россия, 424000",56.632674,47.887697,0.02749383668
2046,6733,5478,"D. 112, UL. PALANTAYA     YOSHKAR-OLA ","улица Палантая, 112, Йошкар-Ола, Республика Марий Эл, Россия, 424000",56.632674,47.887697,0.01701872763
2047,6734,5478,"D. 112, UL. PALANTAYA     YOSHKAR-OLA ","улица Палантая, 112, Йошкар-Ола, Республика Марий Эл, Россия, 424000",56.632674,47.887697,-0.04023287675
2048,6735,5478,"D. 112, UL. PALANTAYA     YOSHKAR-OLA ","улица Палантая, 112, Йошкар-Ола, Республика Марий Эл, Россия, 424000",56.632674,47.887697,-0.03681603237
2049,6753,5478,"D. 143A, UL. RESPUBLIKI   TYUMEN G    ","улица Республики, 143А, Тюмень, Россия, 625048",57.1394,65.567781,-0.06457267
2050,6757,5478,"73, UL. SVERDLOVSKAYA     KRASNOYARSK ","Свердловская улица, 73, Красноярск, Россия, 660006",55.976493,92.828209,-0.0345269277
2051,6762,5478,"D. 14, UL. OKTYABR'SKAYA  NOVOALTAYSK ","Октябрьская улица, 14, Новоалтайск, Алтайский край, Россия, 658087",53.390176,83.935113,-0.08791036718
2052,6771,5478,"D. 16, UL. BESSOLOVA      KIMOVSK G   ","улица Бессолова, 16, Кимовск, Тульская область, Россия, 301720",53.969062,38.52806,-0.0404605414
2053,6775,5478,"D. 28, UL. LENINA         EFREMOV G   ","улица Ленина, 28, Ефремов, Тульская область, Россия, 301840",53.145819,38.113784,0.0389586921
2054,6786,5478,"D. 6A, B-R MOLODEZHNYI    TOLYATTI G  ","Молодёжный бульвар, 6А, Тольятти, Самарская область, Россия, 445011",53.515483,49.411733,-0.141176352
2055,6789,5478,"D. 11, MKR. VESENNII      STARYY OSKOL","микрорайон Весенний, 11, Старый Оскол, Белгородская область, Россия",51.288714,37.801538,-0.1168385749
2056,6802,5478,"D. 1, UL. GOSPITAL'NAYA   VYBORG G    ","Госпитальная улица, 1, Выборг, Ленинградская область, Россия, 188807",60.71991,28.714459,-0.03582941923
2057,6820,5478,"D. 11G, UL. LAZAREVA      SOCHI G     ","улица Лазарева, 11, микрорайон Лазаревское, Сочи, Краснодарский край, Россия",43.914123,39.322566,-0.04363559122
2058,6822,5478,"D. 1, PR-KT GUBKINA       STARYY OSKOL","проспект Губкина, 1, Старый Оскол, Белгородская область, Россия, 309517",51.286269,37.79384,-0.02869359879
2059,6830,5478,"D. 58, UL. AMURSKAYA      BLAGOVESHCHE","Амурская улица, 58, Благовещенск, Амурская область, Россия",50.260491,127.559576,-0.001463236216
2060,6864,5478,"D. 7, UL. CHAPAEVA        SHARYA G    ","улица Чапаева, 7А, Шарья, Костромская область, Россия, 157500",58.370284,45.514123,0.02355712646
2061,6868,5478,"D. 45A, UL. URIYA GAGARIN UFA G       ","улица Юрия Гагарина, 45А, Уфа, Республика Башкортостан, Россия, 450105",54.771689,56.077044,-0.04665932997
2062,6869,5478,"D. 45A, UL. URIYA GAGARIN UFA G       ","улица Юрия Гагарина, 45А, Уфа, Республика Башкортостан, Россия, 450105",54.771689,56.077044,-0.04839949008
2063,6871,5478,"D. 56, PR-KT METALLURGOV  SAMARA G    ","проспект Металлургов, 56, Самара, Россия, 443034",53.231813,50.272427,0.05289599877
2064,6872,5478,"D. 56, PR-KT METALLURGOV  SAMARA G    ","проспект Металлургов, 56, Самара, Россия, 443034",53.231813,50.272427,0.03779357787
2065,6882,5478,"D. 16, UL. IM ORDZHONIKID SARATOV G   ","улица Орджоникидзе, 16, Саратов, Россия",51.503074,45.959741,-0.07019623543
2066,6883,5478,"D. 16, UL. IM ORDZHONIKID SARATOV G   ","улица Орджоникидзе, 16, Саратов, Россия",51.503074,45.959741,-0.09510451127
2067,6887,5478,"D. 115, UL. BUTINA        CHITA G     ","улица Бутина, 115, Чита, Забайкальский край, Россия, 672012",52.044892,113.510104,0.04080668823
2068,6902,5478,"D. 7, UL. M.GOR'KOGO      TULA G      ","улица Максима Горького, 7, Тула, Россия",54.21414,37.618875,-0.04080913552
2069,6910,5478,"D. 56, UL. PROFSOUZNAYA   MOSKVA G    ","Профсоюзная улица, 56, Москва, Россия, 117393",55.670021,37.55248,0.04798247504
2070,6920,5478,"D. 126, SH. MOSKOVSKOE    ORYEL G     ","Московское шоссе, 126, Орёл, Россия, 302025",53.001255,36.140365,0.02332758279
2071,6921,5478,"D. 21, UL. VOROVSKOGO     CHELYABINSK ","улица Воровского, 21, Челябинск, Россия, 454092",55.151528,61.390786,-0.01952992557
2072,6929,5478,"D. 21, UL. VOROVSKOGO     CHELYABINSK ","улица Воровского, 21, Челябинск, Россия, 454092",55.151528,61.390786,-0.06043271655
2073,6931,5478,"D. 21, UL. VOROVSKOGO     CHELYABINSK ","улица Воровского, 21, Челябинск, Россия, 454092",55.151528,61.390786,-0.02154597096
2074,6932,5478,"D. 21, UL. VOROVSKOGO     CHELYABINSK ","улица Воровского, 21, Челябинск, Россия, 454092",55.151528,61.390786,-0.03402499849
2075,6960,5478,"D. 3, PL. LENINA          VORONEZH G  ","площадь Ленина, 3, Воронеж, Россия, 394018",51.659551,39.199865,-0.03752677607
2076,6961,5478,"D. 3, PL. LENINA          VORONEZH G  ","площадь Ленина, 3, Воронеж, Россия, 394018",51.659551,39.199865,-0.0514206244
2077,6973,5478,"D. 64, UL. LENINA         KALUGA G    ","улица Ленина, 64, Калуга, Россия, 248016",54.518774,36.266955,0.02941968323
2078,6974,5478,"D. 64, UL. LENINA         KALUGA G    ","улица Ленина, 64, Калуга, Россия, 248016",54.518774,36.266955,-0.03189246354
2079,6975,5478,"D. 64, UL. LENINA         KALUGA G    ","улица Ленина, 64, Калуга, Россия, 248016",54.518774,36.266955,0.02551156294
2080,6976,5478,"D. 64, UL. LENINA         KALUGA G    ","улица Ленина, 64, Калуга, Россия, 248016",54.518774,36.266955,0.01182954551
2081,6978,5478,"D. 35A, UL. 25 SENTYABRYA SMOLENSK G  ","улица 25 Сентября, 35А, Смоленск, Россия",54.769097,32.08174,-0.04380672874
2082,6989,5478,"D. 3, UL. KIROVA          KHIMKI G    ","улица Кирова, 3, микрорайон Сходня, Химки, Московская область, Россия, 141421",55.949677,37.301392,-0.01078976648
2083,6994,5478,"D. 5, PROEZD NAGORNYI     MOSKVA G    ","Нагорная улица, 5, Москва, Россия, 117186",55.678945,37.61123,-0.1260332361
2084,6998,5478,"D. 3, STR. 2, MKAD 84-I K MOSKVA G    ","МКАД, съезд 2, Москва, Россия",55.769059,37.842735,-0.008917180561
2085,7044,5478,"D. 7, UL. NOVOBUL'VARNAYA CHITA G     ","Новобульварная улица, 7, Чита, Забайкальский край, Россия, 672000",52.042189,113.51933,0.003501238699
2086,7048,5478,"D. 64, PROEZD LIHACHEVSKI DOLGOPRUDNYY","Лихачёвский проезд, Долгопрудный, Московская область, Россия",55.920926,37.511293,-0.02997933891
2087,7057,5478,"D. 169, UL. LENINA        KIROV G     ","улица Ленина, 169, Киров, Россия",58.579489,49.683941,-0.06077626676
2088,7061,5478,"D. 25, UL. SPORTIVNAYA    NAKHODKA G  ","Спортивная улица, 25, Находка, Приморский край, Россия, 692930",42.77617,132.853455,-0.04676457394
2089,7085,5478,"D. 75, UL. DOVATORCEV     STAVROPOL G ","улица Доваторцев, 75, Ставрополь, Россия, 355042",44.995093,41.922605,0.0007289695064
2090,7092,5478,"D. 120, UL. SOVETSKAYA    KOSTROMA G  ","Советская улица, 120, Кострома, Россия, 156026",57.758758,40.965108,-0.1338915636
2091,7104,5478,"D. 72, UL. SHISHKOVA      VORONEZH G  ","улица Шишкова, 72, Воронеж, Россия, 394068",51.702601,39.197718,0.01789862657
2092,7105,5478,"D. 8, UL. PUSHKINSKAYA    VORONEZH G  ","Пушкинская улица, 8, Воронеж, Россия, 394018",51.662557,39.196047,-0.07753723714
2093,7120,5478,"D. 250/1, UL. BAIKAL'SKAY IRKUTSK G   ",,,,-0.05038143361
2094,7126,5478,"D. 5, UL. LENINA          LENINSK-KUZN","улица Ленина, 5А, Ленинск-Кузнецкий, Кемеровская область, Россия, 652518",54.663094,86.148157,-0.05647068165
2095,7128,5478,"D. 250/1, UL. BAIKAL'SKAY IRKUTSK G   ",,,,-0.1131093703
2096,7131,5478,"D. 2, LIT. A, PL. SENNAYA SANKT-PETERB","Сенная площадь, 2А, Санкт-Петербург, Россия, 190031",59.927058,30.320458,-0.01787054775
2097,7141,5478,"D. 22, UL. NEKRASOVA      USSURIYSK G ","улица Некрасова, 22, Уссурийск, Приморский край, Россия, 692519",43.788911,131.953891,0.06433942045
2098,7144,5478,"1/3, PR-KT CHEKISTOV      KRASNODAR G ","проспект Чекистов, 1/3, микрорайон Юбилейный, Краснодар, Россия, 350089",45.027712,38.905622,-0.04457546581
2099,7147,5478,"9, UL. KRYLOVA            GRYAZI G    ","улица Крылова, 6, Грязи, Липецкая область, Россия",52.48699,39.98042,-0.0839865117
2100,7150,5478,"D. 29, PR-KT KOROLEVA     ROSTOV-NA-DO","проспект Королёва, 29, Ростов-на-Дону, Россия, 344000",47.298088,39.722523,-0.1056736765
2101,7158,5478,"D. 9A, UL. VOLOCHAEVSKAYA KHABAROVSK G","Волочаевская улица, 9А, Хабаровск, Россия, 680007",48.459423,135.097609,-0.00293817307
2102,7164,5478,"12, UL. GAGARINA          FOKINO G    ","улица Гагарина, 10кв1, Фокино, Брянская область, Россия",53.45276,34.41409,-0.08086448148
2103,7177,5478,"D. 13, UL. BERZINA        MAGADAN G   ","улица Берзина, 13, Магадан, Россия, 685007",59.577862,150.809224,-0.01017158567
2104,7179,5478,"D. 27A, UL. OKTYABR'SKAYA TOVARKOVO P ","Октябрьская улица, 27, поселок городского типа Товарково, Дзержинский район, Калужская область, Россия, 249855",54.675699,35.945161,-0.08302657221
2105,7185,5478,"D. 19, UL. PUSHKINA       KHABAROVSK G","улица Пушкина, 19, Хабаровск, Россия, 680000",48.478139,135.07569,0.05209457229
2106,7192,5478,"D. 30, PR-KT TRUDA        SEVERODVINSK","проспект Труда, 30, Северодвинск, Архангельская область, Россия, 164500",64.556683,39.799014,-0.05737406183
2107,7194,5478,HATYN-URYAHSKOE SHOSSE 7  YAKUTSK G,"Хатын-Юряхское шоссе, 7, Якутск, Республика Саха (Якутия), Россия",62.046195,129.646434,-0.0557424012
2108,7198,5478,"D. 224A, UL. KRASNOZNAMEN USSURIYSK G ","улица Некрасова, 224, Уссурийск, Приморский край, Россия, 692524",43.826455,131.946462,0.008363387899
2109,7207,5478,"D. 194, UL. BOICOV 9 DIVI KURSK G     ","улица Бойцов 9-й Дивизии, 9, Курск, Россия, 305003",51.738627,36.177627,-0.02241508244
2110,7220,5478,"D. 28B, SH. MATVEEVSKOE   KHABAROVSK G","Матвеевское шоссе, 28АлитБ, Хабаровск, Россия, 680031",48.524286,135.169088,-0.0920283589
2111,7226,5478,"D. 1 B, UL. ARSEN'EVA     NAKHODKA G  ","улица Арсеньева, 1, Находка, Приморский край, Россия, 692921",42.779935,132.872715,-0.03434217112
2112,7235,5478,"D. 19, UL. ALEBASHEVSKAYA TYUMEN G    ","Алебашевская улица, 19, Тюмень, Россия, 625022",57.170336,65.567431,-0.01080150109
2113,7238,5478,"D. 43A, UL. HIBINSKAYA    ASTRAKHAN G ","Хибинская улица, 43А, Астрахань, Россия, 414038",46.365365,47.991263,-0.0267329001
2114,7245,5478,"D. 21, UL. KUIBYSHEVA     ZAVITINSK G ","улица Куйбышева, 21, Завитинск, Амурская область, Россия",50.112342,129.444951,-0.07706384346
2115,7256,5478,"D. 79/9, UL. BEHTEREVA    RZHEV G     ","улица Бехтерева, 79/9, Ржев, Тверская область, Россия, 172390",56.264602,34.328193,-0.07877776229
2116,7259,5478,"D. 13, UL. GORBUNOVA      CHITA G     ","улица Горбунова, 11, Чита, Забайкальский край, Россия, 672040",52.033624,113.454498,-0.08283902951
2117,7277,5478,"D. 14, PR-KT YASH'LEK     NABEREZHNYE ","проспект Яшьлек, 14, Набережные Челны, Республика Татарстан, Россия, 423827",55.761801,52.453267,-0.07713720044
2118,7286,5478,"D. 12/31, MKR. 12-I       NABEREZHNYE ","12-й комплекс, 31, Набережные Челны, Республика Татарстан, Россия",55.742002,52.37365,-0.09636344144
2119,7289,5478,"D. 5A, UL. OKTYABR'SKAYA  ULAN-UDE G  ","Октябрьская улица, 5А, Улан-Удэ, Республика Бурятия, Россия, 670002",51.846689,107.611353,0.008487110838
2120,7294,5478,"D. 2, UL. AVIACIONNAYA    YUZHNO-SAKHA","Авиационная улица, 2, планировочный район Большая Елань, Южно-Сахалинск, Сахалинская область, Россия, 693004",46.923766,142.746745,0.02088538473
2121,7314,5478,"D. 15, STR. 1, B-R TVERSK MOSKVA G    ",,,,0.06638380434
2122,7316,5478,"D. 1A, UL. KAR'ER CEMZAVO ISKITIM G   ",,,,-0.06756537329
2123,7330,5478,"D. 1 D, UL. IM GEROYA SUV NOVOBUREYSKI","улица Героя России Соломатина, 1, посёлок завода Мосрентген, Москва, Россия",55.61417,37.473824,-0.1254996432
2124,7332,5478,"D. 2V, UL. KALININA       KRASNOYARSK ","улица Калинина, 2, Красноярск, Россия, 660048",56.035104,92.827868,0.02495785456
2125,7365,5478,"D. 36, UL. 5 ARMII        TOMSK G     ","улица 5-й Армии, 34, микрорайон Черемошники, Томск, Россия, 634024",56.525345,84.952104,-0.08652322973
2126,7366,5478,"D. 51, LIT. A, UL. ADMIRA ASTRAKHAN G ",,,,-0.02795832619
2127,7370,5478,"D. 21, PR-KT STROITELEI   ZARINSK G   ","проспект Строителей, 21, Заринск, Алтайский край, Россия, 659100",53.70493,84.92758,-0.09067810756
2128,7402,5478,"D. 2, PER. VINOGRADNYI    SOCHI G     ","Виноградная улица, 2, Центральный район, Сочи, Краснодарский край, Россия, 354008",43.597969,39.71627,-0.06387702872
2129,7404,5478,"D. 58, UL. VETLUZHSKAYA   PERM G      ","Ветлужская улица, 58, Пермь, Россия, 614067",58.044091,56.094858,-0.1269803846
2130,7407,5478,"D. 2, UL. LERMONTOVA      OMSK G      ","улица Лермонтова, 2, Омск, Россия, 644024",54.980472,73.3715,-0.1450012315
2131,7418,5478,"D. 9, UL. IL'INSKAYA      OMSK G      ","Ильинская улица, 9, Омск, Россия, 644024",54.979315,73.375641,-0.1115429904
2132,7419,5478,"D. 212, UL. B.HMEL'NICKOG OMSK G      ","улица Богдана Хмельницкого, 212, Омск, Россия, 644021",54.96116,73.413191,-0.0439562436
2133,7421,5478,UL. TROEKUROVSKAYA        SYZRAN G,"Троекуровская улица, Сызрань, Самарская область, Россия",53.180792,48.521503,-0.09374530037
2134,7427,5478,"D. 2, UL. 75 GVARDEISKOI  OMSK G      ","улица 75-й Гвардейской Бригады, 2, посёлок Чкаловский, Омск, Россия, 644076",54.973006,73.472192,-0.0569880308
2135,7429,5478,"D. 4, UL. SHORSA          PARTIZANSK G","улица Щорса, 4, Партизанск, Приморский край, Россия, 692853",43.116108,133.111937,0.05315011283
2136,7432,5478,"D. 5, UL. CHELUSKINA      LESOZAVODSK ","улица Челюскина, 5, Лесозаводск, Приморский край, Россия, 692036",45.493746,133.438223,0.03204152108
2137,7447,5478,"D. 48, UL. FRUNZE         ARTEM G     ","улица Фрунзе, 48, Артём, Приморский край, Россия, 692760",43.352063,132.169254,0.01781401258
2138,7453,5478,"D. 97, UL. OBRAZCOVSKAYA  SYZRAN G    ",,,,-0.02043279573
2139,7466,5478,"D. 82, UL. ARBUZOVA       NAZAROVO G  ","улица Арбузова, 82, Назарово, Красноярский край, Россия",56.011359,90.400881,0.03040111671
2140,7473,5478,"D. 114, UL. VOROVSKOGO    KIROV G     ","улица Воровского, 114, Киров, Россия",58.596726,49.591369,-0.07790843048
2141,7476,5478,"D. 14, UL. LINIYA 1-YA    KEMEROVO G  ","улица 1-я Линия, 14, посёлок Южный, Кемерово, Россия, 650024",55.313204,86.077163,-0.05271009158
2142,7483,5478,"D. 61, UL. KOSYGINA       NOVOKUZNETSK","улица Косыгина, 61, Новокузнецк, Кемеровская область, Россия, 654054",53.89232,87.130995,-0.09001588712
2143,7487,5478,"D. 7, PER. KAMCHATSKII    NIZHNIY NOVG","Камчатский переулок, 7, Нижний Новгород, Россия, 603124",56.30457,43.845682,-0.07525260297
2144,7490,5478,"D. 71A, PR-KT FRUNZE      YAROSLAVL G ","проспект Фрунзе, 71А, Ярославль, Россия, 150006",57.566607,39.929809,-0.07585278817
2145,7508,5478,"D. 1, PL. PODVOISKOGO     YAROSLAVL G ","площадь Подвойского, 1, Ярославль, Россия, 150030",57.60068,39.87202,-0.1400761923
2146,7509,5478,"D. 35, UL. SERGO ORDZHONI YAROSLAVL G ","улица Серго Орджоникидзе, 35, Ярославль, Россия, 150062",57.652376,39.956965,-0.0269764899
2147,7510,5478,"D. 164, UL. PERVOMAISKAYA KHADYZHENSK ","Первомайская улица, 164, Хадыженск, Апшеронский район, Краснодарский край, Россия",44.428076,39.530858,-0.02637161665
2148,7517,5478,"D. 31, UL. 5-I MIKRORAION LESOSIBIRSK ","улица Мира, 5, Лесосибирск, Красноярский край, Россия, 662547",58.215471,92.510745,0.05391737817
2149,7527,5478,"D. 1, UL. 30 LET POBEDY   OBLUCHYE G  ","улица 30 лет Победы, 1, Облучье, Еврейская автономная область, Россия, 679100",49.011146,131.060265,-0.06776646457
2150,7533,5478,"D. 8, UL. MOSKATOVA       TAGANROG G  ","улица Москатова, 8, Таганрог, Ростовская область, Россия, 347924",47.262479,38.918018,-0.07660509353
2151,7535,5478,"D. 24 A, UL. UBILEINAYA   CHERNOGORSK ","Юбилейная улица, 24А, Черногорск, Республика Хакасия, Россия, 655158",53.82823,91.334805,0.03955672484
2152,7540,5478,"D. 40/1, UL. LINEINAYA    SVOBODNYY G ","Линейная улица, 40/1, Свободный, Амурская область, Россия",51.392331,128.137228,-0.05321110097
2153,7551,5478,"D. 32, UL. SHETINKINA     ABAKAN G    ","улица Щетинкина, 32, Абакан, Республика Хакасия, Россия, 655017",53.726319,91.44298,-0.08408228774
2154,7560,5478,"D. 139, UL. KUIBYSHEVA    BATAYSK G   ","улица Куйбышева, 139, Батайск, Ростовская область, Россия, 346880",47.141515,39.740013,-0.08624768302
2155,7566,5478,"33A, UL. LENINA           K.LIBKNEKHTA","улица Ленина, Королёв, Московская область, Россия",55.91862,37.806847,-0.1071827619
2156,7570,5478,"D. 4/1, PR-KT OKTYABRYA   UFA G       ","проспект Октября, 4/1, Уфа, Республика Башкортостан, Россия, 450001",54.741197,55.98732,-0.0465834525
2157,7577,5478,"D. 47A, UL. AERODROMNAYA  SAMARA G    ","Аэродромная улица, 47А, Самара, Россия, 443070",53.190925,50.189773,0.01344940481
2158,7589,5478,"D. 59, UL. KARLA MARKSA   KHABAROVSK G","улица Карла Маркса, 59, Хабаровск, Россия, 680000",48.487175,135.080433,0.02308324862
2159,7606,5478,"D. 36, UL. KRASNAYA GORKA PENZA G     ","улица Красная Горка, 36, Пенза, Россия, 440052",53.172869,45.009207,-0.006774495069
2160,7612,5478,"D. 172A, UL. TIHOOKEANSKA KHABAROVSK G","река Гумамза-Ка, Ванинский район, Хабаровский край, Россия",49.569239,139.278296,0.05038854477
2161,7623,5478,"D. 18, UL. KRASNAYA       RTISHCHEVO G","Красная улица, 18, Ртищево, Саратовская область, Россия, 412031",52.254512,43.791163,-0.07160566333
2162,7644,5478,"D. 21/1, UL. BUBENCA      PUGACHEV G  ","улица Бубенца, 21/1, Пугачёв, Саратовская область, Россия",52.009893,48.813662,-0.08367645048
2163,7646,5478,"D. 13, UL. MAGISTRAL'NAYA CHITA G     ","Магистральная улица, 13, Чита, Забайкальский край, Россия, 672040",52.02692,113.429346,-0.02439576523
2164,7653,5478,"D. 17B, UL. PARTIZANSKAYA SAMARA G    ","Партизанская улица, 17, Самара, Россия, 443070",53.191325,50.165932,-0.06421959607
2165,7655,5478,"D. 1, UL. ARMAVIRSKAYA    KHABAROVSK G","Армавирская улица, 1, Хабаровск, Россия, 680022",48.507736,135.063706,-0.05830799782
2166,7658,5478,"D. 1, UL. CENTRAL'NAYA    VYSOKOGORNYY","Центральная улица, 1, поселок городского типа Высокогорный, Ванинский район, Хабаровский край, Россия",50.105553,139.110446,-0.08904467261
2167,7669,5478,UL. SHKOL'NAYA            TYNDA G,"Школьная улица, Тында, Амурская область, Россия",55.153395,124.729343,0.01040624468
2168,7674,5478,"D. 66 A, UL. KOSMONAVTOV  POLYSAEVO G ","улица Космонавтов, 66, Полысаево, Кемеровская область, Россия, 652560",54.60112,86.286336,-0.1450012315
2169,7678,5478,"D. 89, UL. RAHOVA         SARATOV G   ","улица Рахова, 89, Саратов, Россия",51.530285,46.01214,-0.007984696289
2170,7685,5478,"D. 6, PL. PRIVOKZAL'NAYA  ISHIM G     ",,,,-0.1022174813
2171,7697,5478,"STR. 24A, MKR. 1-I        PYT-YAKH G  ","Лесная улица, 1, микрорайон 2А, Пыть-Ях, Ханты-Мансийский автономный округ, Россия",60.753108,72.859056,-0.02276830604
2172,7710,5478,"D. 2A, UL. KALININA       TYUMEN G    ","улица Калинина, 2А, Тюмень, Россия, 625025",57.144626,65.51876,-0.03947431846
2173,7722,5478,"D. 24, UL. 1 MAYA         ARAMIL G    ","улица 1 Мая, 24, Арамиль, Свердловская область, Россия, 624000",56.695097,60.832995,-0.06074180957
2174,7727,5478,"D. 18, UL. VESENYAYA      CHITA G     ","Весенняя улица, 18, Чита, Забайкальский край, Россия, 672042",52.076116,113.376417,-0.01618427264
2175,7732,5478,"D. 105, UL. ZHUKOVA       SOSNOVYY BOR","улица Жукова, Бор, Нижегородская область, Россия",56.424327,43.953516,-0.1023534558
2176,7738,5478,"D. 26 A, UL. KOMSOMOL'SKA MOGOCHA G   ","Комсомольская улица, 26, Могоча, Забайкальский край, Россия, 673732",53.731796,119.760842,-0.04208536048
2177,7740,5478,"D. 5, UL. SOBOLEVA        EKATERINBURG","улица Соболева, 5, микрорайон Широкая Речка, Верх-Исетский район, Екатеринбург, Свердловская область, Россия, 620036",56.811803,60.515764,-0.05735971324
2178,7742,5478,"D. 15, SH. BESEDINSKOE    MOSKVA G    ","Бесединское шоссе, вл15, Москва, Россия, 115612",55.625282,37.76133,0.01211564337
2179,7748,5478,"D. 33, UL. FURMANOVA      EKATERINBURG","улица Фурманова, 33, Екатеринбург, Свердловская область, Россия, 620142",56.81573,60.613249,-0.1241891008
2180,7755,5478,"D. 15, UL. PARKOVAYA      SEVEROBAYKAL","Парковая улица, 15, Северобайкальск, Республика Бурятия, Россия, 671700",55.632438,109.333046,-0.03302643162
2181,7758,5478,"D. 1, PL. GENERALA CHERNY VORONEZH G  ","аэропорт Воронеж (Чертовицкое), 1, Рамонский район, Воронежская область, Россия",51.808533,39.22111,-0.1082581335
2182,7766,5478,"D. 13/1, UL. SHUKSHINA    NOVOSIBIRSK ","улица Шукшина, 13/1, Новосибирск, Россия, 630068",54.938327,83.120826,-0.005301899878
2183,7771,5478,"D. 32G, B-R RYABIKOVA     IRKUTSK G   ","бульвар Рябикова, 32, Иркутск, Россия, 664043",52.26272,104.207537,-0.02529093846
2184,7776,5478,"D. 3A, SH. MOSKOVSKOE     ELETS G     ","Московское шоссе, 3А, Елец, Липецкая область, Россия, 399778",52.629826,38.457946,0.04797583199
2185,7788,5478,"D. 265B, UL. BAIKAL'SKAYA IRKUTSK G   ","Байкальская улица, 265, Иркутск, Россия, 664050",52.254859,104.358266,-0.03898308266
2186,7790,5478,"D. 6, UL. ZHELEZNODOROZHN TALOVAYA RP ","посёлок Таловая, Таловский район, Воронежская область, Россия",51.119416,40.725303,-0.0752222691
2187,7798,5478,"D. 2, UL. ROMANOVA        CHEREPANOVO ","улица Романова, 2, Черепаново, Новосибирская область, Россия",54.221969,83.372516,-0.02956544782
2188,7808,5478,"D. 31, UL. CHERNYSHEVSKOG TVER G      ",,,,0.02830736806
2189,7809,5478,"D. 31, UL. CHERNYSHEVSKOG TVER G      ",,,,0.04731105577
2190,7810,5478,"D. 2, UL. TRANSPORTNAYA   NOVOKUZNETSK","Транспортная улица, 2, Новокузнецк, Кемеровская область, Россия, 654041",53.74674,87.117592,-0.06085292
2191,7830,5478,"D. 19, UL. DERZHAVINA     VELIKIY NOVG","улица Державина, 19, Великий Новгород, Новгородская область, Россия, 173020",58.543279,31.323005,-0.01114296014
2192,7837,5478,"D. 11A, PR-KT STROITELEI  BARNAUL G   ","проспект Строителей, 11А, Барнаул, Алтайский край, Россия, 656015",53.352138,83.766876,-0.08000421911
2193,7852,5478,"D. 14, STR. 2, UL. ZHELEZ DEDOVSK G   ","2-я улица Труда, 14, Дедовск, городской округ Истра, Московская область, Россия",55.868289,37.13285,-0.01053810978
2194,7856,5478,"D. 8, UL. KOSHURNIKOVA    NOVOSIBIRSK ","улица Кошурникова, 8, Новосибирск, Россия, 630112",55.042979,82.951152,-0.007033123874
2195,7857,5478,"D. 4, UL. PARKOVAYA       MAMONOVO G  ","Парковая улица, 4, Мамоново, Мамоновский городской округ, Калининградская область, Россия, 238450",54.461802,19.941539,-0.03070520907
2196,7859,5478,"D. 11, KORP. 2, LIT. A, B SANKT-PETERB","2-я линия Хорошёвского Серебряного Бора, дв11к2, Москва, Россия",55.785296,37.442931,-0.02121882967
2197,7863,5478,"D. 61, UL. NEDELINA       LIPETSK G   ","улица М.И. Неделина, 61, Липецк, Россия",52.601202,39.575154,-0.08355768599
2198,7864,5478,"D. 4, STR. 1, KV-L 89-I   ANGARSK G   ","1-й Театральный проезд, 6, Ангарск, Иркутская область, Россия, 665813",52.534461,103.885294,-0.08141941379
2199,7866,5478,"D. 61, UL. NEDELINA       LIPETSK G   ","улица М.И. Неделина, 61, Липецк, Россия",52.601202,39.575154,-0.04659511876
2200,7878,5478,"D. 8, UL. KOSHURNIKOVA    NOVOSIBIRSK ","улица Кошурникова, 8, Новосибирск, Россия, 630112",55.042979,82.951152,0.01196805398
2201,7879,5478,"D. 8, UL. KOSHURNIKOVA    NOVOSIBIRSK ","улица Кошурникова, 8, Новосибирск, Россия, 630112",55.042979,82.951152,0.01866402732
2202,7910,5478,"D. 36, UL. SHEVCHENKO     BLAGOVESHCHE","улица Шевченко, 36, Благовещенск, Амурская область, Россия",50.263492,127.528287,-0.0172425687
2203,7915,5478,"D. 9, PR-KT N.S.ERMAKOVA  NOVOKUZNETSK","проспект Н.С. Ермакова, 9, Новокузнецк, Кемеровская область, Россия, 654007",53.767128,87.133232,-0.07036170913
2204,7916,5478,"D. 277, UL. KALININA      VLADIVOSTOK ","улица Калинина, 277, Владивосток, Приморский край, Россия, 690021",43.093913,131.904466,0.03633308307
2205,7917,5478,"D. 277, UL. KALININA      VLADIVOSTOK ","улица Калинина, 277, Владивосток, Приморский край, Россия, 690021",43.093913,131.904466,0.04115080545
2206,7926,5478,"D. 137, UL. MENDELEEVA    UFA G       ","улица Менделеева, 137, Уфа, Республика Башкортостан, Россия, 450022",54.713475,55.993582,-0.06194591644
2207,7927,5478,"D. 6, UL. AVTOZAVODSKAYA  MOSKVA G    ","Автозаводская улица, 6, Москва, Россия, 115280",55.709449,37.661033,-0.01103675031
2208,7931,5478,"D. 6, UL. AVTOZAVODSKAYA  MOSKVA G    ","Автозаводская улица, 6, Москва, Россия, 115280",55.709449,37.661033,0.008971056295
2209,7932,5478,"D. 182A, UL. NOVO-SADOVAY SAMARA G    ","Ново-Садовая улица, 182А, Самара, Россия, 443124",53.23786,50.192091,-6.95E-05
2210,7933,5478,"D. 47, PR-KT LESNOI       PETROZAVODSK","Лесной проспект, 47, Петрозаводск, Республика Карелия, Россия, 185014",61.776199,34.30861,-0.02992848129
2211,7956,5478,"D. 58A, UL. KIROVA        NOVOKUZNETSK","улица Кирова, 58А, Новокузнецк, Кемеровская область, Россия, 654018",53.757201,87.145682,-0.04984466883
2212,7957,5478,"D. 58A, UL. KIROVA        NOVOKUZNETSK","улица Кирова, 58А, Новокузнецк, Кемеровская область, Россия, 654018",53.757201,87.145682,-0.06595860979
2213,7958,5478,"D. 34/1, PR-KT LENINSKII  MOSKVA G    ",,,,0.003610363676
2214,7969,5478,"D. 72, PR-KT KARLA MARKSA OMSK G      ","проспект Карла Маркса, 72, Омск, Россия, 644020",54.943364,73.383636,0.002748991107
2215,7974,5478,"D. 14A, UL. CHEHOVA       PUSHKINO G  ","улица Чехова, 14, Пушкино, Московская область, Россия, 141207",56.008072,37.851107,-0.03303092752
2216,7983,5478,"D. 12, PR-KT KOMENDANTSKI SANKT-PETERB","Комендантская площадь, 8, Санкт-Петербург, Россия, 197227",60.005967,30.259238,-0.07614006033
2217,7984,5478,"D. 2, UL. VYSOTNAYA       KRASNOYARSK ","Высотная улица, 2, Красноярск, Россия, 660062",56.024783,92.784506,0.06475641838
2218,7986,5478,"D. 72, PR-KT KARLA MARKSA OMSK G      ","проспект Карла Маркса, 72, Омск, Россия, 644020",54.943364,73.383636,0.003583660326
2219,8004,5478,"D. 39, PR-KT POBEDY       VOLOGDA G   ","проспект Победы, 39, Вологда, Россия, 160001",59.223052,39.877689,-0.06038708061
2220,8005,5478,"D. 39, PR-KT POBEDY       VOLOGDA G   ","проспект Победы, 39, Вологда, Россия, 160001",59.223052,39.877689,-0.06884630291
2221,8016,5478,"D. 35A, PR-KT SLAVY       BELGOROD G  ","проспект Славы, 35А, Белгород, Россия, 308000",50.596712,36.592172,-0.0855528003
2222,8018,5478,"D. 56, UL. PROFSOUZNAYA   MOSKVA G    ","Профсоюзная улица, 56, Москва, Россия, 117393",55.670021,37.55248,-0.007888891525
2223,8028,5478,"D. 6, LIT. I, PL. LENINA  SANKT-PETERB","площадь Ленина, 6, Санкт-Петербург, Россия",59.955728,30.356526,-0.05880713032
2224,8029,5478,"D. 14A, UL. CHEHOVA       PUSHKINO G  ","улица Чехова, 14, Пушкино, Московская область, Россия, 141207",56.008072,37.851107,0.01895646226
2225,8073,5478,"19, SH. PETROPAVLOVSKOE   PETROPAVLOVS","Петропавловское шоссе, 19, Петропавловск-Камчатский, Камчатский край, Россия",52.976878,158.692021,-0.03391512882
2226,8080,5478,"D. 14, UL. OKTYABR'SKAYA  NOVOALTAYSK ","Октябрьская улица, 14, Новоалтайск, Алтайский край, Россия, 658087",53.390176,83.935113,-0.0586451222
2227,8081,5478,"D. 14, UL. OKTYABR'SKAYA  NOVOALTAYSK ","Октябрьская улица, 14, Новоалтайск, Алтайский край, Россия, 658087",53.390176,83.935113,-0.06522764612
2228,8083,5478,"D. 38, UL. KARLA MARKSA   KIROV G     ","улица Карла Маркса, 38, Киров, Россия, 610020",58.609385,49.668166,-0.000378411325
2229,8090,5478,"D. 15, UL. CHEREMUHOVAYA  VLADIVOSTOK ","Черёмуховая улица, 15, Владивосток, Приморский край, Россия, 690021",43.100365,131.903451,0.0802689355
2230,8092,5478,"D. 13, SH. OKRUZHNOE      ARKHANGELSK ","Окружное шоссе, 13, Архангельск, Россия, 163045",64.558646,40.57824,-0.0677401912
2231,8094,5478,D. 20                     TSOVB MKR,"микрорайон ЦОВБ, 20, Балашиха, Московская область, Россия",55.784496,37.877949,-0.1046854456
2232,8107,5478,"D. 40, UL. GOGOLYA        SARAPUL G   ","улица Гоголя, 40, Центральный район, Сарапул, Удмуртская Республика, Россия, 427970",56.472546,53.800803,-0.03359599323
2233,8108,5478,"D. 40, UL. GOGOLYA        SARAPUL G   ","улица Гоголя, 40, Центральный район, Сарапул, Удмуртская Республика, Россия, 427970",56.472546,53.800803,-0.01482592693
2234,8114,5478,"D. 2, UL. NEKRASOVA       CHEREMKHOVO ","улица Некрасова, 2, Черемхово, Иркутская область, Россия, 665413",53.14126,103.084491,-0.06550370183
2235,8115,5478,"D. 2, UL. NEKRASOVA       CHEREMKHOVO ","улица Некрасова, 2, Черемхово, Иркутская область, Россия, 665413",53.14126,103.084491,-0.06051648644
2236,8122,5478,"D. 20, UL. DOSTOEVSKOGO   KALUGA G    ","улица Достоевского, 20, Калуга, Россия, 248000",54.511891,36.251747,-0.01311420201
2237,8123,5478,"D. 20, UL. DOSTOEVSKOGO   KALUGA G    ","улица Достоевского, 20, Калуга, Россия, 248000",54.511891,36.251747,-0.05554112582
2238,8124,5478,"D. 20, UL. DOSTOEVSKOGO   KALUGA G    ","улица Достоевского, 20, Калуга, Россия, 248000",54.511891,36.251747,-0.05657656756
2239,8130,5478,"D. 30B, PR-KT LENINA      MAGADAN G   ","проспект Ленина, 30, Магадан, Россия, 685000",59.56154,150.799477,-0.01576625786
2240,8131,5478,"D. 30B, PR-KT LENINA      MAGADAN G   ","проспект Ленина, 30, Магадан, Россия, 685000",59.56154,150.799477,-0.02327657111
2241,8132,5478,"D. 30B, PR-KT LENINA      MAGADAN G   ","проспект Ленина, 30, Магадан, Россия, 685000",59.56154,150.799477,-0.04350898064
2242,8133,5478,"D. 30B, PR-KT LENINA      MAGADAN G   ","проспект Ленина, 30, Магадан, Россия, 685000",59.56154,150.799477,-0.0003112043395
2243,8136,5478,"D. 47 B, PL. VYSTAVOCHNAY SVETLOGRAD G","Выставочная площадь, 47, Светлоград, Петровский городской округ, Ставропольский край, Россия, 356537",45.327059,42.855209,-0.1067365339
2244,8140,5478,"D. 37A, UL. OKTYABR'SKAYA KIMOVSK G   ","Октябрьская улица, 37А, Кимовск, Тульская область, Россия, 301720",53.974056,38.527665,-0.09212615838
2245,8150,5478,"D. 17, UL. VISHNEVAYA 1-Y KURSK G     ","1-я Вишнёвая улица, 17, Курск, Россия, 305022",51.746061,36.260443,-0.01067256557
2246,8167,5478,"D. 1, UL. LENINGRADSKAYA  KHIMKI G    ","Ленинградская улица, 1, Химки, Московская область, Россия, 141402",55.883454,37.444566,-0.03847147525
2247,8168,5478,"D. 3, LIT. A, UL. KOLLONT SANKT-PETERB",,,,-0.01823137206
2248,8180,5478,"D. 1A, UL. PASSAZHIRSKAYA RYBINSK G   ","Пассажирская улица, 1А, Рыбинск, Ярославская область, Россия, 152935",58.042052,38.830397,-0.1440898042
2249,8182,5478,"D. 23 B, B-R POBEDY       VORONEZH G  ","бульвар Победы, 23, Воронеж, Россия, 394077",51.710588,39.164768,-0.003244330293
2250,8188,5478,"D. 125, PR-KT OKTYABR'SKI LYUBERTSY G ","Октябрьский проспект, 125, Люберцы, Московская область, Россия",55.682651,37.886465,-0.007579082407
2251,8189,5478,"D. 380D, PR-KT OKTYABR'SK LYUBERTSY G ","Октябрьский проспект, 380Г, Люберцы, Московская область, Россия, 140006",55.66114,37.911223,0.0235267814
2252,8190,5478,"D. 380D, PR-KT OKTYABR'SK LYUBERTSY G ","Октябрьский проспект, 380Г, Люберцы, Московская область, Россия, 140006",55.66114,37.911223,0.01590104088
2253,8195,5478,"18A, SH. ANAPSKOE         NOVOROSSIYSK","Анапское шоссе, 18А, Новороссийск, Краснодарский край, Россия",44.728196,37.75779,-0.02532970443
2254,8196,5478,"18A, SH. ANAPSKOE         NOVOROSSIYSK","Анапское шоссе, 18А, Новороссийск, Краснодарский край, Россия",44.728196,37.75779,-0.03198492181
2255,8205,5478,"D. 8, PR-KT ANDROPOVA     MOSKVA G    ","проспект Андропова, 8, Москва, Россия, 115432",55.695875,37.664905,-0.02016520379
2256,8206,5478,"D. 87_91, PR-KT LENINSKII KALININGRAD ","Ленинский проспект, 87, Калининград, Россия, 236039",54.703806,20.507002,0.02792939399
2257,8207,5478,"D. 8, PR-KT ANDROPOVA     MOSKVA G    ","проспект Андропова, 8, Москва, Россия, 115432",55.695875,37.664905,-0.002386093247
2258,8210,5478,"D. 12, PR-KT KOMENDANTSKI SANKT-PETERB","Комендантская площадь, 8, Санкт-Петербург, Россия, 197227",60.005967,30.259238,-0.072112638
2259,8223,5478,"D. 2, UL. SALUTNAYA       CHELYABINSK ","Салютная улица, 2, Челябинск, Россия, 454071",55.171766,61.456965,-0.09239254364
2260,8227,5478,"D. 2, UL. SALUTNAYA       CHELYABINSK ","Салютная улица, 2, Челябинск, Россия, 454071",55.171766,61.456965,-0.0214019194
2261,8228,5478,"D. 2, UL. SALUTNAYA       CHELYABINSK ","Салютная улица, 2, Челябинск, Россия, 454071",55.171766,61.456965,-0.02689250245
2262,8231,5478,"D. 99, UL. ASTRAHANSKAYA  ANAPA G     ","Астраханская улица, 99, Анапа, Краснодарский край, Россия",44.880085,37.339149,-0.009563521802
2263,8233,5478,"D. 115, UL. BUTINA        CHITA G     ","улица Бутина, 115, Чита, Забайкальский край, Россия, 672012",52.044892,113.510104,-0.051292778
2264,8236,5478,"D. 6, UL. OSTUZHEVA       VORONEZH G  ","улица Остужева, 6, Воронеж, Россия, 394042",51.68559,39.260519,-0.02375597114
2265,8255,5478,"D. 6, UL. OSTUZHEVA       VORONEZH G  ","улица Остужева, 6, Воронеж, Россия, 394042",51.68559,39.260519,-0.03952522581
2266,8272,5478,"D. 3/5, UL. SERGEEVA      IRKUTSK G   ","улица Сергеева, 3/5, Иркутск, Россия, 664043",52.26569,104.227022,0.03201573915
2267,8276,5478,"D. 78, UL. RABOCHEGO SHTA IRKUTSK G   ",,,,-0.03607670914
2268,8279,5478,"D. 170/1, UL. SOVETSKAYA  IRKUTSK G   ","Советская улица, 170/1, Иркутск, Россия, 664009",52.279274,104.332242,-0.004060206901
2269,8287,5478,"D. 39, UL. RADISHEVA      ULYANOVSK G ","улица Радищева, 39, Ульяновск, Россия, 432071",54.327199,48.401362,-0.01597322566
2270,8290,5478,"D. 22/47, UL. KALININA    NOVOMOSKOVSK","улица Калинина, 22, Новомосковск, Тульская область, Россия",54.011967,38.305646,-0.01139162872
2271,8294,5478,"D. 5/2, UL. ZIPOVSKAYA    KRASNODAR G ","Зиповская улица, 5/2, микрорайон Завод Измерительных Приборов, Краснодар, Россия, 350010",45.062178,38.9946,-0.05077818587
2272,8302,5478,"D. 1, UL. KOMSOMOL'SKAYA  PODOLSK G   ",,,,-0.05550650165
2273,8307,5478,"D. 14/20, UL. ZAVODSKAYA  PLEKHANOVO R","деревня Плеханово, Гагаринский район, Смоленская область, Россия",55.617139,34.982472,-0.1092978069
2274,8316,5478,"D. 24, UL. TRNAVSKAYA     BALAKOVO G  ","Трнавская улица, 24, Балаково, Саратовская область, Россия, 413863",52.022697,47.829432,0.02286697478
2275,8319,5478,"D. 83B, PR-KT LENINA      TULA G      ","проспект Ленина, 83, Тула, Россия, 300012",54.17808,37.601798,0.02395603303
2276,8323,5478,"D. 9, UL. ZHILINA         TOLYATTI G  ","улица Жилина, 9, Тольятти, Самарская область, Россия, 445011",53.510433,49.410646,0.007980218407
2277,8328,5478,"D. 11G, UL. LAZAREVA      SOCHI G     ","улица Лазарева, 11, микрорайон Лазаревское, Сочи, Краснодарский край, Россия",43.914123,39.322566,-0.05808203003
2278,8340,5478,"D. 2, UL. VYSOTNAYA       KRASNOYARSK ","Высотная улица, 2, Красноярск, Россия, 660062",56.024783,92.784506,-0.02395954915
2279,8345,5478,"D. 35A, PR-KT SLAVY       BELGOROD G  ","проспект Славы, 35А, Белгород, Россия, 308000",50.596712,36.592172,-0.0509047737
2280,8346,5478,"D. 56, PR-KT METALLURGOV  SAMARA G    ","проспект Металлургов, 56, Самара, Россия, 443034",53.231813,50.272427,-0.07258134023
2281,8347,5478,"D. 56, UL. PROFSOUZNAYA   MOSKVA G    ","Профсоюзная улица, 56, Москва, Россия, 117393",55.670021,37.55248,0.03907479598
2282,8360,5478,"D. 22, UL. NEKRASOVA      USSURIYSK G ","улица Некрасова, 22, Уссурийск, Приморский край, Россия, 692519",43.788911,131.953891,0.02037193121
2283,8364,5478,"D. 22, UL. NEKRASOVA      USSURIYSK G ","улица Некрасова, 22, Уссурийск, Приморский край, Россия, 692519",43.788911,131.953891,0.01852387508
2284,8365,5478,"D. 22, UL. NEKRASOVA      USSURIYSK G ","улица Некрасова, 22, Уссурийск, Приморский край, Россия, 692519",43.788911,131.953891,0.02796564267
2285,8372,5478,"D. 115, UL. BUTINA        CHITA G     ","улица Бутина, 115, Чита, Забайкальский край, Россия, 672012",52.044892,113.510104,0.000827629195
2286,8377,5478,"D. 8/12 STR.3, UL. SADOVA MOSKVA G    ","улица Седова, 3, Москва, Россия, 129323",55.851136,37.643138,-0.02262451989
2287,3002,8083,"LENINSKAYA, 64         Slavyanka      ","Ленинская улица, 64А, посёлок городского типа Славянка, Хасанский район, Приморский край, Россия, 692701",42.864763,131.382581,0.1974683591
2288,3005,8083,"Akademika ZHuk, 34     Balakovo       ","улица Академика Жук, 34, Балаково, Саратовская область, Россия, 413853",52.022076,47.783276,0.07538839559
2289,3008,8083,"VOROSHILOVA, 3         Klintsy        ","улица Ворошилова, 3, Клинцы, Брянская область, Россия, 243146",52.754817,32.255924,0.1967909427
2290,3023,8083,"INDUSTRIALNAYA,12 A    Partizansk     ","Индустриальная улица, 12А, Партизанск, Приморский край, Россия, 692860",43.065545,133.119195,0.03652263089
2291,3032,8083,"MIRA, 35               Krasnodar      ","улица Мира, 35, микрорайон Центральный, Краснодар, Россия",45.021061,38.969761,0.1889626788
2292,3033,8083,"YAMASHEVA, 82          Kazan          ","проспект Ямашева, 82, Казань, Республика Татарстан, Россия, 420126",55.82759,49.145536,0.1932400653
2293,3055,8083,"VATUTINA, 23           Novosibirsk    ","улица Ватутина, 23, Новосибирск, Россия, 630073",54.984615,82.89463,0.1950684071
2294,3057,8083,"LENINA, 24             CHita          ","улица Ленина, 24, Чита, Забайкальский край, Россия, 672039",52.026111,113.520516,0.1490927844
2295,3059,8083,"KOTELNIKOVA, 1         Solontsy       ","проспект Котельникова, 1, посёлок Солонцы, Емельяновский район, Красноярский край, Россия, 660015",56.06266,92.841037,0.1647033787
2296,3061,8083,"CHERNYSHEVSKOGO, 71    Krasnoyarsk    ","улица Чернышевского, 71, Красноярск, Россия, 660043",56.035733,92.871113,0.2038992852
2297,3073,8083,"Ochakovskoye sh, 18/3  Moskva         ","Очаковское шоссе, 18с3, Москва, Россия, 119530",55.692115,37.450064,0.1692120769
2298,3081,8083,"SAFIULLINA, 16         Kazan          ","улица Сафиуллина, 16, Казань, Республика Татарстан, Россия, 420110",55.751492,49.22112,0.1757794202
2299,3098,8083,"YUSHKOVA, 1            NOVOSELOVO     ","улица Юшкова, 1, село Новосёлово, Новосёловский район, Красноярский край, Россия, 662430",54.998953,90.976162,0.1680040961
2300,3109,8083,"KIROVA,148             Artem          ","улица Кирова, 148, Артём, Приморский край, Россия, 692751",43.377283,132.237831,0.1701332369
2301,3110,8083,"Proezd Bagrationovskij,Moscow         ",,,,0.09334826078
2302,3116,8083,"Repina, 94             YEkaterinburg  ","улица Репина, 94, Екатеринбург, Свердловская область, Россия, 620043",56.817178,60.538536,0.1263264649
2303,3118,8083,"KARLA MARKSA, 63       Magadan        ","проспект Карла Маркса, 63, Магадан, Россия, 685030",59.556876,150.818782,0.1083870837
2304,3119,8083,"Leningradskaya, 26     Magnitogorsk   ","Ленинградская улица, 26, Магнитогорск, Челябинская область, Россия, 455000",53.418166,58.9811,0.06586133664
2305,3122,8083,"PAVLOVA, 12            Norilsk        ","улица Павлова, 12, Норильск, Красноярский край, Россия",69.348833,88.215378,0.2064717608
2306,3129,8083,"ZEMLYANOY VAL, 23.1    Moskva         ","улица Земляной Вал, 23с1, Москва, Россия, 105064",55.760231,37.658976,0.2103378311
2307,3130,8083,"ZEMLYANOY VAL, 23.1    Moskva         ","улица Земляной Вал, 23с1, Москва, Россия, 105064",55.760231,37.658976,0.1938750767
2308,3133,8083,"RESPUBLIKI, 173        Tyumen         ","улица Республики, 173, Тюмень, Россия, 625023",57.131458,65.583511,0.04995818528
2309,3142,8083,"Stroitelnaya, 1        Norilsk        ","Строительная улица, 1, Норильск, Красноярский край, Россия, 663340",69.346706,87.761073,0.169484875
2310,3154,8083,"TERRITORIY, STR22      Domodedovo     ","аэропорт Домодедово, 22/1, городской округ Домодедово, Московская область, Россия",55.427407,37.87829,0.1558684378
2311,3165,8083,"Poymennaya,1           Rostov-na-Donu ","Пойменная улица, 1, микрорайон Заречная, Ростов-на-Дону, Россия, 344002",47.203997,39.723735,0.009858616172
2312,3167,8083,"Stroiteley pr, 40      Penza          ","проспект Строителей, 40, Пенза, Россия, 440066",53.221716,44.92667,0.1570200323
2313,3169,8083,"PRIVOKZALNAYA PL,10    Yakutsk        ","площадь Валерия Кузьмина, 10, Якутск, Республика Саха (Якутия), Россия, 677014",62.086611,129.750288,0.1298192685
2314,3171,8083,"ZONA VUZOV, 4          Tobolsk        ","микрорайон Зона ВУЗов, 4, Тобольск, Тюменская область, Россия",58.237347,68.279939,0.1452626198
2315,3175,8083,"FRUNZE, 32 A           Artem          ","деревня Артём, Любытинский район, Новгородская область, Россия",58.743851,33.502435,0.1719855664
2316,3183,8083,"PL.VYSTAVOCHNAYA,47    Svetlograd     ","Выставочная площадь, 47, Светлоград, Петровский городской округ, Ставропольский край, Россия, 356537",45.327059,42.855209,0.1552429143
2317,3185,8083,"Oktyabrskaya, 97       Volsk          ","Октябрьская улица, 97, Вольск, Саратовская область, Россия, 412906",52.039541,47.391575,0.1372683521
2318,3222,8083,"Paveletskaya pl, 2     Moskva         ","Павелецкая площадь, 2с1, Москва, Россия, 115054",55.730421,37.634793,0.2186083167
2319,3225,8083,"KORNEEVA, 1A           Domodedovo     ","улица Корнеева, 1А, Домодедово, Московская область, Россия",55.437618,37.77352,0.173976132
2320,3229,8083,"Rakhova, 168           Saratov        ","улица Рахова, 168, Саратов, Россия",51.541478,46.020342,0.0886120888
2321,3237,8083,"MALINOVSKOGO, 23d      Rostov-na-Donu ","улица Малиновского, 23, Ростов-на-Дону, Россия, 344090",47.226686,39.612686,0.1439896119
2322,3241,8083,"NANSENA, 69            Norilsk        ","улица Нансена, 69, Норильск, Красноярский край, Россия, 663319",69.359729,88.168208,0.1575302881
2323,3247,8083,"LENINA PR.T, 34        Murmansk       ","проспект Ленина, 34, Мурманск, Россия, 183038",68.956985,33.067489,0.1181450474
2324,3252,8083,"SVETLYY, 34            Tomsk          ","Светлая улица, поселок Родионово, Томск, Россия",56.461611,85.134669,0.1144865225
2325,3259,8083,"Biryusinka,4-19        Moskva         ","улица Бирюсинка, 4с19, Москва, Россия, 107497",55.8169,37.776305,0.08192691314
2326,3273,8083,"KIROVA, 15             KHor           ","улица Кирова, 15, рабочий посёлок Хор, район им. Лазо, Хабаровский край, Россия, 682920",47.885592,134.961981,0.117629156
2327,3298,8083,"PR.T MIRA, 85          YUzhno-Sakhalin","проспект Мира, 85, Южно-Сахалинск, Сахалинская область, Россия, 693010",46.965926,142.739981,0.128681638
2328,3307,8083,"LUNACHARSKOGO, 10      Rybinsk        ","улица Луначарского, 10, Центральный микрорайон, Центральный район, Рыбинск, Ярославская область, Россия, 152934",58.051483,38.836425,0.09116502471
2329,3312,8083,"30-letiya Pobedy b-r, 1Volgograd      ","бульвар 30-летия Победы, 5, микрорайон Семь Ветров, Волгоград, Россия",48.741521,44.504417,0.1888379076
2330,3319,8083,"LENINA, 17 A           Mukhen         ","улица Ленина, 17, посёлок Толстопальцево, Москва, Россия, 143350",55.613982,37.203054,0.1569286252
2331,3320,8083,"OLIMPIYSKAYA, 35       Esto-Sadok     ","Олимпийская улица, 35, село Эстосадок, городской округ Сочи, Краснодарский край, Россия, 354392",43.671371,40.297543,0.116438473
2332,3331,8083,"PR.GUBER.A.GUZHVINA,10 Astrakhan      ","улица Гужвина, 10, поселок Советский, Астрахань, Россия, 414019",46.265456,47.970234,0.2186083167
2333,3334,8083,"SMIRNOVA, 1J           Tomsk          ","улица Смирнова, 1, Томск, Россия, 634059",56.518101,84.995619,0.1191239954
2334,3337,8083,"DORZHIEVA, 21          Mukhorshibir   ","улица Доржиева, 21, село Мухоршибирь, Республика Бурятия, Россия",51.047909,107.821927,0.07913250353
2335,3338,8083,"SIDORENKO, 1           Nakhodka       ","улица Сидоренко, 1, Находка, Приморский край, Россия, 692905",42.848108,132.889595,0.105927457
2336,3343,8083,"Sedina, 204            Krasnodar      ","улица Митрофана Седина, 204, микрорайон Центральный, Краснодар, Россия, 350015",45.041999,38.983389,0.1128439732
2337,3349,8083,"GILYAROVSKOGO, 42      Moskva         ","улица Гиляровского, 42, Москва, Россия, 129110",55.783554,37.632871,0.2186083167
2338,3356,8083,"MKRN.INTERNATSOIN, 7A  Sayanogorsk    ",,,,0.1558465555
2339,3358,8083,"URALSKAYA, 79,2        Krasnodar      ","Уральская улица, 79/2, Краснодар, Россия, 350059",45.034636,39.052487,0.1151201565
2340,3361,8083,KIROVA PR. 15A.1       Kolomna,,,,0.1486158107
2341,3372,8083,"OLIMPIYSKAYA, 35       Esto-Sadok     ","Олимпийская улица, 35, село Эстосадок, городской округ Сочи, Краснодарский край, Россия, 354392",43.671371,40.297543,0.1635023925
2342,3381,8083,"LENINA PL., 4          Engels         ","площадь Ленина, 4, Энгельс, Саратовская область, Россия, 413100",51.50258,46.118384,0.1395790928
2343,3382,8083,"PR. ENTUZIASTOV, 57    Saratov        ","проспект Энтузиастов, 57, Саратов, Россия, 410039",51.486263,45.931031,0.14014628
2344,3391,8083,"60 let SSSR pr, 5      Krasnoyarsk    ","проспект 60 лет Образования СССР, 5, жилой район Солнечный, Красноярск, Россия, 660119",56.11719,92.932648,0.1815006175
2345,3393,8083,"SH Volkhonskoye,7/1    Sankt-Peterburg",,,,0.1860718759
2346,3395,8083,"PRECHISTENKA, 40,2     Moskva         ","улица Пречистенка, 40/2с1, Москва, Россия, 119034",55.739052,37.586679,0.09803278717
2347,3399,8083,"VOSTRETSOVA, 8         KHabarovsk     ","улица Вострецова, 8/10, Хабаровск, Россия, 680030",48.478557,135.08311,0.1803461158
2348,3400,8083,Ploshchad Paveletskaya Moskva,,,,0.2186083167
2349,3416,8083,"POSTNIKOVA, 7          Fokino         ","улица Постникова, 7, Фокино, Приморский край, Россия, 692880",42.972421,132.407181,0.1402925586
2350,3428,8083,"B.St-Peterburgskaya,16 Velikiy Novgoro","Большая Санкт-Петербургская улица, 16, Великий Новгород, Новгородская область, Россия, 173001",58.530149,31.271164,0.180458296
2351,3434,8083,"SUVOROVA, 51           KHabarovsk     ","улица Суворова, 51, Хабаровск, Россия, 680051",48.392921,135.1127,0.1699282041
2352,3445,8083,"SOVETSKAYA, 7.1        Rostov-na-Donu ","Советская улица, 7/1, Ростов-на-Дону, Россия, 344019",47.230419,39.760881,0.1748693147
2353,3455,8083,"Lenina pr, 34          Murmansk       ","проспект Ленина, 34, Мурманск, Россия, 183038",68.956985,33.067489,0.1850477525
2354,3460,8083,"DREGISA, 1             Volno-Nadezhdin","улица Рихарда Дрегиса, 1, село Вольно-Надеждинское, Надеждинский район, Приморский край, Россия",43.370285,131.99251,0.1904005564
2355,3461,8083,"PROLETARSKIY PR., 9    SHCHelkovo     ","Пролетарский проспект, 9, Щёлково, Московская область, Россия, 141100",55.919932,37.996823,0.09444927608
2356,3482,8083,"OYUNA KURSEDI, 159A    Kyzyl          ","улица Оюна Курседи, 159А, Кызыл, Республика Тыва, Россия",51.709544,94.424237,0.1188767216
2357,3486,8083,"BOGDAN KHMELNITSKOG,111BELGOROD       ","проспект Богдана Хмельницкого, 111, Белгород, Россия",50.606471,36.579291,0.06187609295
2358,3492,8083,"LENINA, 125            Krasnoyarsk    ","улица Ленина, 125, Красноярск, Россия, 660009",56.012164,92.851754,0.1158406296
2359,3504,8083,V.CH.40689             Mongokhto,"СНТ Волга в/ч 63778, Казань, Республика Татарстан, Россия",55.803914,48.997314,0.08514640495
2360,3506,8083,"GER. TIKHOOKEAN., 5A   Vladivostok    ",,,,0.1209554868
2361,3510,8083,"OKATOVAYA,28           Vladivostok    ","Окатовая улица, 28, Владивосток, Приморский край, Россия, 690035",43.093373,131.917725,0.1806985607
2362,3522,8083,"Marshala Poluboyarova, Moskva         ",,,,0.09262446308
2363,3533,8083,"NANSENA, 69            Norilsk        ","улица Нансена, 69, Норильск, Красноярский край, Россия, 663319",69.359729,88.168208,0.2186083167
2364,3534,8083,"SEDOVA, 38.2           Irkutsk        ","улица Седова, 38, Иркутск, Россия, 664022",52.273395,104.291898,0.2186083167
2365,3544,8083,"Turgeneva, 135/1       Krasnodar      ","улица Тургенева, 135/1, Фестивальный микрорайон, Краснодар, Россия, 350049",45.056047,38.960347,0.1574202819
2366,3546,8083,"CHERNOMORSKAYA, 6      Birobidzhan    ","Черноморская улица, 6, поселок Швейный, Биробиджан, Еврейская автономная область, Россия, 679011",48.803991,132.919455,0.1337563657
2367,3550,8083,"KUZNETSOVA, 21         YEkaterinburg  ","улица Кузнецова, 21, Орджоникидзевский район, Екатеринбург, Свердловская область, Россия, 620012",56.892635,60.612485,0.1749702324
2368,3556,8083,"Lenina, 42             Kyzyl          ","улица Ленина, 42, Кызыл, Республика Тыва, Россия, 667000",51.720325,94.43322,0.2057011557
2369,3560,8083,"SUKHOVA, 55B           Ussuriysk      ",,,,0.1009037662
2370,3565,8083,"KUYBYSHEVSKIY PR.D,2   Rasskazovo     ","Куйбышевский проезд, 2, Рассказово, Тамбовская область, Россия",52.654487,41.876162,0.1522282716
2371,3568,8083,"PERVOMAYSKAYA, 95      Borisoglebsk   ","Первомайская улица, 95, Борисоглебск, Воронежская область, Россия, 397164",51.359217,42.107685,0.07716962358
2372,3575,8083,"STEPANA RAZINA, 19     Tolyatti       ","проспект Степана Разина, 19, Тольятти, Самарская область, Россия, 445042",53.529819,49.298689,0.1497526473
2373,3576,8083,"Mashi Poryvayevoy, 34  Moskva         ","улица Маши Порываевой, 34, Москва, Россия, 107078",55.772168,37.648456,0.2186083167
2374,3578,8083,"Izmajlovskaya pl., 1   Moskva         ","Измайловская площадь, 1, Москва, Россия, 105037",55.792022,37.775137,0.1743890051
2375,3584,8083,"Lyskina,Vladeniye 1    Vorsino s.     ","улица Лыскина, вл1, село Ворсино, Боровский район, Калужская область, Россия",55.223027,36.664325,0.1320815125
2376,3588,8083,"INDUSTRIALNAYA, 6      Vsevolozhsk    ","Индустриальная улица, 6, Всеволожск, Ленинградская область, Россия",59.996493,30.785094,0.1947067149
2377,3597,8083,"Ozerkovskaya nab,28s2  Moskva         ","Озерковская набережная, 28с1, Москва, Россия, 115184",55.738875,37.638305,0.1729589834
2378,3604,8083,"SHEREMETEVSKAYA,  60 A Moskva         ","Шереметьевская улица, 60А, Москва, Россия",55.802437,37.616791,0.1566344743
2379,3620,8083,"Mashi Poryvayevoy, 34  Moskva         ","улица Маши Порываевой, 34, Москва, Россия, 107078",55.772168,37.648456,0.2186083167
2380,3633,8083,"TAGANSKAYA, 29 STR 1   Moskva         ","Таганская улица, 29с1, Москва, Россия, 109147",55.73964,37.667528,0.2026426445
2381,3642,8083,"LENINGRADSKIY PR., 12  Moskva         ","Ленинградский проспект, 12, Москва, Россия, 125040",55.780162,37.578855,0.2036169508
2382,3647,8083,"Spasskaya B.,25/1      Moskva         ","Большая Спасская улица, 25с1, Москва, Россия, 129090",55.775575,37.641432,0.1567099324
2383,3656,8083,"MICHURINA, 17          ZHukovskiy     ","улица Мичурина, 17, Жуковский, Московская область, Россия",55.611384,38.110676,0.1449377253
2384,3658,8083,"LENINA PR., 113        Nizhniy Novgoro","проспект Ленина, 113, Нижний Новгород, Россия, 603004",56.249802,43.876476,0.1639610676
2385,3669,8083,"SAD. KUDRINSKAYA,32,1  Moskva         ","Садовая-Кудринская улица, 32с1, Москва, Россия, 123001",55.765412,37.590901,0.2147312287
2386,3671,8083,"GAGARINA PL.,6,87      Rostov-na-Donu ","площадь Гагарина, 6/87, Ростов-на-Дону, Россия, 344000",47.235546,39.715121,0.1615492848
2387,3677,8083,"INDUSTRIALNAYA, 6      Vsevolozhsk    ","Индустриальная улица, 6, Всеволожск, Ленинградская область, Россия",59.996493,30.785094,0.1832287557
2388,3681,8083,"REVOLYUTSII SH., 41    Sankt-Peterburg","шоссе Революции, 41/39, Санкт-Петербург, Россия, 195248",59.959683,30.439773,0.1688924302
2389,3698,8083,"1Y POKROVSKIY PR.,5    Kotelniki      ","1-й Покровский проезд, 5, Котельники, Московская область, Россия, 140055",55.653294,37.844208,0.1555711055
2390,3711,8083,"PULKOVSKOE SH., 25     Sankt-Peterburg","Пулковское шоссе, 25к1, Санкт-Петербург, Россия, 196240",59.819807,30.317252,0.1246808018
2391,3712,8083,"PULKOVSKOE SH., 25     Sankt-Peterburg","Пулковское шоссе, 25к1, Санкт-Петербург, Россия, 196240",59.819807,30.317252,0.09382736231
2392,3718,8083,"AKSAYSKIY PR.T, 23     Aksay          ","Аксайский проспект, 23, Аксай, Ростовская область, Россия, 346720",47.290051,39.846535,0.1339229851
2393,3725,8083,"BOLSHEVIKOV, 10A       Sankt-Peterburg","проспект Большевиков, 10к1, Санкт-Петербург, Россия, 193168",59.912003,30.480125,0.1918384627
2394,3729,8083,"SH.PETERGOFSKOE, 98    Sankt-Peterburg","Петергофское шоссе, 98, Санкт-Петербург, Россия, 198206",59.851837,30.093733,0.1407816799
2395,3730,8083,"PL. KONSTITUTSII,7     Sankt-Peterburg","площадь Конституции, 7, Санкт-Петербург, Россия, 196191",59.850988,30.308259,0.1090989142
2396,3745,8083,24 KM MKAD             Moskva,"МКАД, 24-й километр, Москва, Россия",55.593995,37.734946,0.1402598188
2397,3756,8083,"PR. YUZHNOPORT 2,18.9  Moskva         ",,,,0.2088899646
2398,3757,8083,"KASHIRSKOE SH., 70.4   Domodedovo     ","Каширское шоссе, 70, Домодедово, Московская область, Россия",55.43227,37.7668,0.2186083167
2399,3760,8083,"KASHIRSKOE SH., 70.4   Domodedovo     ","Каширское шоссе, 70, Домодедово, Московская область, Россия",55.43227,37.7668,0.2186083167
2400,3766,8083,"MICHURINA, 17          ZHukovskiy     ","улица Мичурина, 17, Жуковский, Московская область, Россия",55.611384,38.110676,0.1053304928
2401,3785,8083,"Dolgorukovskaya,40     Moskva         ","Долгоруковская улица, 40, Москва, Россия, 127006",55.778137,37.6024,0.1994383132
2402,3793,8083,"KHORINSKAYA, 1         Ulan-Ude       ","Хоринская улица, 1, Улан-Удэ, Республика Бурятия, Россия, 670009",51.857615,107.737701,0.1132168017
2403,3804,8083,"Krasnaya, 60           Krasnodar      ","Красная улица, 60, микрорайон Центральный, Краснодар, Россия",45.026094,38.971342,0.1099829534
2404,3824,8083,"STROITELNAYA,14        Nizhniy Kuranak","Строительная улица, 14, посёлок Нижний Куранах, Алданский муниципальный район, Республика Саха (Якутия), Россия, 678940",58.81784,125.535887,0.1881863938
2405,3830,8083,"Dolgorukovskaya,40     Moskva         ","Долгоруковская улица, 40, Москва, Россия, 127006",55.778137,37.6024,0.1431502868
2406,3834,8083,"INTERNATSIONALNAYA, 43 Omsk           ","Интернациональная улица, 43, Омск, Россия, 644043",54.992467,73.373449,0.2186083167
2407,3839,8083,"TRANSPORTNIY, 1        Krasnoyarsk    ","Транспортный проезд, 1, Красноярск, Россия, 660123",56.017613,92.998916,0.1972048062
2408,3858,8083,"10 LET OKTYABRYA, 53   Izhevsk        ","улица 10 лет Октября, 53, Ижевск, Удмуртская Республика, Россия, 426011",56.872595,53.227103,0.1516575892
2409,3859,8083,"BR YANA RAYNISA, 4,1   Moskva         ","бульвар Яна Райниса, 4к1, Москва, Россия, 125480",55.850712,37.430777,0.2140492887
2410,3863,8083,"KUUSINENA, 1           Moskva         ","улица Куусинена, 1, Москва, Россия, 123308",55.77838,37.51644,0.2176974446
2411,3868,8083,"USOVA, 7               Tomsk          ","улица Усова, 7, Томск, Россия, 634034",56.463744,84.9547,0.1100169898
2412,3876,8083,Pr.50 Oktyabrya 27     Ulan-Ude,"проспект 50 лет Октября, 27, Улан-Удэ, Республика Бурятия, Россия",51.841776,107.603286,0.1711050802
2413,3885,8083,"MIRA PR, 27 B          Tomsk          ","проспект Мира, 27, Томск, Россия, 634059",56.51741,84.980788,0.1974859428
2414,3887,8083,"KUZNETSOVA, 21         YEkaterinburg  ","улица Кузнецова, 21, Орджоникидзевский район, Екатеринбург, Свердловская область, Россия, 620012",56.892635,60.612485,0.1417559165
2415,3896,8083,"CHAPAEVA, 5            Kirov          ","улица Чапаева, 5, Киров, Россия, 610035",58.591661,49.644487,0.1260109692
2416,3903,8083,"30-letiya Pobedy b-r, 1Volgograd      ","бульвар 30-летия Победы, 5, микрорайон Семь Ветров, Волгоград, Россия",48.741521,44.504417,0.1664217305
2417,3908,8083,"Tankistov, 20          Perm           ","улица Танкистов, 20, Пермь, Россия, 614095",57.98717,56.213453,0.09911292814
2418,3911,8083,"AKADEMIKA ZHUKA, 34    Balakovo       ","улица Академика Жук, 34, Балаково, Саратовская область, Россия, 413853",52.022076,47.783276,0.1507520245
2419,3924,8083,Nevskaya 3             Volgograd,"Невская улица, 3, Волгоград, Россия, 400087",48.713922,44.511963,0.09704789651
2420,3926,8083,"KOCHETOVA, 35          Kyzyl          ","улица Кочетова, 35, Кызыл, Республика Тыва, Россия, 667000",51.719622,94.445527,0.1927890867
2421,3942,8083,"CHERNYSHEVSKOGO, 104   Saratov        ","улица имени Н.Г. Чернышевского, 104, Саратов, Россия",51.519044,46.019623,0.1823297951
2422,3943,8083,"KARLA MARKSA, 15       Syzran         ","улица Карла Маркса, 13, Сызрань, Самарская область, Россия, 446001",53.148233,48.460723,0.1370040321
2423,3944,8083,"PR. LENINA, 62A        Nizhniy Novgoro","проспект Ленина, 62А, Нижний Новгород, Россия, 603073",56.274185,43.92035,0.1791142813
2424,3948,8083,"LENINA, 159            Blagoveshchensk","улица Ленина, 159, Благовещенск, Амурская область, Россия",50.2587,127.527973,0.1689447251
2425,3949,8083,"PR. 50 LET OKTYAB,70   Saratov        ","проспект имени 50 лет Октября, 70, Саратов, Россия, 410009",51.561919,45.994434,0.1441407737
2426,3953,8083,"BOLDYREVA, 6           Magadan        ","улица Болдырева, 6, Магадан, Россия",59.554597,150.814748,0.1721844201
2427,3956,8083,"LENINGRADSKAYA, 73     Karymskoye     ","Ленинградская улица, 73, поселок городского типа Карымское, Карымский район, Забайкальский край, Россия",51.624161,114.342025,0.1761730336
2428,3967,8083,"PR.MIRA, 26            Komsomolsk-na-A","проспект Мира, 26, Комсомольск-на-Амуре, Хабаровский край, Россия, 681000",50.545218,137.020461,0.2186083167
2429,3968,8083,"LENINGRADS.,37         KHabarovsk     ",,,,0.1890022414
2430,3971,8083,"GOGOLYA, 41            Vladivostok    ","улица Гоголя, 41, Владивосток, Приморский край, Россия, 690014",43.125499,131.905284,0.08928748739
2431,3978,8083,"MOSKOVSKAYA, 98        Kyzyl          ","Московская улица, 98, Кызыл, Республика Тыва, Россия",51.698554,94.40769,0.2186083167
2432,3984,8083,"SHakhraya, 87          Lebedyan       ","улица Шахрая, 87, Лебедянь, Липецкая область, Россия, 399610",53.019985,39.125736,0.1067217184
2433,3991,8083,"LENINA, 22             KOVROV         ","проспект Ленина, 22, Ковров, Владимирская область, Россия, 601900",56.362995,41.311714,0.1397794271
2434,3994,8083,"GORKOGO, 43            CHita          ","улица Горького, 43, Чита, Забайкальский край, Россия, 672000",52.038721,113.511757,0.1049892671
2435,4003,8083,"ZHERDEVA, 104          Ulan-Ude       ","улица Жердева, 104, Улан-Удэ, Республика Бурятия, Россия, 670033",51.810649,107.661623,0.1540164569
2436,4016,8083,"TRANSPORTNIY, 1        Krasnoyarsk    ","Транспортный проезд, 1, Красноярск, Россия, 660123",56.017613,92.998916,0.1637702554
2437,4023,8083,"Gagarina pl, 6/87      Rostov-na-Donu ","площадь Гагарина, 6/87, Ростов-на-Дону, Россия, 344000",47.235546,39.715121,0.2132757057
2438,4043,8083,"K.MARKSA, 21G          Bolshoy Kamen  ","улица Карла Маркса, 21, Большой Камень, Приморский край, Россия, 692801",43.110547,132.352492,0.2186083167
2439,4046,8083,"Dneprostroyevskaya, 11 Artem          ","Днепростроевская улица, 11, посёлок Артёмовский, Артём, Приморский край, Россия, 692775",43.368292,132.31593,0.1921260722
2440,4054,8083,"Kashirskoye sh., 26, k.Moskva         ","Каширское шоссе, 26, Москва, Россия, 115522",55.65335,37.646336,0.1177177735
2441,4067,8083,"SALYUTNAYA, 27         CHelyabinsk    ","Салютная улица, 27, Челябинск, Россия, 454071",55.169663,61.444065,0.1424397469
2442,4072,8083,"KOMSOMOLSKAYA,71       KHabarovsk     ","Комсомольская улица, 71, Хабаровск, Россия, 680000",48.472566,135.059817,0.1823601388
2443,4077,8083,"STEPNAYA, 50           Petropavlovsk-K","Степная улица, 50, Петропавловск-Камчатский, Камчатский край, Россия, 683032",53.010109,158.737224,0.1370158807
2444,4079,8083,"VAKHOVA, 2             KHabarovsk     ","улица Вахова, 2, Хабаровск, Россия",48.437036,135.104094,0.1660328232
2445,4083,8083,"SHATKOVSKOGO, 125      Svobodnyy      ","улица Шатковского, 125, Свободный, Амурская область, Россия",51.375889,128.134156,0.1994100823
2446,4096,8083,"STEPANA RAZINA, 19     Tolyatti       ","проспект Степана Разина, 19, Тольятти, Самарская область, Россия, 445042",53.529819,49.298689,0.1506404563
2447,4104,8083,"CIALKOVSKOGO,6         Krasnogorsk    ","улица Циолковского, 6, микрорайон Райцентр, Красногорск, Московская область, Россия",55.818194,37.324632,0.1602574444
2448,4112,8083,"PONFILOVCEV, 18A       Barnaul        ","улица Панфиловцев, 18А, Барнаул, Алтайский край, Россия, 656057",53.346962,83.675185,0.2186083167
2449,4118,8083,"BELINSKOGO, 58         Yakutsk        ","улица Белинского, 58, Якутск, Республика Саха (Якутия), Россия",62.021781,129.710547,0.1768264868
2450,4121,8083,"LENINA, 3              Neryungri      ","проспект Ленина, 3, Нерюнгри, Республика Саха (Якутия), Россия, 678960",56.663431,124.711862,0.1987519999
2451,4130,8083,"KOPYLOVA, 33           Komsomolsk-na-A","проспект Копылова, 33, Комсомольск-на-Амуре, Хабаровский край, Россия, 681014",50.586979,137.066132,0.1490309302
2452,4133,8083,"PAVLOVSKOGO, 11A       Novokuznetsk   ","улица Павловского, 11А, Новокузнецк, Кемеровская область, Россия, 654007",53.768544,87.127878,0.1852114745
2453,4134,8083,"RUSSKAYA, 68-B         VLADIVOSTOK    ","Русская улица, 68А, Владивосток, Приморский край, Россия, 690049",43.168562,131.922971,0.2041571856
2454,4145,8083,"MIRA, 15               Vilyuchinsk    ","улица Мира, 15, Вилючинск, Камчатский край, Россия",52.932604,158.406088,0.1565395549
2455,4147,8083,"SAFIULLINA, 16         Kazan          ","улица Сафиуллина, 16, Казань, Республика Татарстан, Россия, 420110",55.751492,49.22112,0.2003902877
2456,4156,8083,"Krasnykh Partizan,4/1  Krasnodar      ","улица Красных Партизан, 4/1, Краснодар, Россия, 350012",45.062865,38.918378,0.08725497113
2457,4157,8083,"SOVETSKAYA, 48         Bichura        ","Советская улица, 48, село Бичура, Бичурский район, Республика Бурятия, Россия",50.58981,107.596477,0.1069479285
2458,4161,8083,"LITVINOVA, 17          Irkutsk        ","улица Литвинова, 17, Иркутск, Россия, 664003",52.282013,104.294773,0.156240818
2459,4164,8083,"ZAPADNOE SH., 10       Amursk         ","Западное шоссе, 10, Амурск, Хабаровский край, Россия",50.229718,136.885687,0.1705493743
2460,4169,8083,"SEVERNOE SH,151        Komsomolsk-na-A","Северное шоссе, 146, Комсомольск-на-Амуре, Хабаровский край, Россия, 681034",50.610141,136.961263,0.03790194207
2461,4174,8083,"Geofizikov, 6          Krasnokamsk    ","улица Геофизиков, 6, Краснокамск, Пермский край, Россия, 617060",58.079971,55.758834,0.1032523856
2462,4179,8083,"DEMENTEVA, 6           Seryshevo      ","улица Дементьева, 6, посёлок городского типа Серышево, Серышевский район, Амурская область, Россия",51.093917,128.364017,0.1216099859
2463,4183,8083,"KASHIRSKAY, 23         Artem          ","Каширская улица, 23А, Артём, Приморский край, Россия, 692775",43.375435,132.301378,0.2021907437
2464,4187,8083,"KOMMUNISTICHESKAY, 34  Saransk        ","Коммунистическая улица, 34, Саранск, Республика Мордовия, Россия, 430005",54.183997,45.184657,0.168191076
2465,4188,8083,"TURGENEVSKOE S., 27    KRASHODAR      ",,,,0.1517085044
2466,4193,8083,"VESNY, 1               Krasnoyarsk    ","улица Весны, 1, микрорайон Взлётка, Советский район, Красноярск, Россия",56.034466,92.907836,0.2186083167
2467,4200,8083,"50 LET OKTYABRYA, 109  Tyumen         ","улица 50 лет Октября, 109, Тюмень, Россия",57.125239,65.618284,0.0573523598
2468,4201,8083,"Mira, 35               Krasnodar      ","улица Мира, 35, микрорайон Центральный, Краснодар, Россия",45.021061,38.969761,0.1416909768
2469,4214,8083,"KRISANOVA, 12A         Perm           ","улица Крисанова, 12А, Пермь, Россия, 614068",58.007675,56.213444,0.1188560421
2470,4215,8083,"BABUSHKINA, 104A       CHita          ","улица Бабушкина, 104, Чита, Забайкальский край, Россия, 672000",52.042693,113.493692,0.186463729
2471,4234,8083,"TIGROVAY, 19           Vladivostok    ","Тигровая улица, 19, Владивосток, Приморский край, Россия, 690091",43.115516,131.877831,0.2055828746
2472,4247,8083,"DZERZHINSKOGO, 19      Aldan          ","улица Дзержинского, 19, Алдан, Республика Саха (Якутия), Россия, 678900",58.610852,125.385257,0.1824912331
2473,4253,8083,Vedenyapina.1B         Nizhniy Novgoro,"улица Веденяпина, 1Б, Нижний Новгород, Россия, 603016",56.238962,43.867116,0.1026941726
2474,4254,8083,"LENINGRADSKIY, 255     Arkhangelsk    ","Ленинградский проспект, 255, Архангельск, Россия, 163057",64.510339,40.663894,0.09249827146
2475,4258,8083,"Vosstaniya, 58         Kazan          ","улица Восстания, 58, Казань, Республика Татарстан, Россия, 420039",55.833546,49.071694,0.1751704928
2476,4265,8083,"3 MKRN, 3V             Luchegorsk     ","3-й микрорайон, 3, посёлок городского типа Лучегорск, Пожарский район, Приморский край, Россия",46.444547,134.30101,0.2186083167
2477,4276,8083,"60 LET OKTYBRYA,12     CHelyabinsk    ","улица 60-летия Октября, 12, Челябинск, Россия",55.264727,61.397739,0.1525045899
2478,4281,8083,"LENINA, 87.1           Kyren          ","улица Ленина, 87, село Кырен, Тункинский район, Республика Бурятия, Россия",51.68176,102.132618,0.09808937815
2479,4290,8083,"KOLKHOZNAY, 2A         Kyzyl          ","Колхозная улица, 2А, Кызыл, Республика Тыва, Россия",51.704063,94.542608,0.1391177529
2480,4291,8083,"Novolipetskaya, 1B     YElets         ","Новолипецкая улица, 1, Елец, Липецкая область, Россия",52.620423,38.574431,0.1082214011
2481,4292,8083,"VEDENYAPINA, 1B        Nizhniy Novgoro","улица Веденяпина, 1Б, Нижний Новгород, Россия, 603016",56.238962,43.867116,0.1683272485
2482,4294,8083,"KRYMSKAY, 272          Anapa          ","Крымская улица, 272, Анапа, Краснодарский край, Россия, 353440",44.901094,37.33366,0.1831071607
2483,4306,8083,"MARSHALA RYBALKO, 40   Perm           ","улица Маршала Рыбалко, 40, Пермь, Россия, 614113",58.006054,55.954514,0.1116865861
2484,4313,8083,"OLKHOVSKAYA, 2         Perm           ","Ольховская улица, 2, Пермь, Россия, 614047",58.09501,56.373946,0.05545047063
2485,4316,8083,"KHutor Kopanskoy, 85   Krasnodar      ",,,,0.1214815009
2486,4319,8083,"50LETIYA OKTYBRY,1     Turuntayevo    ","улица 50 лет Октября, 1, село Турунтаево, Прибайкальский район, Республика Бурятия, Россия, 671260",52.202665,107.637871,0.1075633247
2487,4323,8083,"OKTYABRSKAYA, 42       Klintsy        ","Октябрьская улица, 42, Клинцы, Брянская область, Россия, 243140",52.753465,32.234104,0.1124915589
2488,4328,8083,Krestovaya 25          RYBINSK,"Крестовая улица, 25, Центральный микрорайон, Центральный район, Рыбинск, Ярославская область, Россия, 152901",58.048507,38.854606,0.1808996629
2489,4348,8083,"PR. PROSVESHCHEN,34A   Sankt-Peterburg","проспект Просвещения, 34, Санкт-Петербург, Россия, 194358",60.05362,30.334257,0.1642546835
2490,4350,8083,"Metallurgov, 87        YEkaterinburg  ","улица Металлургов, 87, Екатеринбург, Свердловская область, Россия, 620043",56.823631,60.505406,0.09920882731
2491,4357,8083,"Entuziastov, 20        Ufa            ","улица Энтузиастов, 20, Уфа, Республика Башкортостан, Россия, 450096",54.757285,56.035847,0.1668417559
2492,4362,8083,"Borovskoye 29-y km, 4/1Moskva         ","Боровское шоссе, 29-й километр, 4с1, поселение Внуковское, Москва, Россия",55.629399,37.308965,0.154730651
2493,4370,8083,"50 LET NLMK, 33        Lipetsk        ","улица 50 лет НЛМК, 33, Липецк, Россия, 398059",52.592543,39.591476,0.1558461967
2494,4375,8083,"KATUSHECHNAY,157       Kostroma       ","Катушечная улица, 155, Кострома, Россия, 156013",57.78484,40.9552,0.09544097111
2495,4382,8083,"ENGELSA, 171B          Kursk          ","улица Энгельса, 171, Курск, Россия, 305047",51.694016,36.155483,0.1110179726
2496,4399,8083,"OLODOGVARDEYTSEV,7     CHelyabinsk    ","улица Молодогвардейцев, 7, Челябинск, Россия, 454901",55.204793,61.327311,0.1394650414
2497,4400,8083,"4YY MKR., 58           Tobolsk        ","4-й микрорайон, 58, Тобольск, Тюменская область, Россия",58.219202,68.277594,0.1035986215
2498,4404,8083,"KALANDARISHVILI, 21    Yakutsk        ","улица Каландаришвили, 21, Якутск, Республика Саха (Якутия), Россия, 677013",62.022541,129.701393,0.1941639499
2499,4405,8083,Bagrationovskiy Pr.7   Moskva,"Багратионовский проезд, 7к3, Москва, Россия, 121087",55.742184,37.504232,0.1227502726
2500,4406,8083,"MELNIKOVA, 53A         Tobolsk        ","улица Мельникова, Тобольск, Тюменская область, Россия",58.222458,68.282104,0.1797071086
2501,4415,8083,"SVOBODNYY, 82          Krasnoyarsk    ","Свободная улица, микрорайон Энергетики, Ленинский район, Красноярск, Россия",56.001831,93.029207,0.07267013459
2502,4419,8083,"Kominterna, 139        Nizhniy Novgoro","улица Коминтерна, 139, Нижний Новгород, Россия, 603003",56.353754,43.867233,0.1640223359
2503,4420,8083,"im V.I.Lenina pr, 54b  Volgograd      ","проспект имени В.И. Ленина, 54, Волгоград, Россия, 400005",48.724342,44.538184,0.08877796799
2504,4428,8083,"KALININA, 51           Melnikovo      ","улица Калинина, 51, село Мельниково, Шегарский район, Томская область, Россия",56.555823,84.086838,0.118182776
2505,8678,32,"KASHIRSKIY PROEZD, 13  MOSCOW         ","Каширский проезд, 13, Москва, Россия, 115201",55.656773,37.631909,-0.1051323181
2506,8681,32,"ENISEYSKAYA, 19.1      MOSCOW         ","Енисейская улица, 19к1, Москва, Россия, 129327",55.869268,37.663072,-0.07912524118
2507,8690,32,"PLANERNAYA, 7          MOSCOW         ","Планерная улица, 7, Москва, Россия, 125481",55.862969,37.434918,-0.03645946295
2508,43,32,"MIKHAILA POPOVICHA, 4A VOLOGDA        ","улица Михаила Поповича, 12, Вологда, Россия, 160010",59.243606,39.837399,0.1091918636
2509,306,32,"OKEANSKIY PR., 131V    VLADIVOSTOK    ","Океанский проспект, 131В, Владивосток, Приморский край, Россия, 690002",43.133499,131.903128,-0.09931249369
2510,2894,32,Profsoiuznaia 43\1     Moskva,"Профсоюзная улица, 43к1, Москва, Россия, 117420",55.667518,37.553657,0.1727154264
2511,1976,496.5,LENINA 13                 SHEKINO,"улица Ленина, 13, Щёкино, Тульская область, Россия, 301241",54.000886,37.517249,-0.02009676641
2512,1997,496.5,LENINA 6                  NAMTSY,"улица Ленина, 6, село Намцы, Намский улус, Республика Саха (Якутия), Россия, 678380",62.717178,129.661678,-0.09093716973
2513,2003,496.5,LENINA 35                 KURGANINSK,"улица Ленина, 35, Курганинск, Краснодарский край, Россия",44.884071,40.59008,-0.1103586595
2514,2007,496.5,LENINA 23                 SHUYA,"улица Ленина, 23, Шуя, Ивановская область, Россия, 155900",56.854625,41.385268,-0.0622680912
2515,2862,496.5,MINERALNAYA 24            STARAYA RUSS,"Минеральная улица, 24, Старая Русса, Новгородская область, Россия",57.994488,31.364193,-0.04456985424
2516,2864,496.5,TELMANA 14                KSHENSKIY,"улица Тельмана, 14, поселок городского типа Кшенский, Советский район, Курская область, Россия",51.846511,37.724041,-0.006357953756
2517,2879,496.5,PR.MIRA 107               YU.SAKHALINS,"проспект Мира, 107, Южно-Сахалинск, Сахалинская область, Россия, 693010",46.961406,142.741086,0.01924067312
2518,2884,496.5,LENINA 30                 KURSK,"улица Ленина, 30, Курск, Россия, 305000",51.737936,36.192368,-0.119833796
2519,2888,496.5,KULAKOVA 43               KURSK,"проспект Кулакова, 43, Курск, Россия, 305018",51.666803,36.138883,0.007006649866
2520,2889,496.5,MARKSA 59                 KURSK,"улица Карла Маркса, 59, Курск, Россия, 305029",51.758249,36.188407,-0.1008190436
2521,2905,496.5,KOMSOMOLSKAYA 15          SHADRINSK,"Комсомольская улица, 15, Шадринск, Курганская область, Россия, 641870",56.081507,63.631436,-0.09024468436
2522,2919,496.5,PR-T KHIMIKOV 39          KEMEROVO,"проспект Химиков, 39, Кемерово, Россия, 650003",55.343968,86.181332,-0.04496413196
2523,2920,496.5,VOKZALNAYA 164            LENINGRADSKA,"Вокзальная улица, 164, станица Ленинградская, Ленинградский район, Краснодарский край, Россия",46.320198,39.38976,-0.08147637344
2524,2921,496.5,8 MARTA 32                IVANOVO,"улица 8 Марта, 32, Иваново, Россия, 153037",57.005529,40.985302,-0.06070355053
2525,2935,496.5,KOMSOMOLSKAYA 51          GUBKIN,"Комсомольская улица, 51, Губкин, Белгородская область, Россия, 309189",51.290449,37.534577,-0.09159051993
2526,2939,496.5,OKTYABRSKAYA 49           KLINTSY,"Октябрьская улица, 49, Клинцы, Брянская область, Россия, 243140",52.757117,32.229154,0.01158197075
2527,2942,496.5,PUSHKINA 47               ISKITIM,"улица Пушкина, 47, Искитим, Новосибирская область, Россия, 633209",54.643723,83.30384,-0.01252556913
2528,2944,496.5,KRASNOARMEYSKAYA 2V       NOVOVARSHAVK,"Красноармейская улица, 2, поселок городского типа Нововаршавка, Нововаршавский район, Омская область, Россия, 646830",54.171946,74.693874,-0.008100173704
2529,2960,496.5,POPOVA 29                 KIROV,"улица Ивана Попова, 29, Киров, Россия, 610035",58.581572,49.629826,-0.1298431619
2530,2964,496.5,BRATYEV STEPANOVYH 20     TIMASHEVSK,"улица Братьев Степановых, 20, Тимашевск, Краснодарский край, Россия, 352708",45.628024,38.941159,-0.03272385248
2531,4450,496.5,CHICHERINA 93             USSURIYSK,"улица Чичерина, 93, Уссурийск, Приморский край, Россия, 692519",43.791638,131.9562,-0.03000902881
2532,4467,496.5,BELGORODSKIY PR-T 87      BELGOROD,"Белгородский проспект, 87, Белгород, Россия, 308009",50.602001,36.588408,-0.1164578682
2533,4469,496.5,URITSKOGO 25              BOGORODITSK,"улица Урицкого, 25, Богородицк, Тульская область, Россия",53.772477,38.126315,-0.09367321979
2534,4477,496.5,SOVETSKAYA 157            KURGAN,"Советская улица, 157, Курган, Россия, 640018",55.442153,65.360288,0.05003487293
2535,4493,496.5,SOVETSKAYA 23             KORSAKOV,"Советская улица, 23, Корсаков, Сахалинская область, Россия, 694020",46.630017,142.777252,0.07315987517
2536,4505,496.5,SVERDLOVA 18              KAMESHKOVO,"улица Свердлова, 18, Камешково, Владимирская область, Россия, 601301",56.348691,40.991779,-0.06212640313
2537,4506,496.5,MKR. PIONERNY 9           SHARYPOVO,"микрорайон Пионерный, 9, Шарыпово, Красноярский край, Россия",55.525756,89.187356,-0.06193808336
2538,4534,496.5,"1-MAYA, 46                VAD         ","улица 1 Мая, 46, село Вад, Вадский район, Нижегородская область, Россия, 606380",55.533562,44.213228,-0.08425032081
2539,4539,496.5,PRIVOKZALNAYA 1           CHEBOKSARY,"Привокзальная улица, 1, Чебоксары, Чувашская Республика, Россия, 428003",56.113215,47.264266,-0.1102199163
2540,4540,496.5,LADO KETSKHOVELI 71       KRASNOYARSK,"улица Ладо Кецховели, 71, Красноярск, Россия, 660028",56.016728,92.812165,-0.03086022948
2541,4550,496.5,GUBINA 39                 YAKUTSK,"улица Губина, 39, Якутск, Республика Саха (Якутия), Россия, 677000",62.035085,129.749102,-0.04326762345
2542,4558,496.5,SOVETSKAYA 96             PARABEL,"Советская улица, 96, село Парабель, Парабельский район, Томская область, Россия",58.694394,81.498666,-0.06708762808
2543,4559,496.5,RADISHEVA 65/2            SARATOV,"улица имени А.Н. Радищева, 65/2, Саратов, Россия",51.536996,46.039296,-0.06366203874
2544,4564,496.5,F.ENGELSA 7A/1V           LIUDINOVO,"улица Энгельса, 7А, Людиново, Калужская область, Россия",53.863757,34.441642,0.06727980126
2545,4566,496.5,"KRASNYKH PARTIZAN, 10     NAVLYA      ","улица Красных Партизан, 10, посёлок Навля, Навлинский район, Брянская область, Россия, 242130",52.824899,34.498029,-0.09999115196
2546,4569,496.5,POLEZHAEVA 1573           SARANSK,"улица Полежаева, Саранск, Республика Мордовия, Россия",54.190004,45.167679,-0.04105507174
2547,4579,496.5,NIKOLAYEVA 2              POKROVSK,"улица Николаева, 2, Покровск, муниципальный район Хангаласский улус, Республика Саха (Якутия), Россия",61.484154,129.153771,-0.07940928497
2548,4581,496.5,KRYMSKAYA 172             ANAPA,"Крымская улица, 172, Анапа, Краснодарский край, Россия, 353440",44.896944,37.323123,-0.1280843625
2549,4582,496.5,KOROLENKO 2               KRASNODAR,"улица Короленко, 2, микрорайон Центральный, Краснодар, Россия, 350038",45.025896,39.002577,-0.03316598518
2550,4585,496.5,POBEDY 7A                 GUSEV,"улица Победы, 7А, Гусев, Калининградская область, Россия, 238050",54.589227,22.199015,0.006784202437
2551,4593,496.5,"20 LET RKKA, 34           MILLEROVO   ","улица 20 лет РККА, 34, Миллерово, Ростовская область, Россия, 346130",48.916668,40.388767,0.02244411194
2552,4595,496.5,ARMEYSKAYA 55             KRASNIY KUT,"Армейская улица, 55, Красный Кут, Саратовская область, Россия",50.950304,46.972161,-0.107266857
2553,4640,496.5,PRIVOKZALNAYA 122         MAYKOP,"Привокзальная улица, 122, Майкоп, Республика Адыгея, Россия, 385006",44.62182,40.103525,-0.05762580421
2554,4646,496.5,AZINA 172B                SARAPUL,"улица Азина, 172, Сарапул, Удмуртская Республика, Россия, 427964",56.440577,53.795251,-0.01379029124
2555,4651,496.5,SERGEYA LAZO 24           TOMSK,"улица Сергея Лазо, 24, Томск, Россия, 634063",56.518985,85.039277,-0.09335008615
2556,4660,496.5,KAVKAZSKAYA 49            P-KAMCHATSKI,"Кавказская улица, 49, Петропавловск-Камчатский, Камчатский край, Россия, 683023",53.069337,158.617632,0.03689379904
2557,4662,496.5,KURORTNY BLVR. 2V         KISLOVODSK,"Курортный бульвар, 2, Кисловодск, Ставропольский край, Россия, 357700",43.903985,42.71614,-0.07819659835
2558,4670,496.5,KOSMICHESKIY 3A           PETROPAVLOVS,"Космический проезд, 3А, Петропавловск-Камчатский, Камчатский край, Россия, 683009",53.055424,158.66191,0.009664884391
2559,4683,496.5,8-MARTA 15                YAROSLAVL,"улица 8 Марта, 15, Ярославль, Россия, 150029",57.605392,39.821499,-0.06987141753
2560,4684,496.5,DZERZHINSKOGO 113         GUBKIN,"улица Дзержинского, 113, Губкин, Белгородская область, Россия",51.287435,37.521183,-0.1162019004
2561,4689,496.5,ROMANOVA 2                CHEREPANOVO,"улица Романова, 2, Черепаново, Новосибирская область, Россия",54.221969,83.372516,-0.1119301908
2562,4690,496.5,LENINA 17                 BOLOTNOE,"улица Ленина, 17, город Болотное, Новосибирская область, Россия",55.670955,84.387594,-0.1119097399
2563,4693,496.5,"30 LET POBEDY, 21V        UYAR        ","улица 30 лет Победы, 21В, Уяр, Красноярский край, Россия, 663920",55.806095,94.329896,0.02359048563
2564,4700,496.5,KALININA 61               KOZHEVNIKOVO,"улица Калинина, 61, село Кожевниково, Кожевниковский район, Томская область, Россия",56.259233,83.974737,-0.04052020908
2565,4705,496.5,FEDORA POPOVA 21          YAKUTSK,"улица Федора Попова, 21, Якутск, Республика Саха (Якутия), Россия",62.044525,129.746407,-0.03899316459
2566,4718,496.5,PIONERSKAYA 9             TAMBOV,"Пионерская улица, 9, Тамбов, Россия, 392012",52.702855,41.469638,-0.02918821973
2567,8478,496.5,M.GORKOGO 9/2             KINESHMA,"улица имени Максима Горького, 9/2, Кинешма, Ивановская область, Россия",57.441978,42.170971,0.003526870206
2568,8480,496.5,ZARECHNAYA 32/5           BALAKHTA,"Заречная улица, 32, поселок городского типа Балахта, Балахтинский район, Красноярский край, Россия",55.385924,91.619598,-0.1092783638
2569,8489,496.5,BABUSHKINA 158            ULAN-UDE,"улица Бабушкина, 158, Улан-Удэ, Республика Бурятия, Россия",51.795367,107.602343,-0.08354582443
2570,8499,496.5,SOVETSKAYA 2A             KIRZHACH,"Советская улица, 2, Киржач, Владимирская область, Россия, 601010",56.162887,38.871845,0.04350729497
2571,8508,496.5,SOVETSKAYA 19             UYSKOE,"Советская улица, 19, село Уйское, Уйский район, Челябинская область, Россия",54.374039,59.997103,-0.1273091277
2572,8512,496.5,PETRA ALEKSEEVA 6         YAKUTSK,"улица Петра Алексеева, 6, Якутск, Республика Саха (Якутия), Россия, 677000",62.036908,129.73773,0.006911729871
2573,8553,496.5,POBEDY 28A                YAROSLAVL,"улица Победы, 28А, Ярославль, Россия, 150040",57.63425,39.870763,-0.1044545785
2574,8558,496.5,OYUNSKOGO 26 BLOCK V      YAKUTSK,"улица Ойунского, 26, Якутск, Республика Саха (Якутия), Россия, 677013",62.018767,129.698662,-0.0631905572
2575,8559,496.5,DIMITROVA 17              ZHELEZNOGORS,"улица Димитрова, 17, Железногорск, Курская область, Россия",52.347637,35.349093,-0.04836024842
2576,8564,496.5,KUYBISHEVA 12A            BIKOVO,"улица Куйбышева, 12А, рабочий посёлок Быково, Быковское городское поселение, Быковский район, Волгоградская область, Россия, 404062",49.765826,45.381702,-0.1166590721
2577,8565,496.5,SOVETSKAYA 44             ALEXANDRO-NE,"Советская улица, 44, рабочий посёлок Сазоново, Чагодощенский район, Вологодская область, Россия, 162431",59.087929,35.231081,-0.09850012411
2578,8573,496.5,PERVOMAYSKAYA 199         CHEREMKHOVO,"Первомайская улица, 199, Черемхово, Иркутская область, Россия, 665413",53.148411,103.067198,-0.04096598195
2579,8576,496.5,"9 PYATILETKI AVE, 5/3     CHEBOKSARY  ","проспект 9-й Пятилетки, 5, Чебоксары, Чувашская Республика, Россия, 428027",56.096734,47.273348,-0.06498210172
2580,8577,496.5,LENINGRADSKOE SH. 47      TORZHOK,"Ленинградское шоссе, 47, Торжок, Тверская область, Россия, 172003",57.066754,34.981511,-0.09834231124
2581,8583,496.5,"LENINA AVE, 19A           TROITSKOE   ","проспект Ленина, 19А, село Троицкое, Троицкий район, Алтайский край, Россия, 659840",52.982192,84.67925,0.056729559
2582,8593,496.5,GAGARINA 19               UFA,"улица Юрия Гагарина, 19, Уфа, Республика Башкортостан, Россия, 450099",54.764745,56.061261,-0.1157267008
2583,8597,496.5,VALOVAYA 26               MOSKVA,"Валовая улица, 26, Москва, Россия, 115054",55.730634,37.62819,0.01947086795
2584,8611,496.5,POGRANICHNAYA 2           PETROPAVLOVS,"Пограничная улица, 2А, Петропавловск-Камчатский, Камчатский край, Россия, 683032",53.037029,158.659673,0.05427978827
2585,8614,496.5,OKTIABRSKAYA 22           ANDREAPOL,"Октябрьская улица, 22, Андреаполь, Тверская область, Россия, 172800",56.648197,32.265832,-0.02334745374
2586,8615,496.5,ABAKANSKAYA 58            MINUSINSK,"Абаканская улица, 58, Минусинск, Красноярский край, Россия, 662610",53.691757,91.666203,-0.07164811647
2587,8624,496.5,PERVOMAYSKIY 37/2         PETROZAVODSK,"Первомайский проспект, 37к2, Петрозаводск, Республика Карелия, Россия, 185001",61.797137,34.333646,-0.04896421002
2588,8626,496.5,NARODNAYA 21              PSKOV,"Народная улица, 21, исторический район Завеличье, Псков, Россия, 180016",57.821426,28.306373,0.001520010625
2589,8634,496.5,SOVETSKAYA 61             KOSTROMA,"Советская улица, 61, Кострома, Россия, 156005",57.76282,40.946289,-0.07210311643
2590,8636,496.5,KRASNOPRUDNAYA 30-34      MOSCOW,"Краснопрудная улица, 30-34с1, Москва, Россия, 107140",55.780097,37.668264,-0.04599767888
2591,8639,496.5,AMBIIN-NOYAN 11           SAMAGALTAY,"улица Амбын-Ноян, 19, село Самагалтай, Тес-Хемский кожуун, Республика Тыва, Россия",50.602973,95.003668,-0.01080443516
2592,8641,496.5,MAYAKOVSKOGO 91           KYZYL,"улица Маяковского, 91, Кызыл, Республика Тыва, Россия",51.707083,94.46158,-0.08685076669
2593,8645,496.5,GORNAYA 104               KYZYL,"Горная улица, 104, Кызыл, Республика Тыва, Россия",51.706776,94.405337,0.04750678463
2594,8669,496.5,ZUEVA 38A                 ARDATOV,"улица Зуева, 38, рабочий посёлок Ардатов, Ардатовский район, Нижегородская область, Россия, 607130",55.23576,43.092274,-0.05381740433
2595,8703,496.5,KIROVA 50                 NAZYVAEVSK,"улица Кирова, 50, Называевск, Омская область, Россия, 646104",55.56529,71.353668,0.03488172597
2596,8704,496.5,KIROVA 30                 YAKUTSK,"улица Кирова, 30, Якутск, Республика Саха (Якутия), Россия, 677027",62.03274,129.720877,0.03611305492
2597,8732,496.5,LENINA 115                KORMILOVKA,"улица Ленина, 115, посёлок городского типа Кормиловка, Кормиловский район, Омская область, Россия, 646970",55.003916,74.109268,-0.08124890767
2598,8740,496.5,LENINA 42A                KURUMKAN,"улица Ленина, 42А, село Курумкан, Курумканский район, Республика Бурятия, Россия",54.326785,110.326286,-0.137340004
2599,8743,496.5,PR. REVOLUTSII 41         MESHOVSK,"проспект Революции, 41, Мещовск, Калужская область, Россия, 249240",54.320153,35.279761,-0.07233211587
2600,8757,496.5,ZELENAYA 2A               IKRYANOYE,"Зелёная улица, 2, село Икряное, Икрянинский район, Астраханская область, Россия",46.097143,47.730734,-0.07692788261
2601,8767,496.5,OKEANSKAYA 54             PETROPAVLOVS,"Океанская улица, 54, Петропавловск-Камчатский, Камчатский край, Россия, 683010",52.992459,158.667452,0.00906330112
2602,8775,496.5,ZAGORODNAYA 1             GURIEVSK,"Загородная улица, 1, Гурьевск, Калининградская область, Россия, 238300",54.776436,20.593725,-0.0624655219
2603,8784,496.5,LENINA 28                 KHORINSK,"улица Ленина, 28, село Хоринск, Хоринский район, Республика Бурятия, Россия, 671410",52.159382,109.7651,-0.05787876942
2604,8786,496.5,LUKASHEVSKOGO 27          PETROPAVLOVS,"улица Лукашевского, 27, Петропавловск-Камчатский, Камчатский край, Россия, 683024",53.063304,158.640215,0.005848571085
2605,8809,496.5,"ZHIGULSKOGO 1""Z""          LAGAN       ","улица Жигульского, 1, Лагань, Республика Калмыкия, Россия, 359220",45.389283,47.361688,0.03691551577
2606,5,496.5,BUDENNOGO 7A              ELISTA,"улица С.М. Будённого, 7А, Элиста, Республика Калмыкия, Россия",46.318231,44.260605,0.0199583048
2607,6,496.5,"HO CHI MIHN AVE, 19       ULYANOVSK   ",,,,-0.08911061944
2608,8,496.5,ORDZHONIKIDZE 52          YAKUTSK,"улица Орджоникидзе, 52, Якутск, Республика Саха (Якутия), Россия, 677027",62.025583,129.721362,-0.04154516117
2609,10,496.5,"VETERANOV AVE, 3          KRASNOKAMENS","проспект Ветеранов, 11, Краснокаменск, Забайкальский край, Россия",50.08905,118.02731,0.02547941229
2610,14,496.5,K.LIBKNEKHTA 13           ZHUKOVKA,"улица Карла Либкнехта, 3, Жуковка, Брянская область, Россия, 242702",53.530621,33.720726,-0.09190984878
2611,30,496.5,SHKOLNAYA 4               TULOMA,"Школьная улица, 4, село Тулома, сельское поселение Тулома, Кольский район, Мурманская область, Россия, 184362",68.818756,32.690403,-0.08989516489
2612,32,496.5,STROITELEY 40             ULAN-UDE,"проспект Строителей, 40, Улан-Удэ, Республика Бурятия, Россия, 670042",51.809602,107.646181,-0.02887178578
2613,54,496.5,RIBNIKOV 1                UMBA,"поселок городского типа Умба, городское поселение Умба, Терский район, Мурманская область, Россия",66.684763,34.344183,-0.111583613
2614,59,496.5,KRASNOGVARDEYSKAYA 75/1   SPASSK DALNI,"Красногвардейская улица, 75/1, Спасск-Дальний, Приморский край, Россия, 692238",44.576938,132.826623,-0.02954441887
2615,64,496.5,DZERZHINSKOGO 32          YAKUTSK,"улица Дзержинского, 32, Якутск, Республика Саха (Якутия), Россия, 677009",62.045883,129.741026,-0.01702058536
2616,66,496.5,INTERNATSIONALNAYA 76     KALININGRAD,"Интернациональная улица, 76, Калининград, Россия, 236044",54.66891,20.510272,-0.1425206147
2617,67,496.5,OKTYABRSKAYA 20           KLINTSI,"Октябрьская улица, 20, Клинцы, Брянская область, Россия, 243140",52.749148,32.237607,-0.07225089669
2618,70,496.5,ZEMLYANOY VAL 29/1        MOSCOW,"улица Земляной Вал, 29с1, Москва, Россия",55.757085,37.661356,-0.06664851025
2619,78,496.5,KRASNAYA 112              VEL. USTUG,"Красная улица, 112, Великий Устюг, Вологодская область, Россия, 162390",60.759095,46.306895,-0.06204000536
2620,82,496.5,LENINA 21                 BALASHIKHA,"проспект Ленина, 21, Балашиха, Московская область, Россия, 143900",55.797483,37.935917,-0.04753699059
2621,87,496.5,KONEVA 14A                VOLOGDA,"улица Маршала Конева, 14А, Вологда, Россия",59.189647,39.901512,-0.1164355601
2622,97,496.5,LENINA 78                 BELORECHENSK,"улица Ленина, 78, Белореченск, Краснодарский край, Россия, 352630",44.764501,39.868876,-0.08796843618
2623,102,496.5,KALININA 10               BIROBIDZHAN,"улица Калинина, 10, Биробиджан, Еврейская автономная область, Россия, 679016",48.792888,132.934501,-0.05294022101
2624,114,496.5,KALININGRADSKAYA 14       POLESSK,"Калининградская улица, 14, Полесск, Калининградская область, Россия, 238630",54.860508,21.107714,-0.0251014012
2625,120,496.5,LENINA 5                  SERISHEVO,"улица Ленина, 5, посёлок городского типа Серышево, Серышевский район, Амурская область, Россия",51.096564,128.379863,0.01182954551
2626,125,496.5,KOCHETOVA 1               KIZIL,"улица Кочетова, 1, Кызыл, Республика Тыва, Россия, 667000",51.720358,94.453666,-0.04447454989
2627,136,496.5,KALININA 5A               KYZYL,"улица Калинина, 5А, Кызыл, Республика Тыва, Россия, 667010",51.701362,94.411751,0.04096437423
2628,140,496.5,SHAMSHURINA 43            NOVOSIBIRSK,"улица Дмитрия Шамшурина, 43, Новосибирск, Россия, 630004",55.03573,82.896184,-0.1032980163
2629,144,496.5,BLAGOVESCHENSKAYA 4       VOLOGDA,"Благовещенская улица, 4, Вологда, Россия, 160000",59.220243,39.884857,-0.06643460127
2630,8595,1022,ABB 2A SUROVA PR.         ULYANOVSK,"проспект Врача Сурова, 2А, Ульяновск, Россия, 432064",54.383945,48.59883,-0.04864769821
2631,1934,1022,ABB 121 GAGARINA          KAZAN,"улица Гагарина, 121, Казань, Республика Татарстан, Россия, 420039",55.834841,49.064552,-0.1103785102
2632,2896,1022,ABB 51 M. GORKOGO         CHEBOKSARY,"проспект Максима Горького, 51, Чебоксары, Чувашская Республика, Россия, 428025",56.148438,47.17315,-0.1074448383
2633,2907,1022,ABB 6 KIROVA              JOSHKAR-OLA,"улица Кирова, 6, Йошкар-Ола, Республика Марий Эл, Россия, 424038",56.627921,47.929989,-0.08387300596
2634,2941,1022,ABB 184 SOVETSKAYA        ALMETEVSK,"Советская улица, 184, Альметьевск, Республика Татарстан, Россия, 423462",54.912904,52.323928,-0.09802028225
2635,4543,1022,ABB 32V KHIMIKOV PR.      NIZHNEKAMSK,"проспект Химиков, 32, Нижнекамск, Республика Татарстан, Россия, 423578",55.626126,51.798863,-0.09538661771
2636,4609,1022,ABB 25-39 P. KOMMUNY      KAZAN,"улица Парижской Коммуны, 25/39, Казань, Республика Татарстан, Россия, 420021",55.781519,49.112478,-0.0214019194
2637,4632,1022,ABB 1A S.SAJDASHEVA       BAVLY,"Бавлы, 4, Республика Татарстан, Россия",54.40332,53.235781,-0.0786264663
2638,4709,1022,ABB 78 VINOKUROVA         NOVOCHEBOKSA,"улица Винокурова, 78, Новочебоксарск, Чувашская Республика, Россия, 429965",56.116543,47.448115,-0.1450012315
2639,8596,1022,ABB 38 LEN.KOMSOMOLA      ULYANOVSK,"проспект Ленинского Комсомола, 38, Ульяновск, Россия, 432072",54.374475,48.57851,-0.03061284705
2640,319,1022,ABB 71A YAMASHEVA PR.     KAZAN,"проспект Ямашева, 71А, Казань, Республика Татарстан, Россия, 420126",55.826205,49.135439,-0.04503768477
2641,325,1022,ABB 99 GAGARINA           SAMARA,"улица Гагарина, 99, Самара, Россия",53.200226,50.198954,-0.1010094275
2642,328,1022,ABB 10 MODELNAYA          KAZAN,"Модельная улица, 10, Казань, Республика Татарстан, Россия, 420054",55.748822,49.141799,-0.09982876266
2643,339,1022,ABB 16A VAKHITOVA PR.     NAB.CHELNY,"проспект Вахитова, 16А, Набережные Челны, Республика Татарстан, Россия, 423816",55.746603,52.424961,-0.08560212846
2644,345,1022,ABB 47A-1 M.DZHALILYA     NAB.CHELNY,"проспект Мусы Джалиля, 47, поселок ГЭС, Набережные Челны, Республика Татарстан, Россия, 423802",55.694114,52.308082,-0.1365792418
2645,352,1022,ABB 54 K4 YAMASHEVA PR.   KAZAN,"проспект Ямашева, 54к4, Казань, Республика Татарстан, Россия, 420103",55.827727,49.131001,-0.113193131
2646,367,1022,ABB 66 ZALESNAYA          KAZAN,"Залесная улица, 66, Казань, Республика Татарстан, Россия, 420076",55.850403,48.895103,-0.04141296278
2647,379,1022,ABB 13 KLARY CETKIN       KAZAN,"улица Клары Цеткин, 13, Казань, Республика Татарстан, Россия, 420030",55.798677,49.05972,-0.04081957726
2648,380,1022,ABB 110V PAVLYUKHINA      KAZAN,"улица Павлюхина, 110, Казань, Республика Татарстан, Россия, 420059",55.768532,49.145401,-0.1450012315
2649,1941,1022,ABB 16 BAUMANA            JOSHKAR-OLA,"улица Баумана, 16, Йошкар-Ола, Республика Марий Эл, Россия, 424019",56.64108,47.84341,-0.1014340822
2650,1944,1022,ABB 42D VINOKUROVA        NOVOCHEBOKSA,"улица Винокурова, 42Д, Новочебоксарск, Чувашская Республика, Россия",56.109707,47.475972,-0.0387065917
2651,1959,1022,ABB 35 MENDELEEVA         NIZHNEKAMSK,"улица Менделеева, 35, Нижнекамск, Республика Татарстан, Россия, 423584",55.655386,51.823809,-0.09021771481
2652,1961,1022,ABB 2-A OKTYABRYA PR.     NIZH.NOVGORO,"проспект Октября, 2А, микрорайон Соцгород-I, Нижний Новгород, Россия, 603004",56.243129,43.864565,-0.07000384497
2653,1963,1022,ABB 90 YULIUSA FUCHIKA    KAZAN,"улица Юлиуса Фучика, 90, Казань, Республика Татарстан, Россия, 420140",55.763478,49.233274,-0.05751057096
2654,290,1942,19 KR.KOMANDIROV ST       EKATERINBURG,"улица Красных Командиров, 19, микрорайон Эльмаш, Орджоникидзевский район, Екатеринбург, Свердловская область, Россия, 620135",56.896848,60.625637,-0.07188459951
2655,165,1942,2 YASNAYA STR.            EKATERINBURG,"Ясная улица, 2, микрорайон Юго-Западный, Екатеринбург, Свердловская область, Россия, 620102",56.816341,60.585913,-0.01725917262
2656,171,1942,"ST METALLURGOV,87         EKATERINBURG","улица Металлургов, 87, Екатеринбург, Свердловская область, Россия, 620043",56.823631,60.505406,-0.05302595733
2657,241,1942,12A BELORECHENSKAYA STR.  EKATERINBURG,"Белореченская улица, 12А, микрорайон Юго-Западный, Екатеринбург, Свердловская область, Россия, 620102",56.821026,60.567911,0.06800388484
2658,243,1942,17 GORKOGO STR            EKATERINBURG,"улица Горького, 17, Екатеринбург, Свердловская область, Россия, 620075",56.841241,60.605326,0.01668922136
2659,267,1942,27 SALYUTNAYA STR.        CHELYABINSK,"Салютная улица, 27, Челябинск, Россия, 454071",55.169663,61.444065,0.008219011374
2660,268,1942,194 ROSSIYSKAYA STR.      CHELYABINSK,"Российская улица, 194, Челябинск, Россия, 454090",55.163585,61.414914,0.06823402168
2661,274,1942,65 ENGELSA STR.           CHELYABINSK,"улица Энгельса, 65, Челябинск, Россия, 454080",55.160643,61.382386,0.07142070943
2662,280,1942,60 LENINA STR             PERM,"улица Ленина, 60, Пермь, Россия",58.009473,56.233791,-0.01423340646
2663,286,1942,88 LENINA AV.             PERM,,,,0.004863255084
2664,292,1942,86A SOVETSKAYA STR.       MAGNITOGORSK,"Советская улица, 86А, Магнитогорск, Челябинская область, Россия, 455030",53.397902,58.959783,-0.05438340412
2665,175,1942,17 GORKOGO STR            EKATERINBURG,"улица Горького, 17, Екатеринбург, Свердловская область, Россия, 620075",56.841241,60.605326,0.002737680822
2666,184,1942,69 LENINA AV.             N.TAGIL,"проспект Ленина, 69, Нижний Тагил, Свердловская область, Россия, 622034",57.909556,59.981239,0.06155241651
2667,199,1942,41/1 MIRA AV.             PERM,,,,-0.02173745509
2668,218,1942,27 SALYUTNAYA STR.        CHELYABINSK,"Салютная улица, 27, Челябинск, Россия, 454071",55.169663,61.444065,-0.04768570908
2669,1895,1942,105 BULATOVA              OMSK,"улица Булатова, 105, Омск, Россия, 644007",54.994703,73.380986,-0.08524555336
2670,388,1942,199 SHIROTNAYA STR.       TYUMEN,"Широтная улица, 199, Тюмень, Россия, 625053",57.096367,65.62486,0.04835879299
2671,424,1942,3 KOMMUNAROV              PETRA-DUBRAV,"улица Коммунаров, 3, посёлок городского типа Петра Дубрава, Волжский район, Самарская область, Россия, 443546",53.300315,50.367676,-0.05500359292
2672,430,1942,4 MOSKATOVA STR           TAGANROG,"улица Москатова, 4, Таганрог, Ростовская область, Россия, 347924",47.263316,38.92004,-0.07751610579
2673,436,1942,41 KARLA MARKSA STR.      KHABAROVSK,"улица Карла Маркса, 41, Хабаровск, Россия, 680000",48.482744,135.073534,-0.07403305759
2674,449,1942,211 LENINA STR.           TOMSK,"проспект Ленина, 211, Томск, Россия, 634009",56.509136,84.946571,-0.05822041007
2675,451,1942,48/1 T.SNEZHINOY          NOVOSIBIRSK,"улица Татьяны Снежиной, 48/1, Новосибирск, Россия, 630133",55.024399,83.02423,-0.03069661034
2676,457,1942,32 PARKOVIY AV.           ORENBURG,"Парковый проспект, 32, Оренбург, Россия, 460000",51.774012,55.084873,-0.0140457145
2677,458,1942,14B ANTONOVA STR.         SARATOV,"улица имени Академика О.К. Антонова, 14, Саратов, Россия",51.600341,45.984616,-0.02039398011
2678,460,1942,38 K.MARKSA STR           CHEBOKSARY,"улица Карла Маркса, 38, Чебоксары, Чувашская Республика, Россия",56.138869,47.24771,-0.09215413485
2679,462,1942,167 ZARUBINA STR.         SARATOV,"улица Зарубина, 167, Саратов, Россия",51.541568,46.014206,-0.08209554038
2680,487,1942,191 KARLA MARKSA STR.     IZHEVSK,"улица Карла Маркса, 191, Ижевск, Удмуртская Республика, Россия",56.847553,53.20292,0.005338878186
2681,494,1942,148A K.MARKSA STR         KRASNOYARSK,"улица Карла Маркса, 148А, Красноярск, Россия, 660021",56.009346,92.839259,0.01604316575
2682,515,1942,6 VERNADSKOGO AVE         MOSCOW,"проспект Вернадского, 6, Москва, Россия, 119334",55.691963,37.527965,-0.04244773381
2683,517,1942,3/3 SADOVO-SPASSKAYA STR. MOSCOW,"Садовая-Спасская улица, 3с3, Москва, Россия, 107078",55.771347,37.6418,-0.10871765
2684,526,1942,32A MIKLUHO-MAKLAYA       MOSCOW,"улица Миклухо-Маклая, 32А, Москва, Россия, 117279",55.640889,37.530732,-0.02956544782
2685,529,1942,1 D.DONSKOGO B-R.         MOSCOW,,,,-0.01609325522
2686,540,1942,1-1 TISHINSKAYA SQ.       MOSCOW,"Тишинская площадь, 1с1, Москва, Россия, 123056",55.769226,37.583373,-0.01204257744
2687,546,1942,110 PERVOMAYSKAYA STR     MOSCOW,"Первомайская улица, 110, Москва, Россия, 105203",55.792827,37.81548,0.0229989933
2688,558,1942,4 KOMSOMOLSKIY AV.        MOSCOW,"Комсомольский проспект, 4, Москва, Россия, 119034",55.733092,37.592285,0.005138349084
2689,564,1942,6/1 22 KM KIEVSKOE HW     MOSCOW,"МКАД, 22-й километр, внутренняя сторона, Москва, Россия",55.605002,37.758832,-0.02095430942
2690,570,1942,2 OSTROVITYANOVA STR.     MOSCOW,"улица Островитянова, 2, Москва, Россия, 117513",55.645923,37.486041,0.04745312835
2691,572,1942,12 MARSHALA FEDORENKO STR MOSCOW,"улица Маршала Федоренко, 12, Москва, Россия, 125599",55.881616,37.48914,0.0533319677
2692,578,1942,9-2 1905-GODA STR.        MOSCOW,"улица 1905 года, 9с2, Москва, Россия, 123022",55.764283,37.560278,0.01943476179
2693,584,1942,32 MOZHAYSKOE H/W.        MOSCOW,"Можайское шоссе, 32, Москва, Россия, 121354",55.719622,37.418506,0.05985028999
2694,590,1942,7-1 TVERSKAYA ZASTAVA     MOSCOW,"площадь Тверская Застава, 7с1, Москва, Россия, 125047",55.776375,37.581757,0.01276347235
2695,595,1942,6 KAZAKHSKAYA STR.        VOLGOGRAD,"Казахская улица, 6, Волгоград, Россия, 400002",48.67695,44.457525,-0.1130048585
2696,647,1942,32 1-Y TVERSKAY-YAMSKAYA  MOSCOW,"1-я Тверская-Ямская улица, 1/3с2, Москва, Россия, 125047",55.770051,37.595061,0.04481339033
2697,662,1942,3 BAGRATIONOVSKIY WAY.    MOSCOW,"Багратионовский проезд, 3, Москва, Россия, 121087",55.744992,37.510152,-0.004016403643
2698,663,1942,3 BAGRATIONOVSKIY WAY.    MOSCOW,"Багратионовский проезд, 3, Москва, Россия, 121087",55.744992,37.510152,0.08314003267
2699,664,1942,3 BAGRATIONOVSKIY WAY.    MOSCOW,"Багратионовский проезд, 3, Москва, Россия, 121087",55.744992,37.510152,0.05895561319
2700,692,1942,18/3 ANDROPOVA ST.        MOSKVA,"квартал 18/1, 5, сельское поселение Никоновское, Раменский район, Московская область, Россия",55.343092,38.207945,0.0007783227139
2701,704,1942,12-2 ENTUZIASTOV SH       MOSCOW,,,,0.03731827095
2702,736,1942,21-2 B.ORDYNKA STR.       MOSCOW,"улица Малая Ордынка, 21, Москва, Россия",55.736392,37.62634,0.06830344301
2703,918,1942,7 NOSOVIKHINSKOE H.W.     REUTOV,,,,0.07018148084
2704,921,1942,10 LUGANSKAYA ST.         MOSKVA,"Луганская улица, 10, Москва, Россия, 115516",55.622324,37.667662,0.04925916316
2705,922,1942,10 LUGANSKAYA STR.        MOSKVA,"Луганская улица, 10, Москва, Россия, 115516",55.622324,37.667662,0.0486237939
2706,923,1942,10 LUGANSKAYA STR.        MOSKVA,"Луганская улица, 10, Москва, Россия, 115516",55.622324,37.667662,0.05860314582
2707,927,1942,1 NOVINKI STR.            MOSKVA,"улица Новинки, 1, Москва, Россия, 115470",55.677671,37.666225,0.07000086153
2708,928,1942,1 NOVINKI STR.            MOSKVA,"улица Новинки, 1, Москва, Россия, 115470",55.677671,37.666225,0.05616738298
2709,931,1942,6 PRESNENSKAYA NAB        MOSKVA,"Пресненская набережная, 6с2, Москва, Россия, 123317",55.748143,37.540488,0.1757567399
2710,932,1942,55/1 DUBINISKAYA ST.      MOSKVA,"55-й квартал, Жуковский, Московская область, Россия",55.589458,38.121887,-0.1139318414
2711,940,1942,5 1-Y POKROVSKIY PASS.    KOTELNIKI,"1-й Покровский проезд, 5, Котельники, Московская область, Россия, 140055",55.653299,37.844217,0.09457044514
2712,947,1942,54 LENINGRADSKIY AV.      MOSCOW,,,,0.04916462883
2713,951,1942,2A 41-KM.MKAD             MOSCOW,"МКАД, 55-й километр, 2А, Москва, Россия",55.717163,37.38216,0.04221320385
2714,958,1942,2 KIEVSKOGO VOKZALA SQ.   MOSCOW,"площадь Киевского Вокзала, 2, Москва, Россия, 121059",55.744632,37.566072,0.07030710998
2715,959,1942,38B LENINA STR.           KRASNOGORSK,"улица Ленина, 38, Красногорск, Московская область, Россия, 143409",55.833602,37.297727,0.06413731769
2716,960,1942,38B LENINA STR.           KRASNOGORSK,"улица Ленина, 38, Красногорск, Московская область, Россия, 143409",55.833602,37.297727,0.05703032637
2717,961,1942,38B LENINA STR.           KRASNOGORSK,"улица Ленина, 38, Красногорск, Московская область, Россия, 143409",55.833602,37.297727,0.04801093567
2718,962,1942,38B LENINA STR.           KRASNOGORSK,"улица Ленина, 38, Красногорск, Московская область, Россия, 143409",55.833602,37.297727,0.04449981758
2719,964,1942,5 SUSCHEVSKIY VAL         MOSCOW,"улица Сущёвский Вал, 5, Москва, Россия, 127018",55.794806,37.592455,-0.06742594026
2720,968,1942,9 OSENNIY BLVD.           MOSCOW,"Осенний бульвар, 9, Москва, Россия, 121609",55.75825,37.406792,0.02709572002
2721,969,1942,9 OSENNIY BLVD.           MOSCOW,"Осенний бульвар, 9, Москва, Россия, 121609",55.75825,37.406792,0.03728332148
2722,970,1942,9 OSENNIY BLVD.           MOSCOW,"Осенний бульвар, 9, Москва, Россия, 121609",55.75825,37.406792,0.05255813681
2723,972,1942,9 OSENNIY BLVD.           MOSCOW,"Осенний бульвар, 9, Москва, Россия, 121609",55.75825,37.406792,0.01332586341
2724,1021,1942,14-16/11 STR 1 ZEVLYANOY  MOSCOW,"Московский международный деловой центр Москва-Сити, Пресненский район, Центральный административный округ, Москва, Россия",55.74975,37.542581,-0.02154957736
2725,1097,1942,14A NOVOKOSINSKAYA STR.   MOSCOW,"Новокосинская улица, 14А, Москва, Россия, 111672",55.737796,37.857036,0.02277467025
2726,1234,1942,6 VALOVAYA STR.           MOSCOW,"Валовая улица, 6, Москва, Россия, 115054",55.731075,37.633985,0.0009495208967
2727,1243,1942,6 VALOVAYA STR.           MOSCOW,"Валовая улица, 6, Москва, Россия, 115054",55.731075,37.633985,0.02704042099
2728,1253,1942,6 VALOVAYA STR.           MOSCOW,"Валовая улица, 6, Москва, Россия, 115054",55.731075,37.633985,0.01020670358
2729,1294,1942,26A MIRA STR.             MYTISCHI,"улица Мира, 26А, Мытищи, Московская область, Россия, 141008",55.916613,37.7267,-0.01633741041
2730,1375,1942,41-1 MARSHALA ZHUKOVA STR MOSCOW,"проспект Маршала Жукова, 41к1, Москва, Россия, 123423",55.775464,37.469844,0.06652623646
2731,1625,1942,12 KAZANSKOE H/W.         NIZHNIY NOVG,"Казанское шоссе, 12, Нижний Новгород, Россия, 603087",56.283525,44.088766,0.03655927613
2732,1682,1942,1 KULTURY AVE.            SANKT-PETERB,"проспект Культуры, 1, Санкт-Петербург, Россия, 195274",60.033701,30.367755,0.04367351917
2733,1719,1942,63 50-LET VLKSM STR.      TYUMEN,"улица 50 лет ВЛКСМ, 63, Тюмень, Россия, 625026",57.13369,65.561403,0.009075321017
2734,1747,1942,107 TURGENEVA STR.        KRASNODAR,"улица Тургенева, 107, Фестивальный микрорайон, Краснодар, Россия, 350049",45.052086,38.958766,0.01790877101
2735,1748,1942,107 LITER A TURGENEVA     KRASNODAR,"улица Тургенева, 107, Фестивальный микрорайон, Краснодар, Россия, 350049",45.052086,38.958766,0.05001114834
2736,1749,1942,107 LITER A TURGENEVA     KRASNODAR,"улица Тургенева, 107, Фестивальный микрорайон, Краснодар, Россия, 350049",45.052086,38.958766,0.04202628837
2737,1750,1942,82 YAMASHEVA STR          KAZAN,"проспект Ямашева, 82, Казань, Республика Татарстан, Россия, 420126",55.82759,49.145536,0.04789129637
2738,1751,1942,84 PROSVESCHENIYA AV.     S.-PETERBURG,"проспект Просвещения, 84к1, Санкт-Петербург, Россия, 195267",60.037104,30.414297,-0.0005950230857
2739,1752,1942,84 PROSVESCHENIYA AV.     S.-PETERBURG,"проспект Просвещения, 84к1, Санкт-Петербург, Россия, 195267",60.037104,30.414297,0.0184268827
2740,1754,1942,84 PROSVESCHENIYA AV.     S.-PETERBURG,"проспект Просвещения, 84к1, Санкт-Петербург, Россия, 195267",60.037104,30.414297,0.002098061959
2741,1755,1942,2G VYSOTNAYA STR.         KRASNOYARSK,"Высотная улица, 2, Красноярск, Россия, 660062",56.024783,92.784506,0.02576369461
2742,1756,1942,2G VYSOTNAYA STR.         KRASNOYARSK,"Высотная улица, 2, Красноярск, Россия, 660062",56.024783,92.784506,0.01067500083
2743,1757,1942,2G VYSOTNAYA STR.         KRASNOYARSK,"Высотная улица, 2, Красноярск, Россия, 660062",56.024783,92.784506,0.03088827785
2744,1764,1942,39 KIROVA                 NOVOKUZNETSK,"улица Кирова, 39, Новокузнецк, Кемеровская область, Россия, 654007",53.757862,87.131408,-0.08176210995
2745,1766,1942,19 FOKINA STR.            VLADIVOSTOK,"улица Адмирала Фокина, 19, Владивосток, Приморский край, Россия, 690091",43.117517,131.883778,0.02025085472
2746,1767,1942,19 FOKINA STR.            VLADIVOSTOK,"улица Адмирала Фокина, 19, Владивосток, Приморский край, Россия, 690091",43.117517,131.883778,0.03618927798
2747,1770,1942,8A REVOLYUTSII HIGHWAY    SANKT-PETERB,"шоссе Революции, 8, Санкт-Петербург, Россия, 195027",59.959719,30.414045,0.03402286214
2748,1783,1942,41 KARLA MARKSA STR.      KHABAROVSK,"улица Карла Маркса, 41, Хабаровск, Россия, 680000",48.482744,135.073534,-0.07243741143
2749,1784,1942,61 BELINSKOGO STR.        N.NOVGOROD,"улица Белинского, 61, Нижний Новгород, Россия, 603105",56.316614,44.018769,0.09764552454
2750,1790,1942,19 FOKINA STR.            VLADIVOSTOK,"улица Адмирала Фокина, 19, Владивосток, Приморский край, Россия, 690091",43.117517,131.883778,0.01005752725
2751,1795,1942,27D ENGELSA AV.           SANKT-PETERB,"проспект Энгельса, 27, Санкт-Петербург, Россия, 194156",60.005324,30.328022,-0.02250316399
2752,1808,1942,26 SEMENOVSKAYA STR.      VLADIVOSTOK,"Семёновская улица, 26, Владивосток, Приморский край, Россия, 690033",43.117958,131.885691,0.0007383737239
2753,1809,1942,26 SEMENOVSKAYA STR.      VLADIVOSTOK,"Семёновская улица, 26, Владивосток, Приморский край, Россия, 690033",43.117958,131.885691,0.02509057553
2754,1835,1942,22 MOSKOVSKAYA            SOCHI,"Московская улица, 22, микрорайон Центральный, Сочи, Краснодарский край, Россия",43.594496,39.723044,0.01478756743
2755,1842,1942,17 STANISLAVSKOGO         NOVOSIBIRSK,"улица Станиславского, 17, Новосибирск, Россия, 630054",54.981577,82.872433,0.01338674879
2756,1857,1942,52 LENINA AVE             MURMANSK,"проспект Ленина, 52, Мурманск, Россия, 183038",68.960736,33.070848,-0.07262940503
2757,1860,1942,16 ENTUZIASTOV            NABEREZHNYE,"бульвар Энтузиастов, 16, 2-й комплекс, Набережные Челны, Республика Татарстан, Россия",55.744901,52.421314,-0.04152398687
2758,1864,1942,251B PAVLOVSKIY TRAKT     BARNAUL,"Павловский тракт, 251, Барнаул, Алтайский край, Россия",53.343226,83.67965,0.01844361842
2759,1878,1942,1/34 TRAKTOROSTROITELEY A CHEBOKSARY,"проспект Тракторостроителей, 1/34, Чебоксары, Чувашская Республика, Россия, 428027",56.098793,47.285116,-0.007667411394
2760,1890,1942,45 PISKUNOVA STR.         NIZHNIY NOVG,"улица Пискунова, 45, Нижний Новгород, Россия",56.326148,44.014134,0.08561519133
2761,1891,1942,45 PISKUNOVA STR.         NIZHNIY NOVG,"улица Пискунова, 45, Нижний Новгород, Россия",56.326148,44.014134,0.05146378411
2762,744,1942,75 R.ZORGE STR.           KAZAN,"улица Рихарда Зорге, 75, Казань, Республика Татарстан, Россия, 420110",55.74829,49.213026,-0.02032700302
2763,746,1942,23 MICHURINA STR          NOVOSIBIRSK,"улица Мичурина, 23, Новосибирск, Россия, 630091",55.041333,82.920996,-0.01218399219
2764,749,1942,73 MOSKOVSKAYA STR.       PENZA,"Московская улица, 73, Пенза, Россия, 440000",53.19481,45.017678,0.07822618693
2765,750,1942,73 MOSKOVSKAYA STR.       PENZA,"Московская улица, 73, Пенза, Россия, 440000",53.19481,45.017678,0.03070480377
2766,764,1942,4/3/13 20-LINIYA ST       ROSTOV-ON-DO,"20-я линия, СНТ Бархатная Роща, посёлок подсобного хозяйства Воскресенское, Москва, Россия",55.518143,37.452687,0.02428164948
2767,765,1942,13/3 70LET OKTYABRY       OMSK,"улица 70 лет Октября, 13/3, Омск, Россия, 644074",54.982544,73.316999,0.09483008507
2768,766,1942,13/3 70LET OKTYABRY       OMSK,"улица 70 лет Октября, 13/3, Омск, Россия, 644074",54.982544,73.316999,0.09555985726
2769,774,1942,30-40 CHERNYAKHOVSK       KALININGRAD,,,,0.001570933804
2770,785,1942,20 KRASNIH-PARTIZAN       USOLIE-SIBIR,"проспект Красных Партизан, 20, Усолье-Сибирское, Иркутская область, Россия, 665460",52.733119,103.657948,0.007344244507
2771,787,1942,58B KRASNOARMEYSKIY       BARNAUL,"Красноармейский проспект, 58, Барнаул, Алтайский край, Россия, 656049",53.338129,83.774889,0.04584289591
2772,788,1942,91 KARLA MARKSA           KHABAROVSK,"улица Карла Маркса, 91, Хабаровск, Россия, 680009",48.497492,135.097932,0.06689844283
2773,796,1942,51 K.MARKSA STR.          CHEBOKSARY,"улица Карла Маркса, 51, Чебоксары, Чувашская Республика, Россия",56.133332,47.246883,0.013510146
2774,797,1942,51 K.MARKSA STR.          CHEBOKSARY,"улица Карла Маркса, 51, Чебоксары, Чувашская Республика, Россия",56.133332,47.246883,0.0339197849
2775,798,1942,51 K.MARKSA STR.          CHEBOKSARY,"улица Карла Маркса, 51, Чебоксары, Чувашская Республика, Россия",56.133332,47.246883,-0.02845833327
2776,811,1942,20 BAUMANA STR.           KEMEROVO,"улица Баумана, 20, Кемерово, Россия, 650040",55.317445,86.095525,0.08927074096
2777,827,1942,134 SELEZNEVA STR         KRASNODAR,"улица Селезнёва, 134, Краснодар, Россия, 350075",45.023163,39.042345,-0.01217796671
2778,834,1942,46 PR. REVOLYUTSII        VORONEZH,"проспект Революции, 46, Воронеж, Россия, 394036",51.667021,39.205884,0.0199656183
2779,850,1942,58B KRASNOARMEYSKIY       BARNAUL,"Красноармейский проспект, 58, Барнаул, Алтайский край, Россия, 656049",53.338129,83.774889,0.03039180574
2780,851,1942,58B KRASNOARMEYSKIY       BARNAUL,"Красноармейский проспект, 58, Барнаул, Алтайский край, Россия, 656049",53.338129,83.774889,0.03422222732
2781,852,1942,1 B.KHELNITSKOGO ST       IRKUTSK,"улица Богдана Хмельницкого, 1Б, Иркутск, Россия, 664003",52.283412,104.287487,0.06303390522
2782,853,1942,1 B.KHELNITSKOGO ST       IRKUTSK,"улица Богдана Хмельницкого, 1Б, Иркутск, Россия, 664003",52.283412,104.287487,0.01965919832
2783,858,1942,45 PLEKHANOVSKAYA         VORONEZH,"Плехановская улица, 45, Воронеж, Россия, 394030",51.671869,39.187118,0.02395904341
2784,865,1942,57 VASILEVA STR.          BIYSK,"улица имени Героя Советского Союза Васильева, 57, Бийск, Алтайский край, Россия",52.509617,85.14791,0.08692267408
2785,866,1942,57 VASILEVA STR.          BIYSK,"улица имени Героя Советского Союза Васильева, 57, Бийск, Алтайский край, Россия",52.509617,85.14791,0.1054426903
2786,885,1942,133A MICHURINA STR.       SARATOV,"улица Мичурина, 133, Саратов, Россия",51.528088,46.045171,-0.0007181708651
2787,886,1942,133A MICHURINA STR.       SARATOV,"улица Мичурина, 133, Саратов, Россия",51.528088,46.045171,0.01123722023
2788,995,1942,3G LESKOVA STR.           MOSCOW,"улица Лескова, 3, Москва, Россия, 127349",55.899179,37.591512,0.05553918991
2789,996,1942,3G LESKOVA STR.           MOSCOW,"улица Лескова, 3, Москва, Россия, 127349",55.899179,37.591512,0.05352257559
2790,1022,1942,UL NEFTYANIKOV 19         NIZHNEVARTOV,"улица Нефтяников, 19, Нижневартовск, Ханты-Мансийский автономный округ, Россия, 628609",60.940634,76.577066,-0.09084157577
2791,1025,1942,PR KOSMONAVTOV 12B        KOROLEV,"проспект Космонавтов, 12, Королёв, Московская область, Россия, 141075",55.917213,37.866433,0.05887484136
2792,1046,1942,64 LIHACHEVSKIY AV.       DOLGOPRUDNIY,"Лихачёвский проспект, 64, Долгопрудный, Московская область, Россия, 141720",55.93127,37.494377,0.04950857591
2793,1049,1942,25 GAGARINA STR.          NIZHNEKAMSK,"улица Гагарина, 25, Нижнекамск, Республика Татарстан, Россия",55.648946,51.845512,0.02273616169
2794,1050,1942,10B PRIVOKZALNAYA         AZOV,"Привокзальная улица, 10, Азов, Ростовская область, Россия, 346782",47.099586,39.417051,0.02424573657
2795,1052,1942,84 SOVETSKAYA STR.        NOVOTROITSK,"Советская улица, 84, Новотроицк, Оренбургская область, Россия",51.194334,58.295595,-0.07383582877
2796,1056,1942,1 NOVOSMOLENSKAYA         S.-PETERSBUR,"Новосмоленская набережная, 1, Санкт-Петербург, Россия, 199397",59.949145,30.230878,0.009215348542
2797,1063,1942,58/24 ROSTOVSKAYA STR     VORONEZH,"Ростовская улица, 58/24, Воронеж, Россия, 394074",51.603266,39.237936,-0.08593632131
2798,1076,1942,25 MARSHA ZHUKOVA         OMSK,"улица Маршала Жукова, 25, Омск, Россия, 644024",54.984832,73.387346,0.05032054275
2799,1077,1942,38 DAURSKAYA STR.         KAZAN,"Даурская улица, 38, Казань, Республика Татарстан, Россия, 420087",55.764141,49.174452,-0.09455949326
2800,1079,1942,16 POBEDY AVE             VYBORG,"проспект Победы, 16, Выборг, Ленинградская область, Россия, 188800",60.697772,28.775994,-0.02436910826
2801,1080,1942,137 MENDELEEVA STR.       UFA,"улица Менделеева, 137, Уфа, Республика Башкортостан, Россия, 450022",54.713475,55.993582,-0.06557084538
2802,1081,1942,14/4 LUKASHEVICHA STR     OMSK,"улица Лукашевича, 14/4, Омск, Россия, 644081",54.996619,73.274024,0.007896279069
2803,1092,1942,35 TRAKTOVAYA STR.        IRKUTSK,"Трактовая улица, 35, Иркутск, Россия, 664014",52.329683,104.23614,-0.07115029594
2804,1093,1942,25 LENINA AVE             ORSK,"проспект Ленина, 25, микрорайон Новый город, Орск, Оренбургская область, Россия, 462419",51.228262,58.474657,-0.01137086093
2805,1103,1942,29-4 GARIBALDI STR.       MOSCOW,"улица Гарибальди, 29к4, Москва, Россия, 117418",55.669188,37.560107,0.02614755629
2806,1106,1942,80 KOLSKIY AV.            MURMANSK,"Кольский проспект, 80, Мурманск, Россия, 183008",68.934527,33.109359,-0.02336985778
2807,1113,1942,21A L.KOMSOMOLA STR       CHEBOKSARY,"улица Ленинского Комсомола, 21А, Чебоксары, Чувашская Республика, Россия, 428020",56.107584,47.280948,-0.05505160707
2808,1123,1942,1 KOMMUNISTICHESKAY       MYTISHI,,,,0.03335106932
2809,1131,1942,129 MOSKOVSKIY AV.        VORONEZH,"Московский проспект, 129, Воронеж, Россия, 394005",51.72775,39.177452,0.004876284407
2810,1139,1942,32A MIKLUHO-MAKLAYA       MOSCOW,"улица Миклухо-Маклая, 32А, Москва, Россия, 117279",55.640889,37.530732,0.08047934661
2811,1172,1942,34 TARKHOVA STR.          SARATOV,"улица имени С.Ф. Тархова, 34, Саратов, Россия",51.608966,46.001666,-0.08094339641
2812,1176,1942,2 CHERNOVA STR            S.-PETERBURG,"улица Чернова, 2, Санкт-Петербург, Россия, 192012",59.864092,30.470558,-0.001072330227
2813,1177,1942,2 SOGLASIYA STR.          KALININGRAD,"улица Согласия, 2, Калининград, Россия",54.741338,20.495539,0.01390415912
2814,1179,1942,174P LENINSKIY AV.        VORONEZH,"Ленинский проспект, 174, Воронеж, Россия, 394033",51.69885,39.273554,-0.01214483904
2815,1186,1942,37 POSELKOVAYA STR.       KOSTROMA,"Поселковая улица, 37, Кострома, Россия, 156008",57.777753,40.967525,0.004429258437
2816,1192,1942,2V MASHINOSTROITELE       KURGAN,"проспект Машиностроителей, 2В, Курган, Россия, 640007",55.45188,65.34216,0.02209896449
2817,1197,1942,133 K.MARKSA STR.         KRASNOYARSK,"улица Карла Маркса, 133, Красноярск, Россия, 660017",56.009738,92.863307,0.04076855446
2818,1201,1942,14 EMELYANOVA STR.        U.-SAKHALINS,"улица Гагарина, планировочный район Луговое, Южно-Сахалинск, Сахалинская область, Россия",47.01067,142.713427,0.06715321073
2819,1206,1942,107 VATUTINA STR          NOVOSIBIRSK,"улица Ватутина, 107, Новосибирск, Россия, 630024",54.96408,82.936069,-0.008787175747
2820,1223,1942,49B GAGARINA STR.         IZHEVSK,"улица Гагарина, 49, Ижевск, Удмуртская Республика, Россия, 426049",56.794273,53.184164,-0.05492138579
2821,1231,1942,52A OKEANSKIY AV.         VLADIVOSTOK,"Океанский проспект, 52А, Владивосток, Приморский край, Россия, 690106",43.129493,131.893219,0.03795258837
2822,1232,1942,73 KIROVA STR.            PENZA,"улица Кирова, 73, Пенза, Россия, 440026",53.198176,45.021379,-0.01191053628
2823,1242,1942,42 MIRA AV.               OMSK,"проспект Мира, 42, Омск, Россия, 644050",55.028878,73.288549,0.02559185283
2824,1244,1942,7 EKSPERIMENTALNAYA       PENZA,"Экспериментальная улица, 7, Пенза, Россия, 440068",53.13192,45.020912,-0.0902986654
2825,1271,1942,15A GORKOGO STR.          SARAPUL,"улица Горького, 15А, Центральный район, Сарапул, Удмуртская Республика, Россия, 427960",56.475519,53.815221,-0.01326778891
2826,1276,1942,187V RODIONOVA            NIZH.NOVGORO,"улица Родионова, 187В, Нижний Новгород, Россия, 603093",56.306448,44.076675,0.01017533353
2827,1285,1942,7 POYMA STR.              IZHEVSK,"улица Пойма, 7, Ижевск, Удмуртская Республика, Россия, 426028",56.811685,53.196309,-0.05261177513
2828,1289,1942,56 STARA-ZAGORA           SAMARA,"улица Стара Загора, 56, Самара, Россия, 443081",53.230681,50.208009,0.06295922174
2829,1293,1942,34 OKTYABRYA AV.          UFA,"проспект Октября, 34, Уфа, Республика Башкортостан, Россия, 450059",54.749725,55.999978,-0.02425881735
2830,1298,1942,93 YAMASHEVA AV.          KAZAN,"проспект Ямашева, 93, Казань, Республика Татарстан, Россия, 421001",55.826038,49.148823,-0.0511206817
2831,1299,1942,13 KIROVA STR.            TULA,"улица Кирова, 13, Тула, Россия, 300001",54.195666,37.644827,0.01648808001
2832,1304,1942,33B KUZNETSKIY AVE        KEMEROVO,"Кузнецкий проспект, 33, Кемерово, Россия, 650000",55.355787,86.064497,0.0002233518864
2833,1312,1942,98 ODOEVSKOE H/W.         TULA,"Одоевское шоссе, 98, Тула, Россия, 300036",54.195055,37.543821,0.03813175669
2834,1320,1942,15 LENINA AV.             TOMSK,"проспект Ленина, 15, Томск, Россия, 634028",56.458129,84.951574,-0.01808944188
2835,1332,1942,117 LENINSKIY AV.         VORONEZH,"Ленинский проспект, 117, Воронеж, Россия, 394007",51.672193,39.251707,-0.06632371487
2836,1339,1942,7 LENINA STR.             NOVOROSSIYSK,"улица Ленина, 7, село Цемдолина, Новороссийск, Краснодарский край, Россия, 353960",44.745522,37.726224,0.03213294398
2837,1340,1942,28V LENINGRADSKIY AV.     KEMEROVO,"Ленинградский проспект, 28, Кемерово, Россия, 650065",55.353289,86.170561,0.03988368127
2838,1354,1942,27 TRUDOVYE REZERVY       NOVOMOSKOVSK,"улица Трудовые Резервы, 27, Новомосковск, Тульская область, Россия, 301650",54.010464,38.286961,-0.04044498715
2839,1364,1942,5A MOSKOVSKOE H/W         RYAZAN,"деревня Рязань, Одинцовский район, Московская область, Россия",55.672143,36.670955,-0.04505467325
2840,1369,1942,100 M.EREMENKO            VOLGOGRAD,"улица Маршала Ерёменко, 100, Волгоград, Россия, 400105",48.777275,44.555243,-0.03501038502
2841,1374,1942,55 1-YA OSTANKINSKAYA STR MOSCOW,"1-я Останкинская улица, 55, Москва, Россия, 129515",55.824258,37.634524,0.02804919732
2842,1376,1942,112 SOVETSKAYA STR        NOVOTROITSK,"Советская улица, 112, Новотроицк, Оренбургская область, Россия, 462360",51.192556,58.286136,-0.1291552724
2843,1383,1942,70/1 PERVOMAYSKIY A       RYAZAN,"Первомайский проспект, 70/1, Рязань, Россия, 390013",54.62957,39.709695,-0.01375612225
2844,1402,1942,27 M.BALKANSKAYA STR.     S.-PETERBURG,"Балканская улица, 17, Санкт-Петербург, Россия, 192281",59.825212,30.380798,-0.07362953928
2845,1411,1942,8 TRETYAKA STR.           BALASHIKHA,"улица Третьяка, 8, микрорайон Авиаторов, Балашиха, Московская область, Россия",55.82312,37.951871,0.03849280932
2846,1425,1942,44 KUTUZOVA STR.          KRASNOYARSK,"улица Кутузова, 44, Красноярск, Россия, 660003",55.990735,92.957971,0.04116162397
2847,1426,1942,222 STAVRAPOLSKAYA STR.   KRASNODAR,"Ставропольская улица, 222, микрорайон Черёмушки, Краснодар, Россия, 350040",45.018952,39.02896,0.03208017006
2848,1430,1942,10 VODOPYANOVA STR.       KRASNOYARSK,"улица Водопьянова, 10, микрорайон Северный, Советский район, Красноярск, Россия, 660125",56.060449,92.91151,0.1139767313
2849,1433,1942,62 9-MAYA STR.            KRASNOYARSK,"улица 9 Мая, 62, Красноярск, Россия, 660125",56.054261,92.900721,0.05255379098
2850,1434,1942,77 9-MAYA STR.            KRASNOYARSK,"улица 9 Мая, 77, Красноярск, Россия, 660125",56.050913,92.904369,0.03622734772
2851,1459,1942,2 B.TULSKAYA STR          MOSCOW,"Малая Тульская улица, 2с3, Москва, Россия, 115191",55.709393,37.619612,0.05723570368
2852,1462,1942,12 DEKABRISTOV STR.       MOSCOW,"улица Декабристов, 12, Москва, Россия, 127562",55.863171,37.602148,0.02501245858
2853,1464,1942,165 RODIONOVA STR.        NIZHNIY NOVG,"улица Родионова, 165, Нижний Новгород, Россия, 603093",56.313648,44.069731,-0.003506369155
2854,1467,1942,130A TROLLEYNAYA STR.     NOVOSIBIRSK,"Троллейная улица, 130А, Новосибирск, Россия, 630107",54.966463,82.852966,0.03194606412
2855,1470,1942,65A MOSKOVSKOE H/W.       RYAZAN,"Московское шоссе, 65А, Рязань, Россия",54.650568,39.63606,-0.06964842317
2856,1474,1942,57 KRASNOGO ZNAMENI AV.   VLADIVOSTOK,"проспект Красного Знамени, 57, Владивосток, Приморский край, Россия",43.127499,131.906299,0.04040653042
2857,1480,1942,16A DZERZHINSKOGO STR.    TOGLIATTI,,,,-0.0005347627219
2858,1485,1942,29 POBEDY STR.            TOGLISTTI,"улица Победы, 29, Тольятти, Самарская область, Россия",53.51908,49.425532,-0.002025396343
2859,1536,1942,41 KOMMUNALNAYA STR.      PSKOV,"Коммунальная улица, 41, Псков, Россия, 180024",57.820444,28.290239,-0.08097725373
2860,1538,1942,20 SVERDLOVA STR.         BALASHIKHA,"улица Свердлова, 20, Балашиха, Московская область, Россия, 143905",55.823075,37.971293,0.0008510920742
2861,1543,1942,1A SVERDLOVA STR.         BALASHIKHA,"улица Свердлова, 1А, Балашиха, Московская область, Россия, 143910",55.81827,37.965373,-0.01668116219
2862,1548,1942,113A LENINA STR.          USSURIYSK,"улица Ленина, 113А, Уссурийск, Приморский край, Россия, 692503",43.800441,131.954475,-0.04437941963
2863,1553,1942,51-1 BIRYULEVSKAYA STR.   MOSCOW,"Бирюлёвская улица, 51к1, Москва, Россия, 115372",55.582655,37.671507,0.06798902317
2864,1555,1942,125 AKSAKOVA STR.         KALININGRAD,"улица Аксакова, 125, Калининград, Россия",54.711707,20.579128,-0.07835738331
2865,1556,1942,4 POBEDY SQ.              KALININGRAD,"площадь Победы, 4, Калининград, Россия",54.72086,20.499734,-0.04363008
2866,1574,1942,9A UST-KURDYUMSKAYA STR.  SARATOV,"Усть-Курдюмская улица, 9А, Саратов, Россия, 410018",51.572965,46.070782,-0.04201853014
2867,1584,1942,45 CHAPAEVA STR.          PETROZAVODSK,"улица Чапаева, 45, Петрозаводск, Республика Карелия, Россия, 185002",61.782401,34.322282,-0.08327375141
2868,1622,1942,188M MOSKOVSKIY AV.       S.-PETERBURG,,,,-0.0363299688
2869,1667,1942,10 Y.FABRITSIUSA STR.     PSKOV,"улица Яна Фабрициуса, 10, Псков, Россия, 180017",57.80713,28.347075,-0.06823282655
2870,1669,1942,49A NARODNAYA STR.        PSKOV,"Народная улица, 49А, исторический район Завеличье, Псков, Россия, 180016",57.812941,28.307576,-0.02810946113
2871,385,3185.5,"VerkhnePecherskaya ul., 1 N. Novgorod ","Верхнепечёрская улица, 1, Нижний Новгород, Россия",56.299056,44.066425,-0.1254465834
2872,1929,3185.5,"Sormovskoe sh., 20        N. Novgorod ","Сормовское шоссе, 20, Нижний Новгород, Россия, 603074",56.319869,43.926503,-0.1450012315
2873,1988,3185.5,SARATOVSKOE SHOSSE        BALAKOVO,"Саратовское шоссе, Балаково, Саратовская область, Россия",52.006024,47.822173,-0.1036109037
2874,2047,3185.5,"LOMONOSOVSKI,15           MOSKVA      ","Ломоносовский проспект, 15, Москва, Россия, 119311",55.688878,37.540713,-0.05147185097
2875,2051,3185.5,TUL FRUNZE 22             TULA,"улица Фрунзе, 22, Тула, Россия, 300034",54.187928,37.59189,-0.1450012315
2876,2059,3185.5,"LENINA, 36                TOMSK       ","проспект Ленина, 36, Томск, Россия, 634050",56.469458,84.947568,-0.06923230189
2877,2061,3185.5,"BERINGA, 10               TOMSK       ","улица Беринга, 10, Томск, Россия, 634063",56.516258,85.03368,-0.08008184021
2878,2075,3185.5,"NAHIMOVA, 15              TOMSK       ","улица Нахимова, 15, Томск, Россия, 634045",56.454717,84.973367,-0.02369580424
2879,2079,3185.5,"VERSHININA, 74            TOMSK       ","улица Вершинина, 74, Томск, Россия, 634045",56.451145,84.963764,-0.02039750761
2880,2088,3185.5,"30 LET POBEDY, 7          TOMSK       ","улица 30-летия Победы, 7, микрорайон Академгородок, Томск, Россия, 634055",56.472113,85.044191,-0.01127306702
2881,2090,3185.5,"LENINA, 36                TOMSK       ","проспект Ленина, 36, Томск, Россия, 634050",56.469458,84.947568,-0.1193480214
2882,2095,3185.5,"VOLODARSKOGO, 35          ORENBURG    ","улица Володарского, 35, Оренбург, Россия, 460000",51.768238,55.104735,-0.0830030924
2883,2104,3185.5,"MONTAZHNIKOV, 2           ORENBURG    ","улица Монтажников, 2, Оренбург, Россия, 460048",51.801221,55.139967,-0.03074392093
2884,2123,3185.5,"SALMYSHSKAJA, 41          ORENBURG    ","Салмышская улица, 41, Оренбург, Россия",51.827217,55.163215,0.01947743001
2885,2131,3185.5,"UL. LENINA, 304           STAVROPOL   ","улица Ленина, 304, Ставрополь, Россия, 355017",45.038897,41.964888,-0.06781028301
2886,2141,3185.5,N.TAGIL SHEVCHENKO1       N. TAGIL,"улица Шевченко, 1, Нижний Тагил, Свердловская область, Россия, 622005",57.937497,60.021618,0.01526819654
2887,2143,3185.5,"Stahanovskaja, 3          Ekaterinburg","Стахановская улица, 3, Орджоникидзевский район, Екатеринбург, Свердловская область, Россия, 620012",56.890668,60.592929,-0.1203602055
2888,2146,3185.5,"SVETLANOVSKAYA, 50        NOVOSIBIRSK ","Светлановская улица, 50, Новосибирск, Россия, 630047",55.081725,82.932871,-0.1247355172
2889,2149,3185.5,"UL. KURCHATOVA, 1         NOVOSIBIRSK ","улица Курчатова, 1, Новосибирск, Россия, 630129",55.104311,82.960692,-0.01403946974
2890,2154,3185.5,"PL.K.MARKSA, 7            NOVOSIBIRSK ","площадь Карла Маркса, 7, Новосибирск, Россия",54.980394,82.897882,-0.0558607529
2891,2156,3185.5,"B.HMELNICKOGO, 47         NOVOSIBIRSK ","улица Богдана Хмельницкого, 47, Новосибирск, Россия, 630110",55.078087,82.957683,-0.02823642627
2892,2165,3185.5,ST.M.OKTJABRSKAJA         NOVOSIBIRSK,"метро Октябрьская, Ленинская линия, Новосибирск, Россия",55.01914,82.939303,-0.01141537349
2893,2167,3185.5,"UL.OBEDINENIJA,61         NOVOSIBIRSK ","улица Объединения, 61, Новосибирск, Россия, 630027",55.09882,82.97944,-0.05463467847
2894,2173,3185.5,"BULVAR ZELENIY, 4         OMSK        ","Зелёный бульвар, 4, 6-й микрорайон, Омск, Россия",55.002516,73.288172,-0.07711623075
2895,2180,3185.5,"Kosmicheskij pr,17a       OMSK        ","Космический проспект, 17А, посёлок Чкаловский, Омск, Россия, 644027",54.968753,73.446105,-0.0492089964
2896,2187,3185.5,"21 AMURSKAYA, 33-1        OMSK        ","21-я Амурская улица, 33/1, Омск, Россия, 644086",55.028734,73.412059,-0.07959584707
2897,2191,3185.5,"MIRA, 98                  OMSK        ","проспект Мира, 98, Омск, Россия, 644089",55.029544,73.250452,-0.01038071205
2898,2207,3185.5,"NEFTEZAVODSKAYA, 27       OMSK        ","Нефтезаводская улица, 27, Омск, Россия, 644053",55.0383,73.262669,-0.02889669763
2899,2219,3185.5,"GLINKI, 4                 OMSK        ","улица Глинки, 4, микрорайон Заозёрный, Омск, Россия, 644083",55.051479,73.305707,-0.03365966409
2900,2231,3185.5,SVERDLOVSKAJA 53          KRASNOJARSK,"Свердловская улица, 53, Красноярск, Россия, 660042",55.979269,92.847281,-0.06591632135
2901,2234,3185.5,K MARKSA 148A             KRASNOJARSK,"улица Карла Маркса, 148А, Красноярск, Россия, 660021",56.009346,92.839259,-0.02005294355
2902,2241,3185.5,"LENINA, 52 ZHEL.          ZHELEZNOGORS","улица Ленина, 52, Железногорск, Курская область, Россия, 307179",52.339159,35.351581,-0.09588025369
2903,2253,3185.5,"MIRA, 15 ZHEL.            ZHELEZNOGORS","улица Мира, 15, Железногорск, Курская область, Россия, 307170",52.334344,35.372404,0.04322005917
2904,2256,3185.5,TOTMINA 22                KRASNOJARSK,"улица Тотмина, 22, микрорайон Северо-Западный, Красноярск, Россия",56.036548,92.772325,0.005114579442
2905,2258,3185.5,NOVOSIBIRSKAJA 9A         KRASNOJARSK,"Новосибирская улица, 9А, Красноярск, Россия, 660018",56.017674,92.820232,0.02526994786
2906,2264,3185.5,KURCHATOVA 17             KRASNOJARSK,"улица Курчатова, 17, Красноярск, Россия, 660062",56.017644,92.776871,0.01135814269
2907,2266,3185.5,K. MARKSA 133             KRASNOJARSK,"улица Карла Маркса, 133, Красноярск, Россия, 660017",56.009738,92.863307,-0.01510879726
2908,2273,3185.5,"155, TOBOLSKAYA ST.       ULAN-UDE    ","Тобольская улица, 155, Улан-Удэ, Республика Бурятия, Россия, 670042",51.819969,107.668288,-0.06637486387
2909,2280,3185.5,"161, RUKAVISHNIKOVA       KJAHTA      ","улица Рукавишникова, город Кяхта, Республика Бурятия, Россия",50.355806,106.437048,-0.1450012315
2910,2281,3185.5,"32G, RYABIKOVA            IRKUTSK     ","бульвар Рябикова, 32, Иркутск, Россия, 664043",52.26272,104.207537,-0.08313236253
2911,2285,3185.5,"5-1, M.ZHUKOVA PR.        IRKUTSK     ","проспект Маршала Жукова, 5/1, Иркутск, Россия, 664050",52.249693,104.35381,0.005330269151
2912,2287,3185.5,"14, ENERGETIKOV ST.       JASNOGORSK  ","улица Энергетиков, 4, поселок городского типа Ясногорск, Оловяннинский район, Забайкальский край, Россия, 674520",50.874664,115.693397,-0.0816019044
2913,2303,3185.5,STARA-ZAGORA 84           SAMARA,"улица Стара Загора, 84, Самара, Россия, 443081",53.233532,50.21524,-0.0681048214
2914,2304,3185.5,UL.50-LET OKTJABRJA       SYZRAN,"проспект 50 лет Октября, Сызрань, Самарская область, Россия",53.125722,48.407471,-0.06293444748
2915,2307,3185.5,"SHOSSEJNAJA, D.9          SAMARA      ","Шоссейная улица, 9А, Самара, Россия",53.165107,50.075076,-0.1450012315
2916,2309,3185.5,"DZERZHINSKOGO, 21         TOLJATTI    ","улица Дзержинского, 21, Тольятти, Самарская область, Россия, 445039",53.533656,49.319755,-0.08954797556
2917,2314,3185.5,"LENINGRADSKAJA, 53        TOLJATTI    ","Ленинградская улица, 53, Тольятти, Самарская область, Россия, 445021",53.505571,49.416674,-0.1175856344
2918,2320,3185.5,"MIRA, 123                 TOLJATTI    ","улица Мира, 123, Тольятти, Самарская область, Россия, 445054",53.511145,49.447864,-0.1338292318
2919,2324,3185.5,"UL. BELINSKOGO, 53        KALININGRAD ","улица Белинского, 53, Калининград, Россия, 236010",54.715566,20.442161,-0.100596434
2920,2325,3185.5,MOSKOVSKIJ PR 52          KALININGRAD,"Московский проспект, 52, Калининград, Россия, 236006",54.709018,20.506714,0.006719273539
2921,2343,3185.5,"UL. OKTJABRSKAJA, 1       YAKUTSK     ","Октябрьская улица, 1, Якутск, Республика Саха (Якутия), Россия",62.024279,129.72686,-0.02631625636
2922,2346,3185.5,"UL. LERMONTOVA, 25        YAKUTSK     ","улица Лермонтова, 25, Якутск, Республика Саха (Якутия), Россия, 677000",62.042809,129.736939,-0.01630152927
2923,2362,3185.5,"UL. AMMOSOVA, D.18        YAKUTSK     ","улица Аммосова, 18, Якутск, Республика Саха (Якутия), Россия",62.029018,129.731531,-0.01846198705
2924,2364,3185.5,ALLEJA TRUDA 1 K.3        KOMSOMOLSK-N,"улица Аллея Труда, 1К3, Комсомольск-на-Амуре, Хабаровский край, Россия",50.54231,137.032921,-0.02344460762
2925,2371,3185.5,"SEVERNOE SH., 151         KOMS-NA-AMUR","Северо-Западное шоссе, Неклиновский район, Ростовская область, Россия",47.237217,38.807319,-0.1314249613
2926,2376,3185.5,"UL.TEATRALNAYA,236        BLAGOVESHENS","Театральная улица, 236, Благовещенск, Амурская область, Россия, 675014",50.295653,127.557932,-0.06780151637
2927,2385,3185.5,"UL.BOLSHAYA, D.88         KHABAROVSK  ","Большая улица, 88, Хабаровск, Россия, 680022",48.505486,135.085625,-0.01969324018
2928,2407,3185.5,"LUNACHARSKOGO, 2A         NAHODKA     ","улица Луначарского, 2А, Находка, Приморский край, Россия, 692926",42.809064,132.871628,0.02092847667
2929,2411,3185.5,"CHERNYAKHOVSKOGO, 5       VLADIVOSTOK ","улица Черняховского, 5, Владивосток, Приморский край, Россия, 690013",43.119366,131.955715,0.01643593401
2930,2451,3185.5,"UL. GAGARINA, 9A          VOSTOK      ","улица Гагарина, 9, село Восток, Поронайский городской округ, Сахалинская область, Россия, 694201",48.977943,142.918315,-0.09691244078
2931,2456,3185.5,"PR-T POBEDY, D.30         U-SAHALINSK ","проспект Победы, 30, Южно-Сахалинск, Сахалинская область, Россия, 693007",46.950685,142.74529,0.09353655301
2932,2457,3185.5,"UL. DETSKAJA, 4           JUZHNO-SAHAL","Детская улица, 4, Южно-Сахалинск, Сахалинская область, Россия, 693001",46.967586,142.752575,-0.05498302897
2933,2458,3185.5,"UL.LENINA, D.316          YU-SAHALINSK","улица Ленина, 316, Южно-Сахалинск, Сахалинская область, Россия, 693006",46.940583,142.732273,-0.03389683972
2934,2466,3185.5,50 LET OKTJABRJA          OSTROGOZHSK,"улица 50 лет Октября, Острогожск, Воронежская область, Россия",50.848534,39.042372,0.01155332855
2935,2471,3185.5,ULSOVETSKAJA 23           TAMBOV,"Советская улица, 23, Тамбов, Россия, 392002",52.709365,41.466674,-0.07274494186
2936,2475,3185.5,"G. ELEC, UL. RADIOT       ELEC        ",,,,-0.01612574318
2937,2489,3185.5,PR.  ANDROPOVA            MOSKVA,,,,-0.08627267257
2938,2497,3185.5,VARSHAVSKOE 97            MOSKVA,"Варшавское шоссе, 97, Москва, Россия, 117556",55.633226,37.624256,-0.05971480203
2939,2508,3185.5,AKSENOVA 17               OBNINSK,"улица Аксенова, 17, Обнинск, Калужская область, Россия, 249032",55.11771,36.6134,-0.02744287701
2940,2515,3185.5,"BORISOVSKOE SH.,D.1       SERPUHOV    ","Борисовское шоссе, 1, Серпухов, Московская область, Россия, 142200",54.917515,37.426492,-0.1066625329
2941,2518,3185.5,NOV SVOBODY 8             NOVOMOSKOVSK,"улица Свободы, 8, Новомосковск, Тульская область, Россия, 301651",54.0816,38.215734,-0.009443328065
2942,2526,3185.5,NOVORIZHSKOE SH           ILINSKOE-USO,"Новорижское шоссе, 26-й километр, Московская область, Россия",55.78195,37.239939,0.006300533007
2943,2527,3185.5,"CVETNOJ B.,D.15,S.1       MOSKVA      ","Цветной бульвар, 15с1, Москва, Россия, 127051",55.771145,37.620177,-0.07438996274
2944,2533,3185.5,"KIROVOGRADSKAJA,15A       MOSKVA      ","Кировоградская улица, вл15А, Москва, Россия, 117519",55.609924,37.603415,-0.1041542114
2945,2535,3185.5,"SMOLENSKAJA, 3            MOSKVA      ","улица Плющиха, 9с2, Москва, Россия, 119121",55.744257,37.581514,-0.02730977228
2946,2537,3185.5,"UL. GRIMAU, D. 6          MOSKVA      ","улица Гримау, 6, Москва, Россия, 117036",55.691257,37.580625,-0.01928418341
2947,2547,3185.5,"P DEVICHEGO POLJA,4       MOSKVA      ","улица Верхние Поля, 4, Москва, Россия, 109341",55.660912,37.744046,-0.1450012315
2948,2550,3185.5,"7KOZHUHOVSKAJA,3A,5       MOSKVA      ","7-я Кожуховская улица, вл5Б, Москва, Россия, 115193",55.709809,37.670447,-0.007287558103
2949,2568,3185.5,"UL. VAVILOVA, DOM 3       MOSKVA      ","улица Вавилова, 3, Москва, Россия, 119334",55.706883,37.592096,0.001932901674
2950,2575,3185.5,CHL ARTIL-SKAJA100V       CHELJABINSK,,,,-0.01095134963
2951,2578,3185.5,SELKOROVSKAJA 70          EKATERINBURG,"Селькоровская улица, 70, Екатеринбург, Свердловская область, Россия, 620103",56.758023,60.609925,-0.07298647001
2952,2592,3185.5,MENDELEEVA D.1            TJUMEN,"улица Дмитрия Менделеева, 1, Тюмень, Россия",57.117309,65.549482,-0.05127362808
2953,2594,3185.5,"REPINA, 94                EKATERINBURG","улица Репина, 94, Екатеринбург, Свердловская область, Россия, 620043",56.817178,60.538536,-0.01279008813
2954,2599,3185.5,"TOB, 7 A MKR., 39B        TOBOLSK     ","микрорайон 7А, 39Б, Тобольск, Тюменская область, Россия",58.241999,68.275923,-0.02483182473
2955,2608,3185.5,SML UL. 25 SENTJABR       SMOLENSK,,,,-0.07672980692
2956,2615,3185.5,SML UL. 25 SENTJABR       SMOLENSK,,,,-0.05871133735
2957,2617,3185.5,"GRIBOEDOVA, 32            EKATERINBURG","улица Грибоедова, 32, микрорайон Химмаш, Чкаловский район, Екатеринбург, Свердловская область, Россия, 620010",56.755526,60.709701,-0.05351670172
2958,2624,3185.5,TRANSPORTNIY PER.1        SANKT-PETERB,"Транспортный переулок, 1, Санкт-Петербург, Россия, 191119",59.92065,30.356795,-0.08511093684
2959,2632,3185.5,SOVETSKAYA 1              BYKOVO,"Советская улица, 1, рабочий посёлок Быково, Раменский район, Московская область, Россия, 140150",55.625714,38.070215,-0.08027083167
2960,2637,3185.5,"79-J GV.DIVIZII, 23       TOMSK       ","улица 79-й Гвардейской Дивизии, 23, Томск, Россия, 634057",56.511873,84.976853,-0.07638756118
2961,2639,3185.5,GERCENA 61-1              TOMSK,"улица Герцена, 61/1, Томск, Россия, 634021",56.472386,84.986384,0.07484509921
2962,2643,3185.5,"TVERSKAJA, 74             TOMSK       ","Тверская улица, 74, Томск, Россия, 634041",56.472014,84.973763,-0.09240660173
2963,2647,3185.5,"KOTOVSKOGO, 19-3          TOMSK       ","улица Котовского, 19/3, Томск, Россия, 634034",56.459721,84.965543,-0.04264744319
2964,2651,3185.5,"22-J KM, NOVORIZHSK       KRASNOGORSK ","Новорижское шоссе, 22-й километр, Москва, Россия",55.803843,37.301204,0.05000110776
2965,2652,3185.5,"MO, ODINCOVSKIJ R-N       NEMCHINOVKA ","село Немчиновка, Одинцовский район, Московская область, Россия",55.72306,37.364715,-0.03995482358
2966,2662,3185.5,UL. KOROLEVA-9 A          BELGOROD,,,,-0.1001540492
2967,2665,3185.5,50-LETIYA BEL.O.11        BELGOROD,"улица 50-летия Белгородской области, 11, Белгород, Россия, 308009",50.599062,36.584779,-0.1420261107
2968,2667,3185.5,"O.KOSHEVOGO,D.1V-S3       VLADIVOSTOK ","улица Олега Кошевого, 3, Владивосток, Приморский край, Россия, 690021",43.0934,131.91141,-0.03439752931
2969,2669,3185.5,"UL. SNEGOVAYA, D.31       VLADIVOSTOK ","Снеговая улица, 33, Владивосток, Приморский край, Россия, 690074",43.138953,131.967977,-0.05701652777
2970,2673,3185.5,"FRUNZE, 48                ARTEM       ","улица Фрунзе, 48, Артём, Приморский край, Россия, 692760",43.352063,132.169254,-0.03092064003
2971,2675,3185.5,"UL.KLUBNAYA, D.15A        FOKINO      ","Клубная улица, 15А, Фокино, Приморский край, Россия, 692880",42.974076,132.408744,0.004919691958
2972,2683,3185.5,"TUL.PROLETARSKAJA,2       TULA        ","Пролетарская улица, 2, Тула, Россия, 300001",54.193544,37.63712,-0.0624022626
2973,2688,3185.5,KRASNOFLOTSKOE S.54       LOMONOSOV,"Краснофлотское шоссе, 54, Ломоносов, Санкт-Петербург, Россия, 198412",59.924217,29.709389,-0.08334459006
2974,2697,3185.5,UFA MENDELEEVA 138        UFA,"улица Менделеева, 138, Уфа, Республика Башкортостан, Россия, 450022",54.719331,56.009105,-0.02861092839
2975,2700,3185.5,ST.M.GAGARINSKAJA         NOVOSIBIRSK,"метро Гагаринская, Ленинская линия, Новосибирск, Россия",55.051071,82.914779,-0.1058735931
2976,2711,3185.5,"KRASNOARMEJSKIJ, 4        BARNAUL     ","Красноармейский проспект, 4/57, Барнаул, Алтайский край, Россия, 656043",53.329149,83.785363,-0.1158809414
2977,2717,3185.5,"3 INTERNACIONALA,10       BIJSK       ","переулок 3 Интернационала, 10, Бийск, Алтайский край, Россия, 659325",52.549539,85.233987,-0.1047388683
2978,2719,3185.5,"UL.JURINA,305             BARNAUL     ","улица Юрина, 305, Барнаул, Алтайский край, Россия, 656060",53.373471,83.666301,-0.0742856125
2979,2720,3185.5,"UL.FESTIVALNAJA, 3        BARNAUL     ","Фестивальная улица, 3, микрорайон Новосиликатный, Барнаул, Алтайский край, Россия, 656922",53.305217,83.615824,-0.07891322043
2980,2725,3185.5,"PAVLOVSK. TR., 251V       BARNAUL     ",,,,-0.06511929741
2981,2726,3185.5,"UL.VASILEVA, 59-2         BIJSK       ","улица имени Героя Советского Союза Васильева, 59/2, Бийск, Алтайский край, Россия",52.509096,85.146437,-0.04543268137
2982,2729,3185.5,"UL.MITROFANOVA, 1-1       BIJSK       ","улица Михаила Митрофанова, 1/1, Бийск, Алтайский край, Россия",52.523838,85.181031,-0.1053932721
2983,2736,3185.5,"UL.POPOVA,82              BARNAUL     ","улица Попова, 82, Барнаул, Алтайский край, Россия, 656062",53.368588,83.675832,-0.1125785396
2984,2745,3185.5,"LIZKEVICHA,1              OMSK        ","площадь Лицкевича, 1, Омск, Россия, 644053",55.036747,73.263504,-0.1101605679
2985,2747,3185.5,"TARSKAYA, 13-B            OMSK        ","Тарская улица, 13А, Омск, Россия, 644043",54.993071,73.368023,-0.0002968141195
2986,2763,3185.5,"MUR SKALNAJA, 31          MURMANSK    ","Скальная улица, 31, Мурманск, Россия, 183036",68.975853,33.11421,-0.1056374103
2987,2768,3185.5,MIRA 13 PODGORN           ZHELEZNOGORS,"улица Мира, 13, посёлок городского типа Подгорный, городской округ Железногорск, Красноярский край, Россия, 662991",56.121913,93.435399,-0.02877225741
2988,2773,3185.5,SVOBODNIY 82 STR2         KRASNOJARSK,"Свободный проспект, 82с1, Красноярск, Россия, 660041",56.004871,92.767052,-0.01877904954
2989,2783,3185.5,PR. MIRA 103              KRASNOJARSK,"проспект Мира, 103, Красноярск, Россия, 660021",56.010503,92.846688,-0.09394765835
2990,2788,3185.5,UL. PRUSHINSKOJ 2         KRASNOJARSK,"Красноярск (Емельяново) терминал 2, аэропорт Красноярск (Емельяново), Емельяновский район, Красноярский край, Россия",56.180187,92.488997,-0.113846885
2991,2796,3185.5,9 MAJA 59A                KRASNOJARSK,"улица 9 Мая, 59А, Красноярск, Россия, 660098",56.057026,92.912696,0.004433638253
2992,2806,3185.5,LENINA  54 ZHEL           ZHELEZNOGORS,"улица Ленина, 54, Железногорск, Курская область, Россия, 307176",52.341888,35.349236,-0.03076974484
2993,2809,3185.5,KOMSOMOLSKIJ 1B           KRASNOJARSK,"Комсомольский проспект, 1, Красноярск, Россия, 660118",56.060202,92.935342,-0.04709925661
2994,2810,3185.5,MIRA 52                   KRASNOJARSK,"проспект Мира, 52, Красноярск, Россия, 660049",56.012672,92.878596,-0.001941179488
2995,2815,3185.5,ST.M. ZOLOTAJA NIVA       NOVOSIBIRSK,"метро Золотая Нива, Дзержинская линия, Новосибирск, Россия",55.037969,82.976224,-0.01823137206
2996,2816,3185.5,"UL.SHUKSHINA,28           BARNAUL     ","улица Шукшина, 28, микрорайон Докучаево, Барнаул, Алтайский край, Россия",53.36559,83.667567,-0.08200334614
2997,2819,3185.5,"GREBENCSHIKOVA,9-1        NOVOSIBIRSK ","улица Гребенщикова, 9/1, микрорайон Родники, Калининский район, Новосибирск, Россия, 630061",55.11201,82.940552,-0.050765544
2998,2821,3185.5,"VATUTINA,107              NOVOSIBIRSK ","улица Ватутина, 107, Новосибирск, Россия, 630024",54.96408,82.936069,-0.0154413009
2999,2827,3185.5,ST.M.GAGARINSKAJA         NOVOSIBIRSK,"метро Гагаринская, Ленинская линия, Новосибирск, Россия",55.051071,82.914779,-0.0776642056
3000,2834,3185.5,"UL. KAVALERIJSKAJA,       NOVOSIBIRSK ",,,,-0.03153736855
3001,2842,3185.5,"UL.TURGENEVA, D.46        KHABAROVSK  ","улица Тургенева, 46, Хабаровск, Россия, 680000",48.468892,135.063239,0.04987406428
3002,2843,3185.5,"UL.TURGENEVA, D.46        KHABAROVSK  ","улица Тургенева, 46, Хабаровск, Россия, 680000",48.468892,135.063239,-0.01451936987
3003,2848,3185.5,PER.SV. INNOKENTIJA       BLAGOVECSHEN,"переулок Святителя Иннокентия, Благовещенск, Амурская область, Россия",50.259006,127.524074,0.01909049899
3004,8381,5478,"D. 1, UL. PRIVOKZAL'NAYA  PAVLOVSKIY P",,,,-0.03852640744
3005,8382,5478,"D. 85, SH. NOVOUGLICHSKOE SERGIEV POSA","Новоугличское шоссе, 85, Сергиев Посад, Московская область, Россия, 141301",56.339816,38.124635,-0.03924078352
3006,8389,5478,"D. 23, UL. TALSINSKAYA    SHCHELKOVO G","Талсинская улица, 23, Щёлково, Московская область, Россия, 141109",55.927498,37.986124,-0.08245434264
3007,8411,5478,"D. 2B, B-R NOVATOROV      SANKT-PETERB","бульвар Новаторов, 2, Санкт-Петербург, Россия, 198216",59.853406,30.269578,-0.01822122136
3008,8417,5478,"D. 15, PROEZD MIRA        ZHELEZNOGORS","проезд Мира, 15, Железногорск, Красноярский край, Россия, 662980",56.226004,93.513983,-0.01825845029
3009,8427,5478,"D. 17, UL. KONEVA         VOLOGDA G   ","улица Маршала Конева, 17, Вологда, Россия",59.193643,39.907252,-0.07227477154
3010,8430,5478,"D. 60, UL. LENINA         PERM G      ","улица Ленина, 60, Пермь, Россия",58.009473,56.233791,0.003605914068
3011,8434,5478,"D. 14, UL. DEKABRISTOV    BIYSK G     ","улица Декабристов, 14, Бийск, Алтайский край, Россия, 659322",52.489365,85.144559,-0.004274600532
3012,8447,5478,"D. 8, UL. RYABIKOVA       ULYANOVSK G ","улица Рябикова, 8, Ульяновск, Россия, 432042",54.290408,48.30747,-0.1061108518
3013,8451,5478,"D. 7, UL. LENINA          PROTVINO G  ","улица Ленина, 7, Протвино, Московская область, Россия, 142280",54.867119,37.215424,-0.1061657577
3014,8464,5478,"D. 324, UL. SEVERNAYA     KRASNODAR G ","Северная улица, 324А, Краснодар, Россия",45.040528,38.970103,-0.05257250046
3015,8468,5478,"D. 11, UL. TUMANOVA       KOVROV G    ","улица Туманова, 11, Ковров, Владимирская область, Россия, 601903",56.347195,41.284136,-0.1024727254
3016,4733,5478,"D. 13, UL. GERMANA TITOVA BARNAUL G   ","улица Германа Титова, 13, Барнаул, Алтайский край, Россия, 656023",53.382361,83.725823,-0.05091744942
3017,4736,5478,"D. 176, UL. ANTONA PETROV BARNAUL G   ","улица Антона Петрова, 176, Барнаул, Алтайский край, Россия, 656050",53.359775,83.702575,-0.1003010936
3018,4761,5478,"D. 20, UL. TOMSKAYA       KISELEVSK G ","Томская улица, 20, Киселёвск, Кемеровская область, Россия, 652707",53.970767,86.723061,0.00672556052
3019,4768,5478,"D. 87, PR-KT BELGORODSKII BELGOROD G  ",,,,-0.03961698461
3020,4774,5478,"D. 20, PR-KT KIROVA       LUGA G      ","проспект Кирова, 20, Луга, Ленинградская область, Россия, 188230",58.744276,29.854493,-0.03094655173
3021,4784,5478,"D. 21, PR-KT TOLBUHINA    YAROSLAVL G ","проспект Толбухина, 21, Ярославль, Россия, 150014",57.624525,39.857009,-0.0228458941
3022,4787,5478,"D. 33, PR-KT KOMMUNISTICH YUZHNO-SAKHA",,,,-0.09939282412
3023,4788,5478,"D. 2 G, UL. UBILEINAYA    TOLYATTI G  ","Юбилейная улица, 2, Тольятти, Самарская область, Россия, 445024",53.534882,49.282035,-0.002546095541
3024,4792,5478,"D. 16, B-R TUPOLEVA       TOLYATTI G  ","бульвар Туполева, 16, 9-й квартал, Тольятти, Самарская область, Россия",53.520413,49.303046,-0.07505071008
3025,4795,5478,"D. 89, UL. SEROVA         RYBINSK G   ","проспект Серова, 86, Рыбинск, Ярославская область, Россия",58.058584,38.783352,-0.09432556493
3026,4798,5478,"D. 6A, SH. UZHNOE         TOLYATTI G  ","Южное шоссе, 6А, Тольятти, Самарская область, Россия",53.550484,49.33897,-0.03668082694
3027,4804,5478,"D. 14, UL. GAGARINA       RYBINSK G   ","улица Гагарина, 14, Гагаринский район, Южный район, Рыбинск, Ярославская область, Россия, 152919",58.034982,38.847788,-0.08837674229
3028,4809,5478,"D. 14A, UL. RASTORGUEVA   RYBINSK G   ","улица Расторгуева, 14А, Рыбинск, Ярославская область, Россия, 152925",58.050636,38.766383,-0.1450012315
3029,4821,5478,"D. 1, UL. FRUNZE          ZHUKOVSKIY G","улица Фрунзе, 1, Жуковский, Московская область, Россия, 140181",55.598238,38.127411,-0.06207140615
3030,4824,5478,"D. 31, UL. VASIL'EVA      BIYSK G     ","улица имени Героя Советского Союза Васильева, 31, Бийск, Алтайский край, Россия",52.510811,85.15736,-0.02403136814
3031,4835,5478,"D. 7, UL. MARSHALA ZHUKOV STAVROPOL G ","улица Маршала Жукова, 7, Ставрополь, Россия, 355035",45.041852,41.969137,-0.1053662162
3032,4838,5478,"D. 94, UL. BOLDINA        TULA G      ","улица Болдина, 94, Тула, Россия, 300028",54.17466,37.574408,-0.02957386178
3033,4842,5478,"D. 2, UL. YASNAYA         EKATERINBURG","Ясная улица, 2, микрорайон Юго-Западный, Екатеринбург, Свердловская область, Россия, 620102",56.816341,60.585913,-0.05252018027
3034,4865,5478,"D. 76, UL. KARLA MARKSA   KHABAROVSK G","улица Карла Маркса, 76, Хабаровск, Россия, 680000",48.488034,135.084152,-0.01726249404
3035,4866,5478,"D. 58/24, UL. ROSTOVSKAYA VORONEZH G  ","Ростовская улица, 58/24, Воронеж, Россия, 394074",51.603266,39.237936,0.001985718167
3036,4867,5478,"D. 17R, UL. GUBKINA       BELGOROD G  ","улица Губкина, 17, Белгород, Россия, 308004",50.565569,36.568196,0.01924067312
3037,4872,5478,"D. 14, SEDOVA             MURMANSK G  ","улица Георгия Седова, 14, Мурманск, Россия, 183036",68.981323,33.105209,-0.04799041809
3038,4875,5478,"D. 1, UL. LIZY CHAIKINOI  OMSK G      ","улица Лизы Чайкиной, 1, Омск, Россия, 644021",54.965807,73.414915,-0.1450012315
3039,4879,5478,"D. 12, UL. IRTYSHSKAYA NA OMSK G      ","Иртышская улица, 12, посёлок Береговой, Омск, Россия, 644901",55.174424,73.21301,-0.02280893299
3040,4887,5478,"D. 11, MKR. 4-I           CHITA G     ","1-й микрорайон, 4, Чита, Забайкальский край, Россия",52.022154,113.495866,-0.03600525493
3041,4894,5478,"D. 42, UL. LENINA         SALAVAT G   ","улица Ленина, 42, Салават, Республика Башкортостан, Россия, 453260",53.350349,55.926145,-0.08752488647
3042,4901,5478,"D. 52, UL. SADOVAYA       KURGAN G    ","Садовая улица, 52, Курган, Россия, 640007",55.450123,65.318229,-0.04738869558
3043,4904,5478,"D. 8, UL. NOVOMOSTOVAYA   UFA G       ","Новомостовая улица, 8, Уфа, Республика Башкортостан, Россия, 450057",54.717438,55.954065,-0.1003502009
3044,4911,5478,SH. 1-E USPENSKOE         LAPINO D,"1-е Успенское шоссе, деревня Лапино, Одинцовский район, Московская область, Россия",55.680742,37.149703,-0.0463216501
3045,4917,5478,"D. 214, UL. VOROSHILOVA   SERPUKHOV G ","улица Ворошилова, 214, Серпухов, Московская область, Россия, 142207",54.935281,37.450441,-0.05458024605
3046,4935,5478,"D. 10 A, UL. POCHTOVAYA   KUROVSKOE G ","Почтовая улица, 12, Куровское, городской округ Ликино-Дулёво, Московская область, Россия, 142620",55.577225,38.917264,0.05679930607
3047,4936,5478,"D. 23, UL. AVTOZAVODSKAYA PERM G      ","Автозаводская улица, 23, Пермь, Россия, 614101",58.002663,55.941291,-0.1061108518
3048,4957,5478,"D. 70, UL. BEL'SKAYA      UFA G       ","Бельская улица, 70, Уфа, Республика Башкортостан, Россия",54.696215,55.971474,-0.03544183232
3049,4959,5478,"D. 94 V, SH. MOSKOVSKOE   ULYANOVSK G ","Московское шоссе, 94, Ульяновск, Россия, 432008",54.308325,48.343565,-0.1084299774
3050,4969,5478,"D. 24, B-R HADII DAVLETSH UFA G       ","бульвар Хадии Давлетшиной, 24, Уфа, Республика Башкортостан, Россия, 450097",54.734835,55.992827,-0.08156763867
3051,4972,5478,"D. 51B, UL. KIROVA        BATAYSK G   ","улица Кирова, 51Д, Батайск, Ростовская область, Россия, 346885",47.136734,39.743103,-0.0765739618
3052,4980,5478,"D. 5, UL. SUTYRINA        KOSTROMA G  ","улица Сутырина, 5, Кострома, Россия, 156014",57.746848,40.986937,-0.06569697333
3053,4988,5478,"D. 133, UL. GAGARINA      ARTEM G     ","улица Гагарина, 133, Артём, Приморский край, Россия",43.34598,132.070762,-0.0478886502
3054,4991,5478,"D. 1, UL. POCHTOVAYA      RYBNOE G    ","Почтовая улица, 1, Рыбное, Рыбновское городское поселение, Рязанская область, Россия, 391110",54.731207,39.505723,-0.05396504883
3055,4992,5478,"D. 256/3, UL. MUHACHEVA   BIYSK G     ","улица Ильи Мухачева, 256/3, Бийск, Алтайский край, Россия",52.539905,85.202555,-0.1450012315
3056,4999,5478,"D. 1, UL. VESNY           KRASNOYARSK ","улица Весны, 1, микрорайон Взлётка, Советский район, Красноярск, Россия",56.034466,92.907836,-0.02864398081
3057,5007,5478,"D. 17, B-R SVYATO-TROICKI BELGOROD G  ","Свято-Троицкий бульвар, 17, Белгород, Россия, 308009",50.595643,36.580324,-0.05266418747
3058,5014,5478,"D. 36A, UL. VERHNYAYA DUB VLADIMIR G  ","улица Верхняя Дуброва, 36А, Владимир, Россия, 600022",56.106068,40.344965,0.01562092198
3059,5024,5478,"D. 27, UL. SOF'I PEROVSKO MURMANSK G  ","улица Софьи Перовской, 27, Мурманск, Россия, 183038",68.970785,33.088824,-0.08828573055
3060,5026,5478,"D. 63, UL. 50 LET VLKSM   TYUMEN G    ","улица 50 лет ВЛКСМ, 63, Тюмень, Россия, 625026",57.13369,65.561403,-0.04760237441
3061,5029,5478,"D. 33-A, UL. AMURSKAYA    CHITA G     ","Амурская улица, 33А, Чита, Забайкальский край, Россия",52.024958,113.510302,-0.1438249671
3062,5032,5478,"D. 25, STR. 3, UL. VYSOCK TOMSK G     ","3-я Степная улица, 25, Томск, Россия",56.44814,85.035369,-0.02252888253
3063,5039,5478,"D. 34B, UL. PETROVA       VERKHNYAYA P","улица Петрова, 34, Верхняя Пышма, Свердловская область, Россия",56.966958,60.603143,-0.02460951366
3064,5050,5478,"D. 25, UL. SVERDLOVA      BALASHIKHA G","улица Свердлова, 25, Балашиха, Московская область, Россия, 143905",55.825032,37.970467,-0.02503966058
3065,5067,5478,"D. 2V, UL. MAGISTRAL'NAYA BELGOROD G  ","Магистральная улица, 2, Белгород, Россия, 308019",50.571736,36.53618,-0.1450012315
3066,5071,5478,"D. 86, LIT. A, UL. MARATA SANKT-PETERB","улица Марата, 86, Санкт-Петербург, Россия, 191119",59.918886,30.339072,-0.0176090835
3067,5074,5478,D. 39                     DZERZHINSKOG,"микрорайон Дзержинского, 39, Балашиха, Московская область, Россия",55.776953,37.901413,-0.0846727909
3068,5078,5478,"D. 99A, UL. BRAT'EV KASHI CHELYABINSK ",,,,-0.001588456733
3069,5105,5478,"D. 107, PR-KT SHAHTEROV   KEMEROVO G  ","проспект Шахтёров, 107, Кемерово, Россия, 650002",55.407668,86.123382,-0.0970505997
3070,5111,5478,"D. 6, LIT. A, PL. PRIVOKZ MURINO P    ","улица Павла Фёдоровича Гаевского, 6А, Видное, Ленинский район, Московская область, Россия, 142703",55.553895,37.71194,-0.002739252086
3071,5116,5478,"D. 71, LIT. A, PR-KT MOSK SANKT-PETERB","М-10 Россия, 40-й километр, Зеленоград, Москва, Россия",56.013694,37.208884,-0.03160294447
3072,5118,5478,"D. 38, UL. LENINGRADSKAYA VSEVOLOZHSK ","Ленинградская улица, 38, Всеволожск, Ленинградская область, Россия, 188643",60.029027,30.63875,-0.05084777109
3073,5119,5478,"D. 3, LIT. A, UL. SLUCKAY PAVLOVSK G  ","Слуцкая улица, 3А, Павловск, Пушкинский район, Санкт-Петербург, Россия, 196620",59.691507,30.431895,-0.02689250245
3074,5123,5478,"D. 114E, UL. LOMONOSOVA   VORONEZH G  ","улица Ломоносова, 114, Воронеж, Россия, 394087",51.727661,39.210052,-0.08789747175
3075,5124,5478,"D. 53, UL. CHKALOVA       YAROSLAVL G ","улица Чкалова, 53, Ярославль, Россия, 150031",57.637873,39.816909,-0.0346937709
3076,5140,5478,"D. 22, UL. LENINGRADSKAYA CHEBOXARY G ","Ленинградская улица, 22, Чебоксары, Чувашская Республика, Россия, 428003",56.143559,47.247773,-0.06690636622
3077,5154,5478,"D. 6/1, B-R POSTYSHEVA    IRKUTSK G   ","бульвар Постышева, 6/1, Иркутск, Россия, 664046",52.260101,104.311931,-0.04682313485
3078,5165,5478,"D. 28, UL. BATURINA       VLADIMIR G  ","улица Батурина, 28, Владимир, Россия, 600017",56.144075,40.41092,-0.07731578447
3079,5166,5478,"D. 18, UL. LENINGRADSKAYA MUROM G     ","Ленинградская улица, 18, Муром, Владимирская область, Россия, 602205",55.526857,41.973135,-0.07026052385
3080,5171,5478,"D. 19A, UL. GASHKOVA      PERM G      ","улица Гашкова, 19А, Пермь, Россия, 614056",58.062621,56.352207,-0.03220572349
3081,5173,5478,"D. 149, UL. MOSKOVSKAYA   KIROV G     ","Московская улица, 149, Киров, Россия, 610048",58.603183,49.61054,-0.06507768478
3082,5181,5478,"D. 15A, UL. SVETLOGORSKAY PERM G      ",,,,-0.03790062708
3083,5182,5478,"D. 32, PR-KT SOVETSKII    KEMEROVO G  ","Советский проспект, 32, Кемерово, Россия, 650991",55.3581,86.075412,-0.0868634055
3084,5190,5478,"D. 50, UL. IM BLINOVA F.A SARATOV G   ","улица имени Ф.А. Блинова, 50, Саратов, Россия",51.598315,46.003633,-0.01530036711
3085,5192,5478,"D. 393, SH. KOSMONAVTOV   PERM G      ","шоссе Космонавтов, 393, Пермь, Россия, 614500",57.951498,56.120217,-0.09021771481
3086,5196,5478,"D. 3, UL. SURIKOVA        KIROV G     ","улица Сурикова, 3, Киров, Россия, 610035",58.592571,49.636923,-0.0708241363
3087,5197,5478,"85, UL. SOVETSKAYA (NOVOV KIROV G     ","Новосоветская улица, Киров, Калужская область, Россия",54.07486,34.308035,-0.07439991177
3088,5201,5478,"D. 3 A, UL. KRYLOVA       ULAN-UDE G  ","улица Крылова, 3А, Улан-Удэ, Республика Бурятия, Россия, 670033",51.815254,107.676876,-0.05917721578
3089,5211,5478,"D. 307, UL. LERMONTOVA    IRKUTSK G   ","улица Лермонтова, 307, Иркутск, Россия, 664033",52.243997,104.273186,-0.05312505956
3090,5215,5478,"D. 135, UL. BELINSKOGO    EKATERINBURG","улица Белинского, 135, Екатеринбург, Свердловская область, Россия, 620142",56.811847,60.623265,-0.0909235027
3091,5221,5478,"D. 6, UL. GRIGORINA       GATCHINA G  ","улица Григорина, 6, Гатчина, Ленинградская область, Россия, 188307",59.558194,30.108142,-0.07013202628
3092,5223,5478,"STR. 5, UL. UZHNAYA       BUGRY P     ","5-я улица, СНТ Круиз, деревня Дудкино, поселение Мосрентген, Москва, Россия",55.629125,37.463071,-0.00995463502
3093,5226,5478,"D. 15/2, SH. MARPOSADSKOE CHEBOXARY G ","Марпосадское шоссе, 15/2, Чебоксары, Чувашская Республика, Россия, 428003",56.129509,47.31891,-0.102849361
3094,5229,5478,"D. 4, UL. SOVETSKAYA      MURMASHI PGT","Советская улица, 4, поселок городского типа Мурмаши, Кольский район, Мурманская область, Россия, 184355",68.817483,32.815206,-0.09361562708
3095,5253,5478,"D. 127A, UL. LENINA       CHITA G     ","улица Ленина, 127А, Чита, Забайкальский край, Россия, 672000",52.036428,113.492398,0.01164111476
3096,5266,5478,"D. 15, UL. FEDORA POPOVA  YAKUTSK G   ","улица Федора Попова, 15, Якутск, Республика Саха (Якутия), Россия, 677000",62.044563,129.751492,0.06551008994
3097,5269,5478,"D. 1, KORP. 3, UL. URIYA  UFA G       ","улица Юрия Гагарина, 1/3, Уфа, Республика Башкортостан, Россия, 450099",54.76516,56.050562,0.03785816241
3098,5277,5478,"D. 13/1, MKR. UBILEINYI   IRKUTSK G   ",,,,-0.1008438368
3099,5279,5478,"D. 19, LIT. V, PER. 4-I V PARGOLOVO P ",,,,-0.02802362802
3100,5286,5478,"D. 6A, MKR. VESENNII      STARYY OSKOL","микрорайон Весенний, 6А, Старый Оскол, Белгородская область, Россия",51.286343,37.798852,-0.06913328531
3101,5288,5478,"D. 15, UL. SVERDLOVA      YAKUTSK G   ","улица Свердлова, 15, Якутск, Республика Саха (Якутия), Россия, 677005",62.044597,129.730408,-0.09561041782
3102,5302,5478,"D. 113, PR-KT KOMSOMOL'SK CHELYABINSK ",,,,-0.01730236762
3103,5314,5478,"D. 109/1, UL. SOVETSKAYA  IRKUTSK G   ","Советская улица, 109/1, Иркутск, Россия, 664009",52.280018,104.34021,-0.06995814229
3104,5326,5478,"17, UL. AKSENOVA          OBNINSK G   ","улица Аксенова, 17, Обнинск, Калужская область, Россия, 249032",55.11771,36.6134,0.04436673819
3105,5330,5478,"D. 27B, UL. KIZHEVATOVA   PENZA G     ","улица Кижеватова, 27, Пенза, Россия, 440031",53.167072,44.983659,-0.02812582635
3106,5332,5478,"D. 1, STR. 1, UL. SIDOREN NAKHODKA G  ","1-я улица, 1, садовое товарищество Авиасвязь, поселение Филимонковское, Москва, Россия",55.559797,37.356845,-0.0242208401
3107,5338,5478,"D. 105/107, UL. KOMMUNIST VOLSK G     ",,,,-0.02316484722
3108,5357,5478,"D. 51, PR-KT MOSKOVSKII   CHEREPOVETS ","Московский проспект, 51, Череповец, Вологодская область, Россия, 162602",59.123504,37.907423,-0.0716575552
3109,5362,5478,"D. 109, UL. 10 LET OKTYAB OMSK G      ","улица 20 лет РККА, 10, Омск, Россия, 644001",54.976018,73.409193,-0.002134585417
3110,5366,5478,"D. 2/1, UL. KALININA      KUMERTAU G  ","2-й переулок Калинина, 1, Кумертау, Республика Башкортостан, Россия, 453301",52.752277,55.806615,-0.08038232434
3111,5367,5478,"D. 21, UL. ENGEL'SA       ZHELEZNOVODS","улица Энгельса, 21, Железноводск, Ставропольский край, Россия, 357400",44.144841,43.010941,-0.09969921482
3112,5370,5478,"D. 13, UL. KUCHINA        PROKOPYEVSK ","улица Кучина, 13, Прокопьевск, Кемеровская область, Россия, 653007",53.911269,86.79701,-0.1008273067
3113,5373,5478,"D. 43, UL. KRASNOARMEISKA YOSHKAR-OLA ","Красноармейская улица, 43, Йошкар-Ола, Республика Марий Эл, Россия, 424000",56.640317,47.894775,-0.0653195022
3114,5386,5478,"D. 5D, UL. CHAADAEVA      NIZHNIY NOVG","улица Чаадаева, 5, Нижний Новгород, Россия, 603035",56.329277,43.854288,-0.03818775099
3115,5404,5478,"D. 147, PR-KT KIROVA      SAMARA G    ","проспект Кирова, 147, Самара, Россия, 443077",53.220568,50.263004,0.04347833217
3116,5406,5478,"D. 30, STR. 1, UL. GAGARI ULYANOVSK G ","улица 1 Мая, 30, Ульяновск, Россия, 432007",54.328712,48.499458,-0.1066255718
3117,5414,5478,"D. 35, UL. SPARTAKOVSKAYA YAROSLAVL G ","Спартаковская улица, 35, Ярославль, Россия, 150034",57.721002,39.825811,-0.06540314854
3118,5419,5478,"D. 194, UL. ROSSIISKAYA   CHELYABINSK ","Российская улица, 194, Челябинск, Россия, 454090",55.163585,61.414914,-0.01790080135
3119,5431,5478,"D. 200, UL. MUHACHEVA     BIYSK G     ","улица Ильи Мухачева, 200, Бийск, Алтайский край, Россия",52.543,85.215419,-0.02709670742
3120,5436,5478,"D. 55, UL. STACHEK        YAROSLAVL G ","улица Стачек, 55, Ярославль, Россия, 150002",57.60936,39.833249,-0.02004243155
3121,5451,5478,"D. 5, UL. GRIBOEDOVA      KOVROV G    ","улица Грибоедова, 5, Ковров, Владимирская область, Россия, 601901",56.357111,41.322701,-0.05238308934
3122,5454,5478,"D. 37A, UL. TRUDA         PSKOV G     ","улица Труда, 37А, Псков, Россия, 180019",57.832204,28.345054,0.01081854721
3123,5459,5478,"D. 28/27, UL. LUNACHARSKO PENZA G     ","улица Луначарского, 28, Пенза, Россия, 440061",53.207372,45.00476,-0.04367970193
3124,5460,5478,"D. 54, UL. LUNACHARSKOGO  PERM G      ","улица Луначарского, 54, Пермь, Россия",58.009311,56.244526,-0.04674116801
3125,5481,5478,"D. 48A, UL. ODESSKAYA     TYUMEN G    ","Одесская улица, 48А, Тюмень, Россия, 625023",57.139552,65.580977,-0.06241807022
3126,5489,5478,"D. 14, UL. OSTROVSKOGO    BLAGOVESHCHE","улица Островского, 14, Благовещенск, Амурская область, Россия",50.259605,127.536669,-0.02382750973
3127,5493,5478,"D. 64, SH. GUSINOBRODSKOE NOVOSIBIRSK ",,,,0.04827015884
3128,5494,5478,"D. 1A, UL. KIRZAVODSKAYA  NOVOSIBIRSK ","Кирзаводская улица, 1А, Новосибирск, Россия, 630045",54.970665,82.85505,0.00439420664
3129,5498,5478,"D. 9, PROEZD ENERGETIKOV  NOVOSIBIRSK ","проезд Энергетиков, 9, Новосибирск, Россия, 630108",55.009094,82.877427,0.03165734062
3130,5507,5478,"D. 36, UL. LARINA         PETROPAVLOVS","улица Ларина, 36, Петропавловск-Камчатский, Камчатский край, Россия",53.078637,158.64821,0.03397321183
3131,5509,5478,"D. 5, PL. LENINA          ARSENYEV G  ","площадь Ленина, 5, Арсеньев, Приморский край, Россия, 692335",44.153172,133.260015,-0.008982304872
3132,5529,5478,"D. 7, PER. SIBIRSKII      OMSK G      ","Сибирский переулок, 5, Омск, Россия, 644082",54.935829,73.337292,-0.02768576065
3133,5534,5478,"D. 81, PR-KT BOGDANA HMEL BELGOROD G  ",,,,-0.07370802943
3134,5537,5478,"D. 65V, UL. SADOVAYA      BELGOROD G  ","Садовая улица, 65, Белгород, Россия, 308023",50.627452,36.581752,-0.1362519107
3135,5543,5478,"D. 36, UL. GOGOLYA        NOVOSIBIRSK ","улица Гоголя, 36, Новосибирск, Россия, 630005",55.04319,82.933877,-0.01132342276
3136,5553,5478,"D. 16, UL. SEDOVA         KAZAN G     ","улица Седова, 16, Казань, Республика Татарстан, Россия",55.786733,49.179851,-0.0156888565
3137,5557,5478,"D. 34, UL. 1 MAYA         LIKINO-DULEV","улица 1 Мая, 34, Ликино-Дулёво, городской округ Ликино-Дулёво, Московская область, Россия, 142671",55.733153,38.958838,0.01872231295
3138,5561,5478,"D. 2, UL. KOOPERATIVNAYA  SERGIEV POSA","Кооперативная улица, 2, Сергиев Посад, Московская область, Россия, 141304",56.302183,38.135873,0.008685265455
3139,5567,5478,"D. 4A, STR. 1, UL. CIOLKO KREMENKI G  ","1-й Центральный проезд, Кремёнки, Жуковский район, Калужская область, Россия",54.889713,37.143262,-0.07564855966
3140,5576,5478,"D. 33, POM. 41, UL. SADOV MEGET P     ","посёлок Мегет, Ангарское городское муниципальное образование, Иркутская область, Россия",52.418273,104.056926,-0.1204444452
3141,5589,5478,"D. 3, UL. ROZY TRENINOI   TYUMEN G    ","улица Розы Трениной, 3, микрорайон Тюменский-1, Тюмень, Россия",57.108922,65.582136,-0.0169115971
3142,5592,5478,"D. 80, UL. SHIROTNAYA     TYUMEN G    ","Широтная улица, 80, Тюмень, Россия, 625016",57.113726,65.571374,0.008642867177
3143,5597,5478,"D. 7, UL. GRIDASOVA       BARNAUL G   ","улица Гридасова, 7, Барнаул, Алтайский край, Россия, 656006",53.33685,83.701263,-0.04976400917
3144,5604,5478,"D. 35A, UL. HALTURINA     KEMEROVO G  ","улица Халтурина, 35А, Кемерово, Россия, 650068",55.410136,86.053915,-0.05176094309
3145,5605,5478,"D. 35, UL. KRASNOGVARDEIS KOMSOMOLSK-N","улица Ленина, 35, Комсомольск, Ивановская область, Россия, 155150",57.026684,40.369328,0.06160723299
3146,5606,5478,"D. 15, UL. BUL'VARNAYA    TAGANROG G  ","Большая Бульварная улица, 15, Таганрог, Ростовская область, Россия, 347913",47.245635,38.891644,-0.04202387341
3147,5627,5478,"D. 47, UL. KARLA MARKSA   ZELENODOLSK ","улица Карла Маркса, 47, Зеленодольск, Республика Татарстан, Россия",55.850666,48.50024,-0.005614348867
3148,5628,5478,"D. 47, UL. KARLA MARKSA   ZELENODOLSK ","улица Карла Маркса, 47, Зеленодольск, Республика Татарстан, Россия",55.850666,48.50024,-0.03102869062
3149,5640,5478,"D. 12, UL. GAGARINA       NAKHODKA G  ","улица Гагарина, 12, Находка, Приморский край, Россия",42.791925,132.864612,-0.06250509801
3150,5645,5478,"D. 40, PR-KT MOSKOVSKII   CHEBOXARY G ","Московский проспект, 40, Чебоксары, Чувашская Республика, Россия, 428015",56.143559,47.204447,-0.09065091267
3151,5646,5478,"D. 40, PR-KT MOSKOVSKII   CHEBOXARY G ","Московский проспект, 40, Чебоксары, Чувашская Республика, Россия, 428015",56.143559,47.204447,-0.0446259972
3152,5655,5478,"D. 46, UL. MUSY DZHALILYA BUGULMA G   ","улица Мусы Джалиля, 46, Бугульма, Республика Татарстан, Россия, 423236",54.532255,52.791187,-0.1053842519
3153,5668,5478,"D. 14, UL. SOVETSKAYA     KISELEVSK G ","Советская улица, 14, Киселёвск, Кемеровская область, Россия, 652700",54.002691,86.641737,-0.07324858475
3154,5669,5478,"D. 14, UL. SOVETSKAYA     KISELEVSK G ","Советская улица, 14, Киселёвск, Кемеровская область, Россия, 652700",54.002691,86.641737,-0.09472093069
3155,5670,5478,"D. 14, UL. SOVETSKAYA     KISELEVSK G ","Советская улица, 14, Киселёвск, Кемеровская область, Россия, 652700",54.002691,86.641737,-0.08570092518
3156,5679,5478,"D. 31, PR-KT PERVOMAISKII KISLOVODSK G","Первомайский проспект, 31, Кисловодск, Ставропольский край, Россия, 357700",43.906187,42.715368,-0.03798956521
3157,5683,5478,"D. 17, UL. PRAVDY         GRYAZI G    ","улица Правды, 17, Грязи, Липецкая область, Россия, 399059",52.490056,39.955941,-0.005566565823
3158,5689,5478,"D. 24A, PR-KT STROITELEI  SARATOV G   ","проспект Строителей, 24А, Саратов, Россия",51.592486,45.968823,-0.05010611865
3159,5690,5478,"D. 7, UL. PEREVERTKINA    VORONEZH G  ","улица Переверткина, 7, Воронеж, Россия, 394063",51.686562,39.256782,0.02685566567
3160,5698,5478,"D. 1, UL. LENINA          PETROPAVLOVS","улица Ленина, село Петропавловск, Большесосновский район, Пермский край, Россия",57.656493,54.287528,-0.01321244543
3161,5728,5478,"D. 284/1, UL. MIRA        STAVROPOL G ","улица Мира, 284/1, Ставрополь, Россия, 355017",45.036763,41.96682,-0.06205570339
3162,5729,5478,"D. 284/1, UL. MIRA        STAVROPOL G ","улица Мира, 284/1, Ставрополь, Россия, 355017",45.036763,41.96682,0.02098906425
3163,5730,5478,"D. 284/1, UL. MIRA        STAVROPOL G ","улица Мира, 284/1, Ставрополь, Россия, 355017",45.036763,41.96682,-0.01298553815
3164,5732,5478,"D. 78, LIT. A, UL. PERMYA TYUMEN G    ","река Сельмачилькикэ 2- я, Красноселькупский район, Ямало-Ненецкий автономный округ, Россия",63.584404,82.824472,-0.05811113213
3165,5733,5478,"D. 78, LIT. A, UL. PERMYA TYUMEN G    ","река Сельмачилькикэ 2- я, Красноселькупский район, Ямало-Ненецкий автономный округ, Россия",63.584404,82.824472,-0.02857376949
3166,5734,5478,"D. 78, LIT. A, UL. PERMYA TYUMEN G    ","река Сельмачилькикэ 2- я, Красноселькупский район, Ямало-Ненецкий автономный округ, Россия",63.584404,82.824472,-0.02769387631
3167,5738,5478,"D. 7, UL. SUKROMKA        MYTISHCHI G ","улица Сукромка, 7, Мытищи, Московская область, Россия, 141018",55.903534,37.713432,0.01622865963
3168,5739,5478,"D. 7, UL. SUKROMKA        MYTISHCHI G ","улица Сукромка, 7, Мытищи, Московская область, Россия, 141018",55.903534,37.713432,0.01571975218
3169,5740,5478,"D. 7, UL. SUKROMKA        MYTISHCHI G ","улица Сукромка, 7, Мытищи, Московская область, Россия, 141018",55.903534,37.713432,0.02669025189
3170,5741,5478,"D. 7, UL. SUKROMKA        MYTISHCHI G ","улица Сукромка, 7, Мытищи, Московская область, Россия, 141018",55.903534,37.713432,0.04218881547
3171,5789,5478,"D. 33, UL. GAGARINA       LIPETSK G   ","улица Гагарина, 33, Липецк, Россия, 398050",52.616869,39.598411,-0.07896207174
3172,5812,5478,"D. 20, PR-KT STROITELEI   ALMETYEVSK G","проспект Строителей, 20, Альметьевск, Республика Татарстан, Россия, 423455",54.902294,52.270038,-0.04941181494
3173,5818,5478,"D. 11, UL. TUPOLEVA       ULAN-UDE G  ","улица Туполева, 11, микрорайон Восточный, Улан-Удэ, Республика Бурятия, Россия",51.864545,107.74301,0.02512738252
3174,5841,5478,"D. 9, UL. LENINA          LOBNYA G    ","улица Ленина, 9, Лобня, Московская область, Россия, 141730",56.01235,37.482053,0.03177276309
3175,5842,5478,"D. 9, UL. LENINA          LOBNYA G    ","улица Ленина, 9, Лобня, Московская область, Россия, 141730",56.01235,37.482053,0.03549680855
3176,5843,5478,"D. 9, UL. LENINA          LOBNYA G    ","улица Ленина, 9, Лобня, Московская область, Россия, 141730",56.01235,37.482053,0.01079917216
3177,5844,5478,"D. 9, UL. LENINA          LOBNYA G    ","улица Ленина, 9, Лобня, Московская область, Россия, 141730",56.01235,37.482053,0.01140030352
3178,5859,5478,"D. 75, UL. SOVETSKAYA     MUROM G     ","Советская улица, 75, Муром, Владимирская область, Россия, 602251",55.574289,42.03661,-0.00892567042
3179,5862,5478,"D. 1B, UL. SOVETSKAYA     RAMENSKOE G ","Советская улица, 1, Раменское, Московская область, Россия, 140102",55.566287,38.229325,-0.04415626683
3180,5866,5478,"D. 1B, UL. SOVETSKAYA     RAMENSKOE G ","Советская улица, 1, Раменское, Московская область, Россия, 140102",55.566287,38.229325,-0.04574453641
3181,5896,5478,"D. 179/5, UL. DUSI KOVAL' NOVOSIBIRSK ","улица Дуси Ковальчук, 179/5, Новосибирск, Россия, 630049",55.060936,82.915094,-0.03282451699
3182,5897,5478,"D. 179/5, UL. DUSI KOVAL' NOVOSIBIRSK ","улица Дуси Ковальчук, 179/5, Новосибирск, Россия, 630049",55.060936,82.915094,-0.07157266813
3183,5898,5478,"D. 179/5, UL. DUSI KOVAL' NOVOSIBIRSK ","улица Дуси Ковальчук, 179/5, Новосибирск, Россия, 630049",55.060936,82.915094,-0.04957834692
3184,5899,5478,"D. 179/5, UL. DUSI KOVAL' NOVOSIBIRSK ","улица Дуси Ковальчук, 179/5, Новосибирск, Россия, 630049",55.060936,82.915094,-0.0293806838
3185,5900,5478,"D. 179/5, UL. DUSI KOVAL' NOVOSIBIRSK ","улица Дуси Ковальчук, 179/5, Новосибирск, Россия, 630049",55.060936,82.915094,-0.03497303623
3186,5901,5478,"D. 179/5, UL. DUSI KOVAL' NOVOSIBIRSK ","улица Дуси Ковальчук, 179/5, Новосибирск, Россия, 630049",55.060936,82.915094,-0.06762649283
3187,5902,5478,"D. 161, UL. RUKAVISHNIKOV KYAKHTA G   ","улица Калинина, 161, город Кяхта, Республика Бурятия, Россия, 671840",50.363145,106.45806,-0.09615149496
3188,5906,5478,"D. 9A, STR. 1, UL. PROMYS SHARYA G    ","1-й микрорайон, 7/1, Шарья, Костромская область, Россия",58.380722,45.500909,0.04277939721
3189,5910,5478,"D. 9/1, UL. BOROVSKAYA    TYUMEN G    ","Боровская улица, 9/1, Тюмень, Россия",57.098367,65.63687,-0.03581044548
3190,5918,5478,"D. 12, UL. SOBORNAYA      NOGINSK G   ","Соборная улица, 12, Ногинск, Богородский городской округ, Московская область, Россия, 142400",55.853213,38.441938,-0.0294226181
3191,5988,5478,"D. 29, UL. BABUSHKINA     RYBINSK G   ","улица Бабушкина, 29, Рыбинск, Ярославская область, Россия, 152925",58.057203,38.766024,-0.01125826577
3192,5989,5478,"D. 58, UL. ALLEYA TRUDA   KOMSOMOLSK-N","улица Аллея Труда, 58, Комсомольск-на-Амуре, Хабаровский край, Россия, 681017",50.532257,137.003438,0.07732380926
3193,5993,5478,"D. 7B, UL. ENISEISKAYA    FEVRALSK PGT","Енисейская улица, 7, посёлок городского типа Февральск, Селемджинский район, Амурская область, Россия",52.456083,130.851317,-0.04491892028
3194,6003,5478,"D. 1 G, UL. METALLISTOV   KYSHTYM G   ","улица Металлистов, 1, Кыштым, Челябинская область, Россия, 456872",55.726076,60.542542,-0.09501574158
3195,6005,5478,"D. 86, PR-KT KIROVA       PYATIGORSK G","проспект Кирова, 86, Пятигорск, Ставропольский край, Россия, 357502",44.035914,43.058452,0.008529636059
3196,6006,5478,"D. 86, PR-KT KIROVA       PYATIGORSK G","проспект Кирова, 86, Пятигорск, Ставропольский край, Россия, 357502",44.035914,43.058452,-0.0119225262
3197,6007,5478,"D. 86, PR-KT KIROVA       PYATIGORSK G","проспект Кирова, 86, Пятигорск, Ставропольский край, Россия, 357502",44.035914,43.058452,-0.01952645635
3198,6008,5478,"D. 86, PR-KT KIROVA       PYATIGORSK G","проспект Кирова, 86, Пятигорск, Ставропольский край, Россия, 357502",44.035914,43.058452,-0.003754354992
3199,6015,5478,"D. 4, UL. LENINA          REUTOV G    ","улица Ленина, 4, Реутов, Московская область, Россия, 143964",55.754152,37.859183,0.04846232261
3200,6020,5478,"D. 7, PR-KT MICHURINSKII  MOSKVA G    ",,,,-0.03750227444
3201,6021,5478,"D. 7, PR-KT MICHURINSKII  MOSKVA G    ",,,,-0.01860493758
3202,6026,5478,"D. 171, PR-KT KRASNOI ARM SERGIEV POSA","проспект Красной Армии, 171, Сергиев Посад, Московская область, Россия, 141310",56.316095,38.136844,-0.04944261405
3203,6037,5478,"D. 288A, UL. 9 YANVARYA   VORONEZH G  ","улица 9 Января, 288А, Воронеж, Россия, 394020",51.685144,39.128224,-0.09945717779
3204,6040,5478,"D. 3, UL. KOL'CEVAYA      MAGADAN G   ","Кольцевая улица, 3, Магадан, Россия, 685030",59.551856,150.830846,0.001015036912
3205,6041,5478,"D. 24A, PR-KT STROITELEI  SARATOV G   ","проспект Строителей, 24А, Саратов, Россия",51.592486,45.968823,-0.01221111547
3206,6042,5478,"D. 24A, PR-KT STROITELEI  SARATOV G   ","проспект Строителей, 24А, Саратов, Россия",51.592486,45.968823,-0.05082878408
3207,6058,5478,"D. 61, UL. MOZHAISKOGO    TVER G      ","улица Можайского, 61, Тверь, Россия, 170043",56.821863,35.89817,0.03663012924
3208,6063,5478,"D. 31, PR-KT PERVOMAISKII KISLOVODSK G","Первомайский проспект, 31, Кисловодск, Ставропольский край, Россия, 357700",43.906187,42.715368,0.0009073598931
3209,6066,5478,"D. 1, UL. KURCHATOVA      NOVOSIBIRSK ","улица Курчатова, 1, Новосибирск, Россия, 630129",55.104311,82.960692,0.03204023229
3210,6067,5478,"D. 28B, UL. PISATELYA MAR VORONEZH G  ","улица Писателя Маршака, 28Б, Воронеж, Россия, 394051",51.651863,39.142004,-0.1114821158
3211,6084,5478,"D. 205, KORP. A, UL. SOVE BIYSK G     ","Цесовская улица, 205А, Бийск, Алтайский край, Россия, 659303",52.520736,85.185783,-0.004541888419
3212,6087,5478,"D. 2, UL. BABUSHKINA      EKATERINBURG","улица Бабушкина, 2, микрорайон Эльмаш, Орджоникидзевский район, Екатеринбург, Свердловская область, Россия, 620017",56.884124,60.628278,0.04255450057
3213,6091,5478,"D. 183, UL. TERNOVSKOGO   PENZA G     ","улица Терновского, 183, Пенза, Россия, 440056",53.142059,45.0219,-0.007625988527
3214,6113,5478,"D. 39B, UL. RUSSKAYA      VLADIVOSTOK ","Русская улица, 39, Владивосток, Приморский край, Россия, 690069",43.169608,131.921238,-0.08845487915
3215,6115,5478,"D. 51, UL. NALICHNAYA     SANKT-PETERB","Наличная улица, 51, Санкт-Петербург, Россия, 199155",59.951101,30.234454,-0.04778708078
3216,6118,5478,"D. 7, B-R CENTRAL'NYI     OREKHOVO-ZUE","Центральный бульвар, 7, Орехово-Зуево, Московская область, Россия, 142600",55.8027,38.977011,-0.05549957958
3217,6119,5478,"D. 38/114, UL. IM VAVILOV SARATOV G   ","улица имени Н.И. Вавилова, 38, Саратов, Россия",51.535232,46.009939,-0.02008098593
3218,6120,5478,"D. 226, TRAKT PAVLOVSKII  BARNAUL G   ","Павловский тракт, 226, Барнаул, Алтайский край, Россия, 656048",53.361345,83.547678,-0.04481169957
3219,6121,5478,"D. 45, UL. SLAVSKOGO      BELOKURIKHA ","улица Славского, 45, Белокуриха, Алтайский край, Россия",51.985329,84.963764,-0.1071454299
3220,6126,5478,"D. 4, UL. LENINA          REUTOV G    ","улица Ленина, 4, Реутов, Московская область, Россия, 143964",55.754152,37.859183,0.0474694227
3221,6143,5478,"D. 5, UL. MALYSHEVA       EKATERINBURG","улица Малышева, 5, Екатеринбург, Свердловская область, Россия, 620014",56.832925,60.582302,-0.02886763497
3222,6161,5478,"D. 3A, UL. AVTOZAVODSKAYA IZHEVSK G   ","Автозаводская улица, 3А, Ижевск, Удмуртская Республика, Россия, 426065",56.873544,53.277579,0.002479137616
3223,6163,5478,"D. 4B, UL. METALLISTOV    KEMEROVO G  ","улица Металлистов, 4, Кемерово, Россия, 650052",55.400931,86.041608,-0.04227025847
3224,6173,5478,"D. 20, UL. NIKITINA       NOVOSIBIRSK ","улица Никитина, 20, Новосибирск, Россия, 630009",55.010535,82.958069,0.002907077716
3225,6174,5478,"D. 20, UL. NIKITINA       NOVOSIBIRSK ","улица Никитина, 20, Новосибирск, Россия, 630009",55.010535,82.958069,-0.01362896223
3226,6175,5478,"D. 20, UL. NIKITINA       NOVOSIBIRSK ","улица Никитина, 20, Новосибирск, Россия, 630009",55.010535,82.958069,-0.005307180037
3227,6176,5478,"D. 20, UL. NIKITINA       NOVOSIBIRSK ","улица Никитина, 20, Новосибирск, Россия, 630009",55.010535,82.958069,-0.02234179477
3228,6186,5478,"D. 12, UL. SOBORNAYA      NOGINSK G   ","Соборная улица, 12, Ногинск, Богородский городской округ, Московская область, Россия, 142400",55.853213,38.441938,0.04733316007
3229,6187,5478,"D. 12, UL. SOBORNAYA      NOGINSK G   ","Соборная улица, 12, Ногинск, Богородский городской округ, Московская область, Россия, 142400",55.853213,38.441938,0.05819370614
3230,6188,5478,"D. 12, UL. SOBORNAYA      NOGINSK G   ","Соборная улица, 12, Ногинск, Богородский городской округ, Московская область, Россия, 142400",55.853213,38.441938,0.09904391362
3231,6189,5478,"D. 12, UL. SOBORNAYA      NOGINSK G   ","Соборная улица, 12, Ногинск, Богородский городской округ, Московская область, Россия, 142400",55.853213,38.441938,0.0602319604
3232,6200,5478,"D. 1, PL. KOMENDANTSKAYA  SANKT-PETERB","Комендантская площадь, 1, Санкт-Петербург, Россия, 197372",60.007668,30.259822,-0.04890319278
3233,6203,5478,"D. 90, PR-KT AVIATOROV    YAROSLAVL G ","проспект Авиаторов, 90, Ярославль, Россия, 150062",57.655198,39.944496,-0.004026706978
3234,6204,5478,"D. 90, PR-KT AVIATOROV    YAROSLAVL G ","проспект Авиаторов, 90, Ярославль, Россия, 150062",57.655198,39.944496,-0.03948958544
3235,6205,5478,"D. 90, PR-KT AVIATOROV    YAROSLAVL G ","проспект Авиаторов, 90, Ярославль, Россия, 150062",57.655198,39.944496,-0.02322440347
3236,6208,5478,"D. 103, UL. KUIBYSHEVA    PERM G      ","улица Куйбышева, 103, Пермь, Россия",57.98749,56.248317,-0.07371784902
3237,6209,5478,"D. 103, UL. KUIBYSHEVA    PERM G      ","улица Куйбышева, 103, Пермь, Россия",57.98749,56.248317,-0.08928247305
3238,6210,5478,"D. 103, UL. KUIBYSHEVA    PERM G      ","улица Куйбышева, 103, Пермь, Россия",57.98749,56.248317,-0.08732045753
3239,6245,5478,"D. 14, UL. LENINA         ALEXIN G    ","улица Ленина, 14, Алексин, Тульская область, Россия, 301361",54.5005,37.067121,-0.06366608695
3240,6246,5478,"D. 14, UL. LENINA         ALEXIN G    ","улица Ленина, 14, Алексин, Тульская область, Россия, 301361",54.5005,37.067121,-0.066094164
3241,6257,5478,"D. 45, PR-KT LENINA       BARNAUL G   ","проспект Ленина, 45, Барнаул, Алтайский край, Россия, 656049",53.342925,83.781878,-0.02078699831
3242,6258,5478,"D. 13, UL. BEKETOVA       NIZHNIY NOVG","улица Бекетова, 13А, Нижний Новгород, Россия, 603057",56.290649,43.99818,0.004608529546
3243,6259,5478,"D. 13, UL. BEKETOVA       NIZHNIY NOVG","улица Бекетова, 13А, Нижний Новгород, Россия, 603057",56.290649,43.99818,-0.007955519656
3244,6260,5478,"D. 13, UL. BEKETOVA       NIZHNIY NOVG","улица Бекетова, 13А, Нижний Новгород, Россия, 603057",56.290649,43.99818,0.01452483647
3245,6261,5478,"D. 13, UL. BEKETOVA       NIZHNIY NOVG","улица Бекетова, 13А, Нижний Новгород, Россия, 603057",56.290649,43.99818,0.009303173524
3246,6262,5478,"D. 45, PR-KT LENINA       BARNAUL G   ","проспект Ленина, 45, Барнаул, Алтайский край, Россия, 656049",53.342925,83.781878,-0.04062674305
3247,6263,5478,"D. 45, PR-KT LENINA       BARNAUL G   ","проспект Ленина, 45, Барнаул, Алтайский край, Россия, 656049",53.342925,83.781878,-0.06260020357
3248,6266,5478,"D. 39B, UL. RUSSKAYA      VLADIVOSTOK ","Русская улица, 39, Владивосток, Приморский край, Россия, 690069",43.169608,131.921238,0.02422178087
3249,6275,5478,"D. 117, PR-KT OKTYABRYA   UFA G       ","проспект Октября, 117, Уфа, Республика Башкортостан, Россия, 450075",54.787495,56.034141,0.01315944969
3250,6306,5478,"D. 1A, UL. VOLOHA         ENGELS G    ","улица Волоха, 1А, Энгельс, Саратовская область, Россия, 413100",51.493587,46.121878,-0.06001587647
3251,6325,5478,"D. 110, UL. 40 LET POBEDY IZHEVSK G   ","улица 40 лет Победы, 110, Ижевск, Удмуртская Республика, Россия, 426072",56.84612,53.281496,-0.01892973296
3252,6327,5478,"D. 173, UL. KRASNYH PARTI KRASNODAR G ","улица Красных Партизан, 173, Краснодар, Россия, 350047",45.058511,38.927891,-0.02773041245
3253,6329,5478,"D. 13, UL. SEVERNAYA      RUBTSOVSK G ","Северная улица, 13, Рубцовск, Алтайский край, Россия, 658222",51.553072,81.234247,-0.07783397985
3254,6330,5478,"D. 58, PR-KT LENINA       RUBTSOVSK G ","проспект Ленина, 58, Рубцовск, Алтайский край, Россия, 658210",51.518158,81.211511,-0.0611761014
3255,6341,5478,"D. 11A, UL. KURCHATOVA    SEVERSK G   ","улица Курчатова, 11А, Северск, Томская область, Россия, 636037",56.593914,84.909578,0.06584315703
3256,6349,5478,"D. 50, PR-KT OKTYABR'SKII KIROV G     ","Октябрьский проспект, 50, Киров, Россия, 610005",58.610796,49.657557,-0.03374619924
3257,6350,5478,"D. 50, PR-KT OKTYABR'SKII KIROV G     ","Октябрьский проспект, 50, Киров, Россия, 610005",58.610796,49.657557,-0.02444149467
3258,6351,5478,"D. 50, PR-KT OKTYABR'SKII KIROV G     ","Октябрьский проспект, 50, Киров, Россия, 610005",58.610796,49.657557,-0.08215324477
3259,6352,5478,"D. 50, PR-KT OKTYABR'SKII KIROV G     ","Октябрьский проспект, 50, Киров, Россия, 610005",58.610796,49.657557,-0.06302234321
3260,6363,5478,"D. 137T, PR-KT B.HMEL'NIC BELGOROD G  ",,,,-0.003605932901
3261,6381,5478,"D. 42, PR-KT LENINA       NIZHNIY NOVG","проспект Ленина, 42, Нижний Новгород, Россия, 603076",56.28261,43.926656,0.003632606012
3262,6382,5478,"D. 42, PR-KT LENINA       NIZHNIY NOVG","проспект Ленина, 42, Нижний Новгород, Россия, 603076",56.28261,43.926656,-0.02574631673
3263,6383,5478,"D. 42, PR-KT LENINA       NIZHNIY NOVG","проспект Ленина, 42, Нижний Новгород, Россия, 603076",56.28261,43.926656,-0.04529878585
3264,6384,5478,"D. 42, PR-KT LENINA       NIZHNIY NOVG","проспект Ленина, 42, Нижний Новгород, Россия, 603076",56.28261,43.926656,-0.0251632151
3265,6425,5478,"D. 6, UL. GAIDARA         KURCHATOV G ","улица Гайдара, 6, Курчатов, Курская область, Россия, 307251",51.660892,35.658904,-0.04269072448
3266,6449,5478,"D. 74, PR-KT OKTYABRYA    YAROSLAVL G ","проспект Октября, 74, Ярославль, Россия, 150040",57.647324,39.851943,-0.01175790632
3267,6467,5478,"D. 26, UL. SNEZHNAYA      MOSKVA G    ","Снежная улица, 26, Москва, Россия, 129323",55.854997,37.653388,0.007635409921
3268,6468,5478,"D. 26, UL. SNEZHNAYA      MOSKVA G    ","Снежная улица, 26, Москва, Россия, 129323",55.854997,37.653388,0.01568094839
3269,6469,5478,"D. 26, UL. SNEZHNAYA      MOSKVA G    ","Снежная улица, 26, Москва, Россия, 129323",55.854997,37.653388,0.01103505677
3270,6470,5478,"D. 26, UL. SNEZHNAYA      MOSKVA G    ","Снежная улица, 26, Москва, Россия, 129323",55.854997,37.653388,0.03616785152
3271,6482,5478,"D. 64, UL. AMOSOVA        NOVOSIBIRSK ","улица Лейтенанта Амосова, 64, Новосибирск, Россия, 630095",55.159774,82.961635,0.002406332773
3272,6483,5478,"D. 64, UL. AMOSOVA        NOVOSIBIRSK ","улица Лейтенанта Амосова, 64, Новосибирск, Россия, 630095",55.159774,82.961635,0.006429248883
3273,6524,5478,"D. 11B, UL. REVOLUCIONNAY TOLYATTI G  ",,,,-0.005891290431
3274,6525,5478,"D. 11B, UL. REVOLUCIONNAY TOLYATTI G  ",,,,-0.02682062086
3275,6526,5478,"D. 11B, UL. REVOLUCIONNAY TOLYATTI G  ",,,,-0.009597913882
3276,6527,5478,"D. 11B, UL. REVOLUCIONNAY TOLYATTI G  ",,,,-0.001951080288
3277,6542,5478,"D. 5, SH. GOLOVINSKOE     MOSKVA G    ","Головинское шоссе, 5, Москва, Россия, 125212",55.84024,37.492024,0.02197246056
3278,6545,5478,"D. 4, UL. LENINA          REUTOV G    ","улица Ленина, 4, Реутов, Московская область, Россия, 143964",55.754152,37.859183,0.04203373534
3279,6568,5478,"D. 83A, UL. PERVOMAISKAYA KANDALAKSHA ","Первомайская улица, 83А, Кандалакша, городское поселение Кандалакша, Мурманская область, Россия, 184042",67.156521,32.41232,-0.08422628287
3280,6569,5478,"D. 36, PR-KT MIRA         KRASNOYARSK ","проспект Мира, 36, Красноярск, Россия, 660049",56.012934,92.882153,-0.0009896393681
3281,6570,5478,"D. 36, PR-KT MIRA         KRASNOYARSK ","проспект Мира, 36, Красноярск, Россия, 660049",56.012934,92.882153,-0.01427102616
3282,6572,5478,"D. 36, PR-KT MIRA         KRASNOYARSK ","проспект Мира, 36, Красноярск, Россия, 660049",56.012934,92.882153,-0.004248723162
3283,6573,5478,"D. 36, PR-KT MIRA         KRASNOYARSK ","проспект Мира, 36, Красноярск, Россия, 660049",56.012934,92.882153,0.02007763019
3284,6584,5478,"D. 148/97, UL. LENINGRADS TIKHORETSK G","Ленинградская улица, 148, Тихорецк, Тихорецкий район, Краснодарский край, Россия, 352120",45.855138,40.137284,-0.08032654817
3285,6585,5478,"D. 28, UL. RADISHEVA      KURSK G     ","улица Радищева, 28, Курск, Россия, 305000",51.734545,36.189323,-0.09824785256
3286,6586,5478,"D. 28, UL. RADISHEVA      KURSK G     ","улица Радищева, 28, Курск, Россия, 305000",51.734545,36.189323,-0.0356872843
3287,6598,5478,"D. 11, UL. OSTOZHENKA     MOSKVA G    ","улица Остоженка, 11, Москва, Россия, 119034",55.741744,37.599741,-0.04295661014
3288,6599,5478,"D. 11, UL. OSTOZHENKA     MOSKVA G    ","улица Остоженка, 11, Москва, Россия, 119034",55.741744,37.599741,-0.05601431427
3289,6600,5478,"D. 11, UL. OSTOZHENKA     MOSKVA G    ","улица Остоженка, 11, Москва, Россия, 119034",55.741744,37.599741,-0.05632983449
3290,6608,5478,"D. 156, UL. 30 LET POBEDY BALASHOV G  ","улица 30 лет Победы, 156, Балашов, Саратовская область, Россия, 412302",51.548894,43.156036,-0.04718178945
3291,6625,5478,"D. 62, UL. ZASHITNIKOV KA KRASNAYA POL","садовое товарищество Красная Поляна, Одинцовский район, Московская область, Россия",55.718405,37.15962,0.06017342363
3292,6628,5478,"D. 29, UL. RABOCHEGO SHTA IRKUTSK G   ",,,,-0.09510451127
3293,6629,5478,"D. 31, UL. AKADEMICHESKAY IRKUTSK G   ",,,,-0.04520781953
3294,6631,5478,"D. 152, UL. MAKSIMA GOR'K NIZHNIY NOVG",,,,-0.02475889412
3295,6632,5478,"D. 152, UL. MAKSIMA GOR'K NIZHNIY NOVG",,,,-0.002676460347
3296,6633,5478,"D. 152, UL. MAKSIMA GOR'K NIZHNIY NOVG",,,,-0.0003567996197
3297,6634,5478,"D. 152, UL. MAKSIMA GOR'K NIZHNIY NOVG",,,,-0.06985773734
3298,6647,5478,"D. 2, SH. UZHNOE          NIZHNIY NOVG","Южное шоссе, 2, Нижний Новгород, Россия, 603123",56.220228,43.856803,0.009151382673
3299,6652,5478,"D. 53 B, UL. ZVEZDNAYA    ASTRAKHAN G ","Звёздная улица, 53, Астрахань, Россия, 414022",46.338195,48.074097,-0.0236019324
3300,6667,5478,"D. 117, PR-KT OKTYABRYA   UFA G       ","проспект Октября, 117, Уфа, Республика Башкортостан, Россия, 450075",54.787495,56.034141,0.01519166458
3301,6671,5478,"D. 106, UL. KIKVIDZE      TAMBOV G    ","улица Киквидзе, 106, Тамбов, Россия, 392014",52.721181,41.384604,-0.02401624012
3302,6674,5478,"D. 136, UL. TIHOOKEANSKAY KHABAROVSK G","Тихоокеанская улица, 136, Хабаровск, Россия",48.530963,135.052414,0.006078225053
3303,6675,5478,"D. 72, UL. UBOREVICHA     KHABAROVSK G","улица Уборевича, 72, Хабаровск, Россия, 680054",48.533343,135.030972,0.01651760625
3304,6676,5478,"D. 44, UL. KRAULYA        EKATERINBURG","улица Крауля, 44, Екатеринбург, Свердловская область, Россия, 620109",56.830477,60.56023,-0.1033326889
3305,6677,5478,"D. 9, UL. OKTYABR'SKAYA   KINGISEPP G ","Октябрьская улица, 9, Кингисепп, Ленинградская область, Россия",59.376403,28.607749,-0.0533039202
3306,6684,5478,"D. 22, UL. VOKZAL'NAYA    EKATERINBURG","Вокзальная улица, 22, Екатеринбург, Свердловская область, Россия, 620107",56.858464,60.606071,-0.1231131724
3307,6687,5478,"D. 3, UL. NAGORNAYA       KORSAKOV G  ","Нагорная улица, 3, Корсаков, Сахалинская область, Россия, 694020",46.641588,142.785544,0.02102888609
3308,6703,5478,"D. 32, PR-KT LENINA       CHEBOXARY G ","проспект Ленина, 32, Чебоксары, Чувашская Республика, Россия, 428000",56.122756,47.253118,-0.03745820054
3309,6727,5478,"D. 1, KV-L 7-I            SHELEKHOV G ","7-й квартал, 1, Шелехов, Иркутская область, Россия",52.211572,104.091978,-0.01275047682
3310,6728,5478,"D. 8, PR-KT OSTRYAKOVA    VLADIVOSTOK ","проспект Острякова, 8, Владивосток, Приморский край, Россия, 690002",43.130479,131.901439,-0.01145101095
3311,6729,5478,"D. 8, PR-KT OSTRYAKOVA    VLADIVOSTOK ","проспект Острякова, 8, Владивосток, Приморский край, Россия, 690002",43.130479,131.901439,-0.06173483583
3312,6730,5478,"D. 8, PR-KT OSTRYAKOVA    VLADIVOSTOK ","проспект Острякова, 8, Владивосток, Приморский край, Россия, 690002",43.130479,131.901439,-0.01238927435
3313,6731,5478,"D. 8, PR-KT OSTRYAKOVA    VLADIVOSTOK ","проспект Острякова, 8, Владивосток, Приморский край, Россия, 690002",43.130479,131.901439,-0.0001077128037
3314,6738,5478,"D. 128, LIT. A, UL. LUNAC EKATERINBURG",,,,-0.04197580368
3315,6739,5478,"D. 128, LIT. A, UL. LUNAC EKATERINBURG",,,,-0.02590684059
3316,6760,5478,"D. 44, UL. KUIBYSHEVA     EKATERINBURG","улица Куйбышева, 44, Екатеринбург, Свердловская область, Россия, 620026",56.827611,60.616043,-0.05736688704
3317,6761,5478,"D. 44, UL. KUIBYSHEVA     EKATERINBURG","улица Куйбышева, 44, Екатеринбург, Свердловская область, Россия, 620026",56.827611,60.616043,-0.0717898774
3318,6782,5478,"D. 45, PR-KT LENINA       CHELYABINSK ","проспект Ленина, 45, Челябинск, Россия, 454091",55.160278,61.410234,-0.03604811569
3319,6784,5478,"D. 32, PR-KT LENINA       CHEBOXARY G ","проспект Ленина, 32, Чебоксары, Чувашская Республика, Россия, 428000",56.122756,47.253118,-0.07850789846
3320,6785,5478,"D. 32, PR-KT LENINA       CHEBOXARY G ","проспект Ленина, 32, Чебоксары, Чувашская Республика, Россия, 428000",56.122756,47.253118,-0.09956998843
3321,6804,5478,"D. 42, UL. SUVOROVA       KHABAROVSK G","улица Суворова, 42, Хабаровск, Россия, 680051",48.391976,135.109853,-0.04892149045
3322,6806,5478,"D. 42, UL. SUVOROVA       KHABAROVSK G","улица Суворова, 42, Хабаровск, Россия, 680051",48.391976,135.109853,-0.06040989358
3323,6809,5478,"D. 149B, UL. MICHURINSKAY TAMBOV G    ","улица Лаврова, 149, Мичуринск, Тамбовская область, Россия",52.902376,40.477197,-0.02224667474
3324,6814,5478,"D. 1, KV-L 7-I            SHELEKHOV G ","7-й квартал, 1, Шелехов, Иркутская область, Россия",52.211572,104.091978,-0.0354842317
3325,6815,5478,"D. 1, KV-L 7-I            SHELEKHOV G ","7-й квартал, 1, Шелехов, Иркутская область, Россия",52.211572,104.091978,-0.02810946113
3326,6827,5478,"D. 14/7, PL. SUHAREVSKAYA MOSKVA G    ","Малая Сухаревская площадь, 12, Москва, Россия, 127051",55.772335,37.631505,-0.03492172535
3327,6845,5478,"D. 12, UL. GAGARINA       NAKHODKA G  ","улица Гагарина, 12, Находка, Приморский край, Россия",42.791925,132.864612,-0.04024320358
3328,6847,5478,"D. 55S, UL. PARTIZANSKAYA TALMENKA RP ","Партизанская улица, 55С, рабочий посёлок Тальменка, Тальменский район, Алтайский край, Россия, 658030",53.816601,83.560919,-0.07204602356
3329,6848,5478,"D. 47A, UL. LENINA        SYKTYVKAR G ","улица Ленина, 47А, Сыктывкар, Республика Коми, Россия",61.670355,50.836686,-0.07135636106
3330,6858,5478,"D. 3, PL. LENINA          ARTEM G     ","площадь Ленина, 3, Артём, Приморский край, Россия",43.354902,132.180878,0.03473874621
3331,6873,5478,"D. 151, UL. LENINA        CHEREPOVETS ","улица Ленина, 151, Череповец, Вологодская область, Россия, 162610",59.12911,37.887786,-0.08926923339
3332,6891,5478,"D. 47, UL. LENINA         NACHALOVO S ","улица Ленина, 47, село Началово, Приволжский район, Астраханская область, Россия",46.338917,48.201227,-0.1007612386
3333,6894,5478,"D. 28, UL. RADISHEVA      KURSK G     ","улица Радищева, 28, Курск, Россия, 305000",51.734545,36.189323,-0.06742594026
3334,6898,5478,"D. 21/1, UL. LENINA       STARYY OSKOL","улица Ленина, 21/1, Старый Оскол, Белгородская область, Россия, 309514",51.295552,37.836689,-0.1217370168
3335,6899,5478,"D. 21/1, UL. LENINA       STARYY OSKOL","улица Ленина, 21/1, Старый Оскол, Белгородская область, Россия, 309514",51.295552,37.836689,-0.1070708459
3336,6903,5478,"D. 50, UL. TERESHKOVOI    ULAN-UDE G  ","улица Терешковой, 50, Улан-Удэ, Республика Бурятия, Россия",51.809769,107.616204,-0.1268712632
3337,6918,5478,"D. 21/1, UL. LENINA       STARYY OSKOL","улица Ленина, 21/1, Старый Оскол, Белгородская область, Россия, 309514",51.295552,37.836689,-0.09177771464
3338,6943,5478,"D. 11, UL. STALEVAROV     CHELYABINSK ","улица Сталеваров, 11, Челябинск, Россия, 454017",55.25989,61.403281,-0.04743610406
3339,6944,5478,"D. 11, UL. STALEVAROV     CHELYABINSK ","улица Сталеваров, 11, Челябинск, Россия, 454017",55.25989,61.403281,-0.05335703413
3340,6945,5478,"D. 11, UL. STALEVAROV     CHELYABINSK ","улица Сталеваров, 11, Челябинск, Россия, 454017",55.25989,61.403281,-0.04128109913
3341,6952,5478,"D. 94, UL. SADOVAYA BOL'S SARATOV G   ","Большая Садовая улица, 94, Саратов, Россия, 410054",51.528441,45.982945,-0.01541885409
3342,6953,5478,"D. 94, UL. SADOVAYA BOL'S SARATOV G   ","Большая Садовая улица, 94, Саратов, Россия, 410054",51.528441,45.982945,-0.01391784628
3343,6954,5478,"D. 94, UL. SADOVAYA BOL'S SARATOV G   ","Большая Садовая улица, 94, Саратов, Россия, 410054",51.528441,45.982945,-0.03513663527
3344,6955,5478,"D. 94, UL. SADOVAYA BOL'S SARATOV G   ","Большая Садовая улица, 94, Саратов, Россия, 410054",51.528441,45.982945,-0.03460564816
3345,6986,5478,"D. 42, MKR. V             TROITSK G   ","микрорайон В, 42, Троицк, Москва, Россия",55.486265,37.305273,-0.1207827735
3346,6988,5478,"VLAD. 8, UL. SHKOL'NAYA   ELEKTROUGLI ","Школьная улица, 8, Электроугли, Богородский городской округ, Московская область, Россия, 142455",55.715707,38.213955,-0.05245485387
3347,6991,5478,"D. 23, B-R SHKOL'NYI      CHERNOGOLOVK","Школьный бульвар, 23, Черноголовка, Московская область, Россия, 142432",56.012224,38.370971,-0.09721995987
3348,7002,5478,"D. 65, UL. NAGOVICYNA     MOZHGA G    ","улица Наговицына, 65, Можга, Удмуртская Республика, Россия, 427790",56.443404,52.212007,-0.08734596731
3349,7007,5478,"D. 67-A, UL. LUNACHARSKOG TULA G      ","улица Луначарского, 67А, Тула, Россия, 300044",54.209923,37.597028,-0.05292045573
3350,7012,5478,"D. 1, UL. SEVERNAYA       OREKHOVO-ZUE","Северная улица, 1, Орехово-Зуево, Московская область, Россия",55.817537,38.988923,-0.006856028651
3351,7019,5478,"D. 37, UL. LENINA         VYAZMA G    ","улица Ленина, 37, Вязьма, Смоленская область, Россия, 215110",55.212318,34.298899,-0.1068106402
3352,7021,5478,"D. 49, UL. DRUZHININA     NIZHNIY TAGI","улица Дружинина, 49, Нижний Тагил, Свердловская область, Россия, 622049",57.882114,59.947966,-0.1040134594
3353,7025,5478,"D. 9 B, UL. MAKARENKO     TULA G      ","улица Макаренко, 9, Тула, Россия, 300039",54.166843,37.5675,-0.0856515034
3354,7043,5478,"D. 8, UL. ZVEZDNAYA       BALASHIKHA G","Звёздная улица, 8, Балашиха, Московская область, Россия, 143909",55.825487,37.955456,-0.04984466883
3355,7053,5478,"D. 16, PR-KT DZERZHINSKOG NOVOSIBIRSK ","проспект Дзержинского, 16, Новосибирск, Россия, 630015",55.051128,82.96698,-0.08272215737
3356,7054,5478,"D. 120, UL. HUDAIBERDINA  STERLITAMAK ","улица Худайбердина, 120, Стерлитамак, Республика Башкортостан, Россия, 453116",53.628998,55.941255,-0.04654264114
3357,7056,5478,"D. 13B, UL. 9 MAYA        RYBINSK G   ","улица 9 Мая, 13, Рыбинск, Ярославская область, Россия, 152907",58.051479,38.784933,-0.1029697731
3358,7058,5478,"D. 47, PR-KT TOLBUHINA    YAROSLAVL G ","проспект Толбухина, 47, Ярославль, Россия, 150014",57.630631,39.858025,-0.1297278808
3359,7095,5478,"D. 63, UL. KOMSOMOL'SKAYA MOSKALENKI R","Школьная улица, 63, посёлок городского типа Москаленки, Москаленский район, Омская область, Россия, 646070",54.940924,71.937932,0.02831290608
3360,7122,5478,"D. 11, UL. NIKOLAEVSKII P YUZHNYY GORO","Николаевский проспект, 11, жилой район Южный Город - 1, Волжский район, Самарская область, Россия",53.117076,50.158727,-0.05297317981
3361,7129,5478,"D. 6, LIT. A, PL. PRIVOKZ MURINO P    ","улица Павла Фёдоровича Гаевского, 6А, Видное, Ленинский район, Московская область, Россия, 142703",55.553895,37.71194,0.02670596024
3362,7143,5478,"D. 50 B, UL. PERMYAKOVA   TYUMEN G    ","улица Пермякова, 50, Тюмень, Россия, 625016",57.119317,65.578938,0.003239746397
3363,7145,5478,"D. 10, LIT. A, UL. BABUSH SANKT-PETERB",,,,-0.01817049747
3364,7148,5478,"D. 74, UL. SOVETSKAYA 2-Y TAGANROG G  ","2-я Советская улица, 74, Таганрог, Ростовская область, Россия, 347916",47.229421,38.876687,-0.08165906411
3365,7149,5478,"D. 58, LIT. A, SH. GOSTIL PETERGOF G  ",,,,-0.07149732895
3366,7166,5478,"D. 4, UL. PETRISHEVA      DZERZHINSK G","улица Петрищева, 4, Дзержинск, Нижегородская область, Россия, 606029",56.235716,43.432098,-0.06720882077
3367,7174,5478,"D. 9, UL. SHEREMET'EVSKAY RYAZAN G    ",,,,-0.06916926956
3368,7184,5478,"D. 15, UL. SERYSHEVA      KHABAROVSK G","улица Серышева, 15, Хабаровск, Россия, 680038",48.484374,135.059125,0.01884201009
3369,7195,5478,"1-V, UL. KALININA         DARASUN PGT ","улица Калинина, 5, поселок городского типа Дарасун, Карымский район, Забайкальский край, Россия",51.668964,113.981235,0.0003324510002
3370,7196,5478,"D. 9V, UL. LADOZHSKAYA    KIROVSK G   ","Ладожская улица, 9, Кировск, Ленинградская область, Россия, 187342",59.883444,31.001085,0.01781062516
3371,7202,5478,"D. 77, UL. PROLETARSKAYA  MAGADAN G   ","Пролетарская улица, 77, Магадан, Россия, 685030",59.550128,150.839901,-0.05169012779
3372,7204,5478,"D. 41, UL. CIMMERVAL'DA   DANILOV G   ","улица Циммервальда, 41, Данилов, Ярославская область, Россия, 152071",58.187999,40.177906,-0.006741917345
3373,7208,5478,"D. 30 B, UL. ENTUZIASTOV  BARNAUL G   ","улица Энтузиастов, 30, Барнаул, Алтайский край, Россия, 656065",53.357266,83.66701,-0.03818775099
3374,7209,5478,"D. 55, SH. ZAVODSKOE      SAMARA G    ","Заводское шоссе, 55, Самара, Россия, 443052",53.211698,50.290555,-0.1294407896
3375,7227,5478,"D. 19, UL. RODONITOVAYA   EKATERINBURG","Родонитовая улица, 19, микрорайон Ботанический, Чкаловский район, Екатеринбург, Свердловская область, Россия",56.792799,60.623283,-0.04923967575
3376,7233,5478,"D. 6, SH. MOSKOVSKOE      VLADIMIR G  ","Московское шоссе, 6, Владимир, Россия, 600022",56.112749,40.327736,-0.05753935538
3377,7258,5478,"D. 27, PR-KT POBEDY       PENZA G     ","проспект Победы, 27, Пенза, Россия, 440011",53.21682,44.982114,-0.04222732508
3378,7261,5478,"D. 1, PR-KT HIMIKOV       ENGELS G    ","проспект Химиков, 1, Энгельс, Саратовская область, Россия",51.467785,46.157793,-0.1039958921
3379,7279,5478,"D. 69, UL. NIKOLAYA VASIL PSKOV G     ","улица Николая Васильева, 69, исторический район Любятово, Псков, Россия, 180014",57.823386,28.397615,-0.02579716099
3380,7295,5478,"D. 5A, UL. MIRA           TSENTRALNYY ","улица Мира, 5А, Балашиха, Московская область, Россия, 143904",55.803889,37.93245,-0.121761716
3381,7315,5478,"D. 10, UL. UKRAINSKAYA    YUZHNO-SAKHA","Украинская улица, 10, Южно-Сахалинск, Сахалинская область, Россия, 693012",46.98672,142.74988,0.0005617614304
3382,7318,5478,"D. 24, UL. SIBIRSKAYA     ANGARSK G   ","Сибирская улица, 24, Ангарск, Иркутская область, Россия, 665806",52.554374,103.882365,-0.08005965095
3383,7326,5478,"D. 36, UL. SOVETSKAYA     CHERNOGORSK ","Советская улица, 36, Черногорск, Республика Хакасия, Россия, 655162",53.822437,91.293977,-0.1067550506
3384,7327,5478,"D. 53A, UL. OKTYABR'SKAYA ASKIZ RP    ","Октябрьская улица, 53А, поселок городского типа Аскиз, Аскизский район, Республика Хакасия, Россия",53.134632,90.438511,-0.128701676
3385,7333,5478,"D. 1, PER. BANNYI         ELEKTROUGLI ","Банный переулок, 1, Электроугли, Богородский городской округ, Московская область, Россия, 142455",55.726761,38.20472,-0.01383070171
3386,7337,5478,"D. 5A, UL. SAH'YANOVOI    ULAN-UDE G  ","улица Сахьяновой, 5А, Улан-Удэ, Республика Бурятия, Россия, 670047",51.816083,107.625825,-0.02984382879
3387,7342,5478,"D. 14, UL. TAVATUISKAYA   EKATERINBURG","Таватуйская улица, 14, Екатеринбург, Свердловская область, Россия, 620141",56.871148,60.53815,-0.08329735359
3388,7344,5478,"D. 16, UL. LENINA         SHUYA G     ","улица Ленина, 16, Шуя, Ивановская область, Россия, 155900",56.853626,41.380328,0.02707445811
3389,7352,5478,"D. 13, UL. ELIZAROVYH     TOMSK G     ","улица Елизаровых, 13, Томск, Россия, 634012",56.456299,84.980141,0.01587643672
3390,7364,5478,"D. 59/2, UL. VASIL'EVA    BIYSK G     ","улица имени Героя Советского Союза Васильева, 59/2, Бийск, Алтайский край, Россия",52.509096,85.146437,0.005517195271
3391,7367,5478,"D. 66, UL. ZALESNAYA      KAZAN G     ","Залесная улица, 66, Казань, Республика Татарстан, Россия, 420076",55.850403,48.895103,-0.03225442574
3392,7383,5478,"D. 92G, PR-KT FRUNZE      TOMSK G     ","проспект Фрунзе, 92, Томск, Россия, 634061",56.476816,84.971598,0.01267942853
3393,7388,5478,"D. 2, PR-KT SOVETSKII     KALININGRAD ","Советский проспект, 2, Калининград, Россия, 236022",54.72138,20.500031,-0.04929187217
3394,7391,5478,"D. 60, UL. CVILLINGA      CHELYABINSK ","улица Цвиллинга, 60, Челябинск, Россия, 454091",55.149532,61.411133,-0.1144874615
3395,7394,5478,"D. 42B, UL. DOKUCHAEVA    PERM G      ","улица Докучаева, 42, Пермь, Россия, 614031",58.035935,56.143232,-0.06707033784
3396,7400,5478,"D. 100, UL. PUSHKARSKAYA  PERM G      ","Пушкарская улица, 100, Пермь, Россия, 614051",58.001786,56.299889,-0.06038708061
3397,7410,5478,"D. 4, UL. BLAGOVESHENSKAY VOLOGDA G   ",,,,-0.07870205935
3398,7415,5478,"D. 8, UL. GASHEKA         OMSK G      ","улица Ярослава Гашека, 8, микрорайон Московка-2, Омск, Россия",54.90894,73.451576,-0.04083524381
3399,7431,5478,"D. 88, UL. AMURSKAYA      VLADIVOSTOK ","Амурская улица, 88, Владивосток, Приморский край, Россия, 690002",43.135276,131.904852,-0.0408300211
3400,7433,5478,"D. 2A, FRANCEVA           USSURIYSK G ","улица Александра Францева, 2А, Уссурийск, Приморский край, Россия, 692527",43.789477,131.977571,0.0132038787
3401,7445,5478,"D. 40, UL. FONTANNAYA     VLADIVOSTOK ","Фонтанная улица, 40, Владивосток, Приморский край, Россия, 690091",43.118984,131.889644,-0.07464925729
3402,7450,5478,"D. 24, PR-KT 50 LET OKTYA SYZRAN G    ","проспект 50 лет Октября, 24, Сызрань, Самарская область, Россия, 446028",53.124015,48.410417,-0.008758956724
3403,7451,5478,"D. 7, UL. ZHELEZNODOROZHN CHELYABINSK ","Железнодорожная улица, 7, Челябинск, Россия, 454904",55.138207,61.414151,-0.07917974481
3404,7455,5478,"D. 20, UL. KIROVA         OMSK G      ","улица Кирова, 20, Омск, Россия, 644041",54.942485,73.423422,0.000696041365
3405,7456,5478,"D. 3, UL. SOVETSKAYA      KALACHINSK G","Советская улица, 3, Калачинск, Омская область, Россия, 646900",55.051912,74.58251,-0.01876537265
3406,7461,5478,"D. 21 A, UL. TRUDA        OMSK G      ","улица Труда, 21А, Омск, Россия, 644121",54.933057,73.373916,-0.03494271006
3407,7472,5478,"D. 24, UL. KOMSOMOL'SKAYA KIROV G     ",,,,0.05065786554
3408,7520,5478,"D. 273, UL. UDMURTSKAYA   IZHEVSK G   ","Удмуртская улица, 273, Ижевск, Удмуртская Республика, Россия, 426011",56.878896,53.222072,-0.04034141074
3409,7522,5478,"D. 82, UL. CHERNYSHEVSKOG UFA G       ",,,,-0.1253406257
3410,7530,5478,"D. 17, UL. VOKZAL'NAYA    EROFEY PAVLO","улица Ленина, село Павло-Куракино, Городищенский район, Пензенская область, Россия",53.210161,45.798027,-0.115332167
3411,7532,5478,"D. 57, UL. ABAKANSKAYA    MINUSINSK G ","Абаканская улица, 57, Минусинск, Красноярский край, Россия, 662610",53.689726,91.665161,0.04887905911
3412,7544,5478,"D. 239, UL. SOVETSKAYA    SHAKHTY G   ","Майская улица, Шахты, Ростовская область, Россия",47.696242,40.10463,-0.0735609573
3413,7547,5478,"KORP. 1, MKR. 1-I         SHIMANOVSK G","1-й микрорайон, 5, Шимановск, Амурская область, Россия",51.991679,127.696416,-0.03371430113
3414,7562,5478,"D. 40, PR-KT POBEDY       KALININGRAD ","проспект Победы, 40, Калининград, Россия, 236010",54.714744,20.458331,-0.09958612421
3415,7575,5478,"D. 100, UL. TERNOVSKOGO   PENZA G     ","улица Терновского, 100А, Пенза, Россия, 440068",53.148368,45.01863,-0.08850703559
3416,7578,5478,"D. 12A, PR-KT LENINA      SAMARA G    ","проспект Ленина, 12А, Самара, Россия, 443110",53.209125,50.136979,-0.07101026304
3417,7582,5478,"D. 16A, UL. BIBLIOTECHNAY VOLGOGRAD G ","Библиотечная улица, 16А, Волгоград, Россия, 400064",48.766831,44.541823,-0.06064621462
3418,7587,5478,"D. 58, UL. LENINGRADSKAYA KHABAROVSK G","Ленинградская улица, 58, Хабаровск, Россия, 680021",48.496609,135.07277,0.02834058738
3419,7594,5478,"D. 95-B, UL. TOREZA       NOVOKUZNETSK","улица Тореза, 95, Новокузнецк, Кемеровская область, Россия, 654059",53.819588,87.15807,-0.002538584442
3420,7595,5478,"D. 3B, UL. 64 ARMII       VOLGOGRAD G ","улица 64-й Армии, 2, Волгоград, Россия, 400059",48.599839,44.421969,-0.08243111936
3421,7601,5478,"D. 14, MKR. 3-I           BELOVO G    ","микрорайон Совхозный, Белово, Кемеровская область, Россия",54.441209,86.283471,-0.009027656821
3422,7624,5478,"D. 28, UL. VOROSHILOVA    KHABAROVSK G","улица Ворошилова, 28, микрорайон Южный, Хабаровск, Россия",48.393543,135.11332,-0.0320378289
3423,7627,5478,"D. 4, MKR. CARSKII        CHITA G     ","микрорайон Царский, 4, Чита, Забайкальский край, Россия",52.075137,113.480199,-0.03155703265
3424,7637,5478,"D. 107, UL. GAGARINA      ATKARSK G   ","улица Гагарина, 107, Аткарск, Саратовская область, Россия, 412420",51.869372,44.995005,-0.01427102616
3425,7645,5478,"D. 2, UL. RYABOVA         RTISHCHEVO G","улица Рябова, 2, Ртищево, Саратовская область, Россия, 412034",52.259578,43.796131,-0.0776377283
3426,7647,5478,"D. 48, UL. KARLA MARKSA   BALASHOV G  ","улица Карла Маркса, 48, Балашов, Саратовская область, Россия, 412315",51.542397,43.15221,-0.04880267038
3427,7654,5478,"D. 29, KORP. 6, UL. DIKOP KOMSOMOLSK-N","улица Дикопольцева, 29/6, Комсомольск-на-Амуре, Хабаровский край, Россия, 681035",50.544337,136.963032,0.09510878878
3428,7657,5478,"D. 190, UL. LENINA        DYATKOVO G  ","улица Ленина, 190, Дятьково, Брянская область, Россия, 242603",53.603093,34.333871,-0.04862039799
3429,7663,5478,"D. 1D, UL. SPORTIVNAYA    TYNDA G     ","Спортивная улица, 7, Тында, Амурская область, Россия",55.147556,124.728292,-0.00638759647
3430,7671,5478,"D. 10, UL. PRIVOKZAL'NAYA MURTYGIT P  ","Привокзальная улица, 4, рабочий посёлок Сазоново, Чагодощенский район, Вологодская область, Россия, 162430",59.096375,35.212019,-0.01622007305
3431,7673,5478,"D. 12, B-R GORSHKOVA      RUZAEVKA G  ","бульвар Горшкова, 12, Рузаевка, Республика Мордовия, Россия, 431449",54.077095,44.960833,-0.1008107818
3432,7675,5478,"D. 10, UL. MOSKOVSKAYA    SARATOV G   ","Московская улица, 10, Саратов, Россия, 410031",51.529136,46.053238,-0.0468114174
3433,7677,5478,"D. 1, UL. ASTRAHANSKAYA   SARATOV G   ","Астраханская улица, 1, Саратов, Россия, 410004",51.525443,45.994228,-0.0791143473
3434,7680,5478,"17, UL. VYATSKAYA         SREDNYAYA AK","Вятская улица, 17, рабочий посёлок Средняя Ахтуба, Среднеахтубинский район, Волгоградская область, Россия, 404143",48.713952,44.860248,-0.1161242463
3435,7683,5478,"D. 26, UL. KARLA MARKSA   BEZENCHUK PG","Старая Басманная улица, 26, Москва, Россия, 105066",55.767271,37.668246,-0.1404462302
3436,7687,5478,"D. 5, UL. PARIZHSKOI KOMM SLYUDYANKA G","улица Парижской Коммуны, 5, Слюдянка, Иркутская область, Россия, 665904",51.65521,103.717075,-0.1243446357
3437,7701,5478,"D. 22, UL. PRIVOKZAL'NAYA TYUMEN G    ","Привокзальная улица, 22, Тюмень, Россия, 625000",57.145983,65.522506,-0.09450091259
3438,7707,5478,"D. 2B, UL. MIRA           TYUMEN G    ","улица Мира, 2, Тюмень, Россия",57.141993,65.525174,-0.01411758315
3439,7712,5478,"D. 30, UL. MOKROVA        ULAN-UDE G  ","улица Мокрова, 30, Улан-Удэ, Республика Бурятия, Россия, 670042",51.804151,107.653933,0.02733044068
3440,7713,5478,"D. 50, UL. TERESHKOVOI    ULAN-UDE G  ","улица Терешковой, 50, Улан-Удэ, Республика Бурятия, Россия",51.809769,107.616204,-0.08755049661
3441,7717,5478,"D. 72, PR-KT STROITELEI   ULAN-UDE G  ","проспект Строителей, 72, Улан-Удэ, Республика Бурятия, Россия, 670042",51.812225,107.652226,-0.03385571272
3442,7720,5478,"D. 7A, UL. BOTANICHESKAYA ULAN-UDE G  ","Ботаническая улица, 7А, Улан-Удэ, Республика Бурятия, Россия, 670045",51.842689,107.63505,-0.06514428096
3443,7721,5478,"D. 26 A, UL. SADOVAYA     ZIMA G      ","Садовая улица, 26, Зима, Иркутская область, Россия, 665383",53.92924,102.063349,-0.09368762793
3444,7731,5478,"D. 161, UL. RUKAVISHNIKOV KYAKHTA G   ","улица Калинина, 161, город Кяхта, Республика Бурятия, Россия, 671840",50.363145,106.45806,-0.08920308552
3445,7734,5478,"D. 56A, UL. IM CHERNYSHEV SARATOV G   ","улица имени В.П. Чкалова, 56, Саратов, Россия",51.590342,45.98723,-0.04442416517
3446,7750,5478,"D. 2, UL. PROMYSHLENNAYA  MICHURINSK G","Промышленная улица, 2, Мичуринск, Тамбовская область, Россия",52.895298,40.465223,0.03864970233
3447,7756,5478,"D. 241, UL. LENINA        BARYSHEVO S ","улица Ленина, 243, село Барышево, Новосибирский район, Новосибирская область, Россия, 630554",54.968954,83.199357,-0.08292099635
3448,7760,5478,"D. 43A, UL. OKTYABR'SKAYA VORONEZH G  ","Октябрьская улица, 45, Воронеж, Россия",51.553066,39.074415,-0.06767893816
3449,7762,5478,"D. 26A, UL. SHIROKAYA     NOVOSIBIRSK ","Широкая улица, 26А, Новосибирск, Россия, 630108",54.994966,82.854619,-0.05349005644
3450,7793,5478,"D. 20, UL. METALLURGOV    NIZHNIY TAGI","улица Металлургов, 20, Нижний Тагил, Свердловская область, Россия, 622005",57.939733,60.013426,-0.1257657562
3451,7796,5478,"D. 107, UL. VATUTINA      NOVOSIBIRSK ","улица Ватутина, 107, Новосибирск, Россия, 630024",54.96408,82.936069,-0.04328951885
3452,7799,5478,"D. 15, KORP. 1, UL. POLZU NOVOSIBIRSK ","15-й квартал, Тверской район, Центральный административный округ, Москва, Россия",55.753139,37.62413,0.09429741722
3453,7803,5478,"D. 1, UL. CHELNOKOVA      IRKUTSK G   ","улица Челнокова, 1, Иркутск, Россия, 664005",52.284365,104.25831,-0.08156763867
3454,7814,5478,"D. 25, UL. KOMAROVA       SVOBODNYY G ","улица Комарова, 25, Свободный, Амурская область, Россия, 676455",51.348968,128.150424,-0.005317741961
3455,7817,5478,"D. 41, KV-L DOS (BOL'SHOI KHABAROVSK G","квартал ДОС, 41, Хабаровск, Россия",48.469884,135.11906,0.04390493482
3456,7818,5478,"D. 58, UL. LENINGRADSKAYA KHABAROVSK G","Ленинградская улица, 58, Хабаровск, Россия, 680021",48.496609,135.07277,0.0326959571
3457,7835,5478,"D. 41, UL. RUDNAYA        NORILSK G   ","Рудная улица, 39, Норильск, Красноярский край, Россия, 663333",69.491912,88.409073,0.06548229447
3458,7839,5478,"D. 189A, UL. ASTRAHANSKAY TAMBOV G    ","Астраханская улица, 189А, Тамбов, Россия, 392005",52.675552,41.465308,-0.001748489166
3459,7854,5478,"D. 7, B-R CENTRAL'NYI     OREKHOVO-ZUE","Центральный бульвар, 7, Орехово-Зуево, Московская область, Россия, 142600",55.8027,38.977011,0.011411796
3460,7855,5478,"D. 7, B-R CENTRAL'NYI     OREKHOVO-ZUE","Центральный бульвар, 7, Орехово-Зуево, Московская область, Россия, 142600",55.8027,38.977011,0.01135239084
3461,7858,5478,"D. 8, PL. SOVETSKAYA      KOLOMNA G   ","Советская площадь, 8, Коломна, Московская область, Россия, 140407",55.095765,38.763886,0.04020969952
3462,7872,5478,"D. 45A, UL. PARKOVAYA     GLAZOV G    ","Парковая улица, 45А, Глазов, Удмуртская Республика, Россия, 427622",58.14168,52.653241,-0.1140808492
3463,7877,5478,"D. 18, UL. POPOVA         BELGOROD G  ","улица Попова, 18, Белгород, Россия, 308009",50.594825,36.588399,0.0004909484669
3464,7881,5478,"D. 5, UL. OKTYABR'SKOI RE TUAPSE G    ",,,,-0.01175192993
3465,7885,5478,"D. 3, UL. OKTYABR'SKAYA   YAKUTSK G   ","Октябрьская улица, 3, Якутск, Республика Саха (Якутия), Россия, 677027",62.025069,129.724327,0.05255987504
3466,7886,5478,"D. 3, UL. OKTYABR'SKAYA   YAKUTSK G   ","Октябрьская улица, 3, Якутск, Республика Саха (Якутия), Россия, 677027",62.025069,129.724327,0.05359674954
3467,7892,5478,"D. 18, UL. POPOVA         BELGOROD G  ","улица Попова, 18, Белгород, Россия, 308009",50.594825,36.588399,0.00547857591
3468,7899,5478,"D. 5, UL. OKTYABR'SKOI RE TUAPSE G    ",,,,-0.05523033393
3469,7900,5478,"12, UL. LENINA            ANZHERO-SUJE","улица Ленина, 12, Советский территориальный округ, муниципальное образование Город Тула, Тульская область, Россия",54.199132,37.60717,-0.02311650788
3470,7901,5478,"12, UL. LENINA            ANZHERO-SUJE","улица Ленина, 12, Советский территориальный округ, муниципальное образование Город Тула, Тульская область, Россия",54.199132,37.60717,-0.032981494
3471,7904,5478,"D. 3, UL. OKTYABR'SKAYA   YAKUTSK G   ","Октябрьская улица, 3, Якутск, Республика Саха (Якутия), Россия, 677027",62.025069,129.724327,0.01362040336
3472,7909,5478,"D. 4, UL. KOLOSOVAYA      VOLGOGRAD G ","Колосовая улица, 4, Волгоград, Россия, 400021",48.592587,44.421637,-0.06206355418
3473,7913,5478,"D. 15, UL. KIM U CHENA    KHABAROVSK G","улица Ким Ю Чена, 15, Хабаровск, Россия, 680000",48.482654,135.068198,0.003203884493
3474,7914,5478,"D. 15, UL. KIM U CHENA    KHABAROVSK G","улица Ким Ю Чена, 15, Хабаровск, Россия, 680000",48.482654,135.068198,-0.03054207549
3475,7918,5478,"D. 19, PR-KT KURAKO       NOVOKUZNETSK","проспект Курако, 19, Новокузнецк, Кемеровская область, Россия, 654079",53.749721,87.111349,-0.08880795308
3476,7929,5478,"D. 17, UL. DZERZHINSKOGO  TYUMEN G    ","улица Дзержинского, 17, Тюмень, Россия, 625000",57.157949,65.539817,-0.06102965182
3477,7930,5478,"D. 17, UL. DZERZHINSKOGO  TYUMEN G    ","улица Дзержинского, 17, Тюмень, Россия, 625000",57.157949,65.539817,-0.03292761999
3478,7936,5478,"71, UL. KOMMUNISTICHESKAY STERLITAMAK ","Коммунистическая улица, 71, Стерлитамак, Республика Башкортостан, Россия",53.621997,55.908556,0.02454723339
3479,7937,5478,"71, UL. KOMMUNISTICHESKAY STERLITAMAK ","Коммунистическая улица, 71, Стерлитамак, Республика Башкортостан, Россия",53.621997,55.908556,-0.02930947289
3480,7943,5478,"D. 2, PL. MIRA            KOSTROMA G  ","площадь Мира, 2, Кострома, Россия, 156013",57.771835,40.940665,-0.01204558227
3481,7945,5478,"D. 17, UL. KOMMUNISTICHES LISKI G     ","Коммунистическая улица, 17, Лиски, Воронежская область, Россия, 397901",50.98127,39.504133,-0.0922942431
3482,7946,5478,"D. 17, UL. KOMMUNISTICHES LISKI G     ","Коммунистическая улица, 17, Лиски, Воронежская область, Россия, 397901",50.98127,39.504133,-0.08508649845
3483,7961,5478,"D. 21, UL. VYATKINA       ABAKAN G    ","улица Вяткина, 21, Абакан, Республика Хакасия, Россия, 655017",53.72137,91.447391,-0.08022630135
3484,7964,5478,"D. 3, UL. OKTYABR'SKAYA   YAKUTSK G   ","Октябрьская улица, 3, Якутск, Республика Саха (Якутия), Россия, 677027",62.025069,129.724327,0.03132651885
3485,8001,5478,"D. 14, PR-KT POBEDY       ORENBURG G  ","проспект Победы, 14, Оренбург, Россия, 460018",51.77545,55.108355,-0.06148576906
3486,8020,5478,"D. 10/25, UL. KIROVA      YAROSLAVL G ","улица Кирова, 10/25, Ярославль, Россия, 150000",57.626255,39.889205,-0.06842764407
3487,8032,5478,"D. 17, UL. KOMMUNISTICHES LISKI G     ","Коммунистическая улица, 17, Лиски, Воронежская область, Россия, 397901",50.98127,39.504133,-0.06514428096
3488,8037,5478,"D. 107, UL. VATUTINA      NOVOSIBIRSK ","улица Ватутина, 107, Новосибирск, Россия, 630024",54.96408,82.936069,-0.01128194979
3489,8039,5478,"D. 21, UL. KUZNECOVA      EKATERINBURG","улица Кузнецова, 21, Орджоникидзевский район, Екатеринбург, Свердловская область, Россия, 620012",56.892635,60.612485,-0.03133678239
3490,8051,5478,"D. 34, UL. MAGISTRAL'NAYA ASTRAKHAN G ","Магистральная улица, 34, Астрахань, Россия, 414026",46.410054,47.986412,0.01039648105
3491,8065,5478,"D. 30A, UL. GOLOSOVA      TOLYATTI G  ","улица Голосова, 30А, Тольятти, Самарская область, Россия",53.508452,49.431712,-0.005017563384
3492,8066,5478,"D. 30A, UL. GOLOSOVA      TOLYATTI G  ","улица Голосова, 30А, Тольятти, Самарская область, Россия",53.508452,49.431712,-0.04797244459
3493,8067,5478,"D. 30A, UL. GOLOSOVA      TOLYATTI G  ","улица Голосова, 30А, Тольятти, Самарская область, Россия",53.508452,49.431712,-0.06634928309
3494,8068,5478,"D. 30A, UL. GOLOSOVA      TOLYATTI G  ","улица Голосова, 30А, Тольятти, Самарская область, Россия",53.508452,49.431712,-0.04156634409
3495,8071,5478,"D. 39B, UL. RUSSKAYA      VLADIVOSTOK ","Русская улица, 39, Владивосток, Приморский край, Россия, 690069",43.169608,131.921238,-0.08832471611
3496,8086,5478,"D. 41, UL. SOVHOZNAYA     MOSKVA G    ","Совхозная улица, 41, Москва, Россия, 109386",55.674575,37.760225,0.01970494976
3497,8087,5478,"D. 41, UL. SOVHOZNAYA     MOSKVA G    ","Совхозная улица, 41, Москва, Россия, 109386",55.674575,37.760225,0.02748821086
3498,8088,5478,"D. 41, UL. SOVHOZNAYA     MOSKVA G    ","Совхозная улица, 41, Москва, Россия, 109386",55.674575,37.760225,0.02881441706
3499,8089,5478,"D. 41, UL. SOVHOZNAYA     MOSKVA G    ","Совхозная улица, 41, Москва, Россия, 109386",55.674575,37.760225,0.01681713099
3500,8117,5478,"D. 9A, UL. DOBROVOL'SKOGO KHURBA S    ","село Хурба, Комсомольский район, Хабаровский край, Россия",50.404126,136.887277,-0.001028536359
3501,8120,5478,"D. 2/33, PR-KT LENINA     SEVERODVINSK","проспект Ленина, 2, Северодвинск, Архангельская область, Россия, 164501",64.567388,39.821041,-0.02787681388
3502,8121,5478,"D. 2/33, PR-KT LENINA     SEVERODVINSK","проспект Ленина, 2, Северодвинск, Архангельская область, Россия, 164501",64.567388,39.821041,-0.06131522402
3503,8128,5478,"D. 142, UL. KRASNAYA      KALININGRAD ","Красная улица, 142, Калининград, Россия, 236023",54.737855,20.474204,-0.0360576451
3504,8141,5478,"D. 6, UL. MAKSIMA GOR'KOG LIVNY G     ","улица Максима Горького, 6, Ливны, Орловская область, Россия, 303850",52.427307,37.604798,0.02540187685
3505,8154,5478,"D. 18, UL. VOINOV INTERNA ZHELEZNOGORS","Железногорск, 26А, Курская область, Россия",52.339203,35.350871,-0.0152460174
3506,8162,5478,"D. 2, UL. GEROEV DESANTNI NOVOROSSIYSK",,,,0.01964293054
3507,8170,5478,"D. 164, UL. GAGARINA      RYAZAN G    ","улица Гагарина, 164, Рязань, Россия",54.610345,39.715327,-0.04322386025
3508,8184,5478,"18A, UL. SOVETSKAYA       VOSKRESENSK ","Советская улица, 18А, Воскресенск, Московская область, Россия, 140200",55.325032,38.682983,-0.07514146504
3509,8185,5478,"18A, UL. SOVETSKAYA       VOSKRESENSK ","Советская улица, 18А, Воскресенск, Московская область, Россия, 140200",55.325032,38.682983,-0.02854488644
3510,8192,5478,"D. 12, UL. KUIBYSHEVA     BRYANSK G   ","улица Куйбышева, 12, Бежицкий район, Брянск, Россия, 241035",53.307719,34.307586,-0.04878745662
3511,8193,5478,"D. 12, UL. KUIBYSHEVA     BRYANSK G   ","улица Куйбышева, 12, Бежицкий район, Брянск, Россия, 241035",53.307719,34.307586,-0.06907935551
3512,8203,5478,"18, UL. ORDZHONIKIDZE     NOVOSIBIRSK ","улица Орджоникидзе, 18, Новосибирск, Россия, 630099",55.030612,82.917546,-0.05384421767
3513,8204,5478,"18, UL. ORDZHONIKIDZE     NOVOSIBIRSK ","улица Орджоникидзе, 18, Новосибирск, Россия, 630099",55.030612,82.917546,-0.08800072473
3514,8211,5478,"D. 8, UL. GREBENSHIKOVA   NOVOSIBIRSK ","улица Гребенщикова, 8, микрорайон Родники, Калининский район, Новосибирск, Россия, 630129",55.110239,82.941028,0.001229725343
3515,8212,5478,"D. 8, UL. GREBENSHIKOVA   NOVOSIBIRSK ","улица Гребенщикова, 8, микрорайон Родники, Калининский район, Новосибирск, Россия, 630129",55.110239,82.941028,-0.00778080229
3516,8221,5478,"D. 26/12, PR-KT LENINA    VELIKIE LUKI","проспект Ленина, 26/12, Великие Луки, Псковская область, Россия, 182113",56.344122,30.518645,-0.04434588569
3517,8225,5478,"D. 38/114, UL. IM VAVILOV SARATOV G   ","улица имени Н.И. Вавилова, 38, Саратов, Россия",51.535232,46.009939,-0.008491635886
3518,8238,5478,"D. 10, UL. LUKASHINA      SHCHEKINO G ","улица Лукашина, 10, Щёкино, Тульская область, Россия, 301246",54.0205,37.505049,-0.0003928241127
3519,8239,5478,"D. 10, UL. LUKASHINA      SHCHEKINO G ","улица Лукашина, 10, Щёкино, Тульская область, Россия, 301246",54.0205,37.505049,-0.01184464104
3520,8240,5478,"D. 10, UL. LUKASHINA      SHCHEKINO G ","улица Лукашина, 10, Щёкино, Тульская область, Россия, 301246",54.0205,37.505049,-0.02136237498
3521,8241,5478,"D. 8A, UL. SOVETSKAYA     IZHEVSK G   ","Советская улица, 8А, Ижевск, Удмуртская Республика, Россия, 426004",56.845101,53.209505,-0.0651692765
3522,8242,5478,"D. 8A, UL. SOVETSKAYA     IZHEVSK G   ","Советская улица, 8А, Ижевск, Удмуртская Республика, Россия, 426004",56.845101,53.209505,-0.03202900732
3523,8243,5478,"D. 8A, UL. SOVETSKAYA     IZHEVSK G   ","Советская улица, 8А, Ижевск, Удмуртская Республика, Россия, 426004",56.845101,53.209505,-0.06808278331
3524,8247,5478,"D. 33/2, UL. GONCHAROVA   ULYANOVSK G ","улица Гончарова, 33/2, Ульяновск, Россия",54.32167,48.401048,-0.02339974484
3525,8248,5478,"D. 33/2, UL. GONCHAROVA   ULYANOVSK G ","улица Гончарова, 33/2, Ульяновск, Россия",54.32167,48.401048,-0.003659623096
3526,8249,5478,"D. 33/2, UL. GONCHAROVA   ULYANOVSK G ","улица Гончарова, 33/2, Ульяновск, Россия",54.32167,48.401048,-0.0240124588
3527,8250,5478,"D. 33/2, UL. GONCHAROVA   ULYANOVSK G ","улица Гончарова, 33/2, Ульяновск, Россия",54.32167,48.401048,-0.02957806927
3528,8264,5478,"D. 51, UL. NALICHNAYA     SANKT-PETERB","Наличная улица, 51, Санкт-Петербург, Россия, 199155",59.951101,30.234454,-0.089734636
3529,8266,5478,"D. 12, UL. CHEHOVA        PUSHKINO G  ","улица Чехова, 12, Пушкино, Московская область, Россия, 141207",56.008701,37.851907,0.004934876057
3530,8277,5478,"D. 164, UL. RZHANOVA      IRKUTSK G   ","улица Ржанова, 164, Иркутск, Россия, 664050",52.252709,104.365246,-0.03019178192
3531,8291,5478,"D. 2A, UL. ORDZHONIKIDZE  NOVOMOSKOVSK","2-я Путейская улица, Новомосковск, Тульская область, Россия",54.037562,38.248684,-0.05563819613
3532,8292,5478,"D. 65A, UL. METALLURGOV   TULA G      ","улица Металлургов, 65А, Тула, Россия, 300031",54.195788,37.676187,-0.05133748855
3533,8304,5478,"D. 9, UL. DOBROLUBOVA     ARKHANGELSK ","улица Добролюбова, 9, микрорайон Первых Пятилеток, Архангельск, Россия, 163012",64.59163,40.57868,-0.1269257953
3534,8313,5478,"D. 20, PR-KT STROITELEI   ALMETYEVSK G","проспект Строителей, 20, Альметьевск, Республика Татарстан, Россия, 423455",54.902294,52.270038,-0.04806237417
3535,8314,5478,"D. 19D, UL. YASTYNSKAYA   KRASNOYARSK ","Ястынская улица, 19, Красноярск, Россия, 660131",56.0626,92.946544,0.05597239415
3536,8329,5478,"D. 14/7, PL. SUHAREVSKAYA MOSKVA G    ","Малая Сухаревская площадь, 12, Москва, Россия, 127051",55.772335,37.631505,-0.02089729208
3537,8338,5478,"D. 3, PL. LENINA          ARTEM G     ","площадь Ленина, 3, Артём, Приморский край, Россия",43.354902,132.180878,0.03421481123
3538,8341,5478,"D. 78, UL. SVETLANSKAYA   VLADIVOSTOK ","Светланская улица, 78, Владивосток, Приморский край, Россия, 690001",43.114621,131.909083,-0.03219687342
3539,8348,5478,"D. 104, UL. PROFSOUZNAYA  MOSKVA G    ","Профсоюзная улица, 104, Москва, Россия, 117437",55.64192,37.523456,-0.02447581812
3540,8368,5478,"D. 56, UL. LENINA         BALAKOVO G  ","улица Ленина, 56, Балаково, Саратовская область, Россия, 413865",52.035126,47.781767,-0.0102847582
3541,8371,5478,"D. 185, UL. LUNACHARSKOGO EKATERINBURG","улица Луначарского, 185, Екатеринбург, Свердловская область, Россия, 620026",56.830911,60.624388,-0.05634390207
3542,8373,5478,"D. 150, PR-KT LENINA      OBNINSK G   ","проспект Ленина, 150, Обнинск, Калужская область, Россия, 249034",55.115177,36.588399,0.01169447749
3543,8374,5478,"D. 150, PR-KT LENINA      OBNINSK G   ","проспект Ленина, 150, Обнинск, Калужская область, Россия, 249034",55.115177,36.588399,-0.03317500149
3544,2981,8083,"Novocheremushkinskaya, Moskva         ",,,,0.1146099604
3545,2986,8083,"ELEKTROZAVODSKAYA, 15  Sarapul        ","Электрозаводская улица, 15, Сарапул, Удмуртская Республика, Россия, 427961",56.44817,53.761232,0.1306197952
3546,2989,8083,"2 SYROMYAT. PR,1       Moskva         ",,,,0.1866382315
3547,2996,8083,"Krasnoarmeyskay,233    Kyzyl          ","Красноармейская улица, 233, Кызыл, Республика Тыва, Россия, 667000",51.715113,94.428118,0.1819432754
3548,3015,8083,"Svobodnyy pr, 82       Krasnoyarsk    ","Свободный проспект, 82, Красноярск, Россия, 660041",56.005677,92.766333,0.1443171733
3549,3024,8083,"KHASANSKAYA, 17 B      Barabash       ","Хасанская улица, 17Г, село Барабаш, Хасанский район, Приморский край, Россия",43.183092,131.489085,0.1028270882
3550,3031,8083,"Bolshaya Kazachya, 49/6Saratov        ","Большая Казачья улица, 49/65, Саратов, Россия, 410012",51.534503,46.021483,0.2186083167
3551,3035,8083,"Lenina, 33             Almetyevsk     ","улица Ленина, 33, Альметьевск, Республика Татарстан, Россия, 423450",54.901823,52.299251,0.1765292946
3552,3039,8083,"MOSKOVSKOE SHOSSE, 21  Ryazan         ","Московское шоссе, 21, Рязань, Россия, 390044",54.634365,39.6888,0.1134265324
3553,3045,8083,"ORJONIKIDZE, 11        SOCHI          ","улица Орджоникидзе, 11, микрорайон Центральный, Сочи, Краснодарский край, Россия",43.577179,39.725056,0.1091437969
3554,3058,8083,"Fedyuninskogo,67       Tyumen         ","улица Федюнинского, 67, Тюмень, Россия",57.102973,65.570368,0.1354880585
3555,3080,8083,"ADMIRALA YUMASHEVA, 7  Vladivostok    ","улица Адмирала Юмашева, 7Б, Владивосток, Приморский край, Россия, 690037",43.126676,131.949454,0.1414460194
3556,3083,8083,"CHERNYSHEVSKOGO,17A    Sankt-Peterburg","проспект Чернышевского, 17, Санкт-Петербург, Россия, 191123",59.944576,30.358772,0.1751148411
3557,3097,8083,Proyezd Stroitelnyy 4  Monchegorsk,"Строительный проезд, 4, Мончегорск, Мурманская область, Россия, 184511",67.9425,32.904597,0.05571454033
3558,3104,8083,"50LETIYA VLKSM, 4G     Korolev        ","улица 50-летия ВЛКСМ, 4, Королёв, Московская область, Россия, 141077",55.919397,37.845834,0.1946557634
3559,3105,8083,"SHCHORSA, 30           Dudinka        ","улица Щорса, 29, Дудинка, Таймырский Долгано-Ненецкий район, Красноярский край, Россия, 647000",69.404318,86.20317,0.1946137392
3560,3108,8083,"RESPUBLIKI, 250 B      Tyumen         ","улица Республики, 250, Тюмень, Россия, 625014",57.11683,65.619255,0.08259220406
3561,3114,8083,"AMURSKAYA, 88          CHita          ","Амурская улица, 88, Чита, Забайкальский край, Россия, 672000",52.031004,113.498228,0.1864566862
3562,3115,8083,"KARAULNAYA, 45         Krasnoyarsk    ","Караульная улица, 45, Красноярск, Россия",56.046977,92.882539,0.124366092
3563,3120,8083,"Michurinskiy pr-t, 9/1 Moskva         ","Мичуринский проспект, 9к1, Москва, Россия, 119192",55.700801,37.506442,0.1762886659
3564,3127,8083,"DOBROSLAOBODSKAYA, 19  Talovka        ","хутор Нижняя Таловка, Миллеровский район, Ростовская область, Россия",48.797855,40.353805,0.1063093848
3565,3132,8083,"RUMYANTSEVA, 28        CHelyabinsk    ","улица Румянцева, 28, Челябинск, Россия, 454017",55.249735,61.379386,0.1335978294
3566,3147,8083,"50 LET OKTYABRYA, 7    Norilsk        ","улица 50 лет Октября, 7, Норильск, Красноярский край, Россия, 663305",69.340483,88.21634,0.05581750856
3567,3152,8083,"MASLAKOVA ST., 10      Bolshoy Kamen  ","улица Маслакова, 10, Большой Камень, Приморский край, Россия",43.116654,132.350794,0.1407486071
3568,3158,8083,"ANAPSKOE SH., 60       Novorossiysk   ","Анапское шоссе, 60/8, Новороссийск, Краснодарский край, Россия, 353907",44.731763,37.749876,0.1230973044
3569,3162,8083,"TALNAKHSKAYA, 43A      Norilsk        ","Талнахская улица, 43А, Норильск, Красноярский край, Россия, 663318",69.353814,88.207842,0.1900845791
3570,3163,8083,"Taymyrskaya,8          Norilsk        ","Таймырская улица, 8, Норильск, Красноярский край, Россия, 663330",69.483491,88.388241,0.1854033721
3571,3195,8083,"SADOVAYA,22,1          Vladivostok    ","Садовая улица, 22к2, Владивосток, Приморский край, Россия, 690078",43.13748,131.896193,0.1501519007
3572,3197,8083,"PR.T OLIMPIYSKIY, 6    Ulyanovsk      ","Олимпийский проспект, 6, Ульяновск, Россия, 432045",54.28614,48.277089,0.1206159527
3573,3198,8083,"CHEKHOVA, 2            Kyzyl          ","улица Чехова, 2, Кызыл, Республика Тыва, Россия",51.720911,94.426591,0.119543534
3574,3210,8083,"ERVOMAYSKIY PER.,2A    Yaroslavl      ","Первомайский переулок, 2А, Ярославль, Россия, 150000",57.629185,39.888091,0.07030401931
3575,3211,8083,"Turgenevskoye sh, 27   Novaya Adygeya ","Тургеневское шоссе, 27, посёлок Новая Адыгея, Тахтамукайский район, Республика Адыгея, Россия",45.013084,38.929328,0.04283494619
3576,3218,8083,"TIGROVAYA, 7           Vladivostok    ","Тигровая улица, 7, Владивосток, Приморский край, Россия, 690091",43.114693,131.876025,0.03684798811
3577,3226,8083,"KOLLONTAY, 3           Sankt-Peterburg","улица Коллонтай, 3, Санкт-Петербург, Россия, 193313",59.912914,30.446878,0.1261552094
3578,3233,8083,"TURGENEVSKOE SH., 27   Novaya Adygeya ","Тургеневское шоссе, 27, посёлок Новая Адыгея, Тахтамукайский район, Республика Адыгея, Россия",45.013084,38.929328,0.1722424182
3579,3235,8083,"VOLZHSKAYA, 1          Vanino         ","Волжская улица, 1, посёлок городского типа Ванино, городское поселение Рабочий Посёлок Ванино, Ванинский район, Хабаровский край, Россия, 682860",49.085895,140.254953,0.1880012742
3580,3253,8083,"KALININA, 3            Kyzyl          ","улица Калинина, 3, Кызыл, Республика Тыва, Россия, 667010",51.700815,94.414104,0.2171679819
3581,3258,8083,"GAGARINA, 2.1          Kozhevnikovo   ","улица Гагарина, 2/1, село Кожевниково, Кожевниковский район, Томская область, Россия",56.276454,83.962044,0.1318594319
3582,3260,8083,"Marshala ZHukova, 13   YEkaterinburg  ","улица Маршала Жукова, 13, Екатеринбург, Свердловская область, Россия, 620014",56.84197,60.583946,0.1466652747
3583,3262,8083,"YAROSLAVSKOGO, 37      Yakutsk        ","улица Ярославского, 37, Якутск, Республика Саха (Якутия), Россия, 677018",62.024051,129.728576,0.1291282507
3584,3283,8083,"3 MKRN., 39            Achinsk        ","3-й микрорайон, 39, Ачинск, Красноярский край, Россия",56.258448,90.488341,0.1684455094
3585,3292,8083,"INTERNATSIONALNAYA, 83 Artem          ","Интернациональная улица, 83, Артём, Приморский край, Россия, 692760",43.354843,132.191702,0.1443771326
3586,3297,8083,"KARLA MARKSA PR, 18.28 Omsk           ","проспект Карла Маркса, 18к28, Омск, Россия, 644042",54.966044,73.381902,0.0814420268
3587,3302,8083,"KOMMUNALNAYA, 2        Krasnoyarsk    ","Коммунальная улица, 2, Красноярск, Россия, 660059",56.009008,92.945835,0.08813277044
3588,3303,8083,"Novocheremushkinskaya, Moskva         ",,,,0.1406719955
3589,3306,8083,"PUSHKINA,127           Abakan         ","улица Пушкина, 127, Абакан, Республика Хакасия, Россия, 655017",53.716825,91.445316,0.1429956059
3590,3323,8083,"POYMENNAYA,1           Rostov-na-Donu ","Пойменная улица, 1, микрорайон Заречная, Ростов-на-Дону, Россия, 344002",47.203997,39.723735,0.1279556435
3591,3329,8083,"MALYGINA, 59           Tyumen         ","улица Малыгина, 59, Тюмень, Россия, 625048",57.141085,65.554208,0.13084934
3592,3335,8083,"SOVETSKAYA, 126        Nikolayevsk-na-","Советская улица, 126, Николаевск-на-Амуре, Хабаровский край, Россия, 682460",53.137057,140.733962,0.1363874633
3593,3352,8083,"VYBORGSKOE SH,11       Sankt-Peterburg","Выборгское шоссе, 11, Санкт-Петербург, Россия, 194356",60.047146,30.314997,0.1269394884
3594,3370,8083,"LENINSKIJ PR-KT, 11    Norilsk        ","Ленинский проспект, 11, Норильск, Красноярский край, Россия, 663302",69.346154,88.205488,0.2186083167
3595,3379,8083,"LENINGRADSKAYA,13      Petrozavodsk   ","Ленинградская улица, 13, Петрозаводск, Республика Карелия, Россия, 185035",61.794752,34.3549,0.1127775642
3596,3392,8083,"MAGISTRALNAYA, 1       Astrakhan      ","Магистральная улица, 1, Астрахань, Россия, 414042",46.415745,47.976378,0.01880546514
3597,3404,8083,"KALININA, 5A           Kyzyl          ","улица Калинина, 5А, Кызыл, Республика Тыва, Россия, 667010",51.701362,94.411751,0.1924519727
3598,3406,8083,"KOMSOMOLSKIY PR., 72   Perm           ","Комсомольский проспект, 72, Пермь, Россия, 614039",57.995833,56.254147,0.1758622251
3599,3408,8083,"LENINA, 42             Kyzyl          ","улица Ленина, 42, Кызыл, Республика Тыва, Россия, 667000",51.720325,94.43322,0.2101776244
3600,3410,8083,"Bagrationovskiy pr-d, 7Moskva         ","Багратионовский проезд, 7к3, Москва, Россия, 121087",55.742184,37.504232,0.1196092924
3601,3415,8083,"BOLSHEVIKOV, 27 A      Sankt-Peterburg","проспект Большевиков, 27, Санкт-Петербург, Россия, 193232",59.90052,30.485874,0.1228337534
3602,3422,8083,"OKTYABRSKAYA, 75       CHernigovka    ","Октябрьская улица, 75, село Черниговка, Черниговский район, Приморский край, Россия, 692372",44.341696,132.578724,0.1563576051
3603,3426,8083,"PARTIZANA ZHELEZNYAKA, Krasnoyarsk    ",,,,0.1620187163
3604,3435,8083,"LENINGRADSKAYA, 2      Voronezh       ","Ленинградская улица, 2, Воронеж, Россия, 394007",51.670517,39.254959,0.1543956274
3605,3464,8083,"DRUZHBY NARODOV, 8.1   Neryungri      ","проспект Дружбы Народов, 8/1, Нерюнгри, Республика Саха (Якутия), Россия, 678967",56.656074,124.706993,0.2186083167
3606,3500,8083,"MIRA, 41,1             Perm           ","улица Мира, 41/1, Пермь, Россия",57.977684,56.18875,0.1588623579
3607,3502,8083,"POYMENNAYA,1           Rostov-na-Donu ","Пойменная улица, 1, микрорайон Заречная, Ростов-на-Дону, Россия, 344002",47.203997,39.723735,0.04618191842
3608,3503,8083,"LEZHNEVSKAYA, 55       Ivanovo        ","Лежневская улица, 55, Иваново, Россия, 153008",56.983014,40.98214,0.2186083167
3609,3505,8083,"Izmaylovskaya pl, 1    Moskva         ","Измайловская площадь, 1, Москва, Россия, 105037",55.792022,37.775137,0.2127214199
3610,3507,8083,"1YA RABOCHAYA, 70      Artem          ","1-я Рабочая улица, 70, Артём, Приморский край, Россия, 692771",43.330237,132.105599,0.1357895307
3611,3520,8083,"9 MAYA, 77             Krasnoyarsk    ","улица 9 Мая, 77, Красноярск, Россия, 660125",56.050913,92.904369,0.2186083167
3612,3525,8083,"TSENTRALNAYA, 1        Penza          ","Центральная улица, 1, Пенза, Россия, 440068",53.1283,45.024074,0.1328181172
3613,3532,8083,"KOCHETOVA, 62          Kyzyl          ","улица Кочетова, 62, Кызыл, Республика Тыва, Россия, 667000",51.718969,94.43375,0.1830029634
3614,3535,8083,"AVIAITSIONNAYA, 12     Komsomolsk-31  ",,,,0.1581726816
3615,3536,8083,"VOROSHILOVA, 33        Klintsy        ","улица Ворошилова, 33, Клинцы, Брянская область, Россия, 243145",52.763476,32.26638,0.1348832263
3616,3537,8083,BALDINA. 2             Dubna,"улица Академика Балдина, 2, Дубна, Московская область, Россия, 141980",56.751396,37.204662,0.1585168435
3617,3543,8083,"B. SAVVINSKIY PER., 12 Moskva         ","Большой Саввинский переулок, 12с1, Москва, Россия, 119435",55.732747,37.56494,0.1360644429
3618,3547,8083,"TIGROVAYA, 7           Vladivostok    ","Тигровая улица, 7, Владивосток, Приморский край, Россия, 690091",43.114693,131.876025,0.1264161965
3619,3557,8083,"VOTKINSKOE SH., 178 A  Izhevsk        ","Воткинское шоссе, 178А, Ижевск, Удмуртская Республика, Россия, 426039",56.897758,53.307287,0.0583486928
3620,3558,8083,"B.MOSKOVSKAYA, 8.2     Sankt-Peterburg","Большая Московская улица, 8/2, Санкт-Петербург, Россия, 191002",59.926472,30.347983,0.1943498597
3621,3566,8083,"RAZINA, 30             Vladimir       ","улица Разина, 30, Владимир, Россия, 600024",56.116673,40.352906,0.1220045457
3622,3574,8083,"KASHIRSKOE SHOSSE, 122 Moskva         ","Каширское шоссе, 122, Москва, Россия, 115582",55.605902,37.71813,0.192691972
3623,3580,8083,"Smolnaya,22            Moskva         ","Смольная улица, 22, Москва, Россия, 125445",55.859691,37.484415,0.195318704
3624,3585,8083,"Privolnaya, 70         Moskva         ","Привольная улица, 70, Москва, Россия, 109431",55.678341,37.853326,0.2186083167
3625,3599,8083,"GAGARINA PR.T, 10.2    Smolensk       ","проспект Гагарина, 10/2, Смоленск, Россия, 214000",54.774862,32.045664,0.1935877792
3626,3602,8083,"PRESNENSKAYA NAB., 10  Moskva         ","Пресненская набережная, 10, Москва, Россия, 123317",55.746593,37.537371,0.2186083167
3627,3614,8083,66KM MKAD              Moskva,"МКАД, 66-й километр, Москва, Россия",55.814836,37.39046,0.112953377
3628,3615,8083,"LENINSKIY PR.T, 30A    Kaliningrad    ","Ленинский проспект, 30А, Калининград, Россия, 236006",54.71152,20.507298,0.2186083167
3629,3616,8083,"VOLGOGRADSKIY, 42.B2   Moskva         ","Волгоградский проспект, 42, Москва, Россия, 109316",55.705858,37.725487,0.1037367342
3630,3629,8083,"Vyatskaya, 27/12       Moskva         ","Вятская улица, 27с12, Москва, Россия, 127015",55.797083,37.580876,0.06106900339
3631,3634,8083,"SH.PULKOVSKOE, 33      Sankt-Peterburg","Пулковское шоссе, 35к5, Санкт-Петербург, Россия",59.801377,30.323674,0.1228693612
3632,3635,8083,"PR. MIRA, 124.8        Moskva         ","проспект Мира, 124к8, Москва, Россия, 129164",55.814325,37.639285,0.2087154413
3633,3636,8083,"PR. MIRA, 124.8        Moskva         ","проспект Мира, 124к8, Москва, Россия, 129164",55.814325,37.639285,0.2186083167
3634,3643,8083,"Leningradskiy pr-t, 12 Moskva         ","Ленинградский проспект, 12, Москва, Россия, 125040",55.780162,37.578855,0.2058477946
3635,3646,8083,"BELINSKOGO, 63         Nizhniy Novgoro","улица Белинского, 63, Нижний Новгород, Россия, 603024",56.316903,44.020494,0.1691805152
3636,3660,8083,"INDUSTRIALNYY,25       Sankt-Peterburg","Индустриальный проспект, 25, Санкт-Петербург, Россия, 195298",59.947023,30.477466,0.1906846171
3637,3663,8083,"MOSKOVSKIY PR.,171     Sankt-Peterburg","Московский проспект, 171, Санкт-Петербург, Россия, 196070",59.86256,30.320171,0.1977694201
3638,3666,8083,"HASANSKAYA, 17,1       Sankt-Peterburg","Хасанская улица, 17к1, Санкт-Петербург, Россия, 195426",59.934483,30.497543,0.1354572844
3639,3668,8083,"SADOV KUDRINSKAYA,32,1 Moskva         ","Садовая-Кудринская улица, 32с1, Москва, Россия, 123001",55.765412,37.590901,0.2069127768
3640,3674,8083,"V.O. MALYY PR., 88     Sankt-Peterburg","Малый проспект Васильевского острова, 88, Санкт-Петербург, Россия, 199406",59.938257,30.230627,0.1137828909
3641,3676,8083,"PR.STACHEK, 99         Sankt-Peterburg","проспект Стачек, 99, Санкт-Петербург, Россия, 198302",59.858688,30.247937,0.1735669387
3642,3689,8083,"Kerchenskaya, 13       Nizhniy Novgoro","Керченская улица, 13, Нижний Новгород, Россия, 603070",56.333779,43.959085,0.175381905
3643,3693,8083,"Krestovaya, 25         Rybinsk        ","Крестовая улица, 25, Центральный микрорайон, Центральный район, Рыбинск, Ярославская область, Россия, 152901",58.048507,38.854606,0.09793615025
3644,3694,8083,"LENINA PR., 13         Kronshtadt     ","проспект Ленина, 13, Кронштадт, Санкт-Петербург, Россия, 197760",59.997595,29.765911,0.1110979605
3645,3699,8083,"BAYKONURSKAYA,  14     Sankt-Peterburg","Байконурская улица, 14, Санкт-Петербург, Россия, 197227",60.002288,30.272497,0.1505200381
3646,3713,8083,"Dzerzhinskogo, 100     Krasnodar      ","улица Дзержинского, 100, Краснодар, Россия",45.102209,38.983847,0.2068795684
3647,3714,8083,"PROSVESHCHENIYA,68     Sankt-Peterburg","проспект Просвещения, 68Б, Санкт-Петербург, Россия, 195276",60.044599,30.380448,0.1901668782
3648,3719,8083,"MOSKOVSKAYA, 54        Krasnodar      ","Московская улица, 54, Краснодар, Россия, 350072",45.063037,39.00228,0.155989044
3649,3724,8083,"OSKOVSKIY PR.,137      Sankt-Peterburg","Московский проспект, 137, Санкт-Петербург, Россия, 196105",59.881719,30.314673,0.166746963
3650,3732,8083,"SOVETSKAYA, 5          Novosibirsk    ","Советская улица, 5, Новосибирск, Россия, 630007",55.021571,82.91725,0.1642180337
3651,3733,8083,"Oktyabrskiy pr, 36     Pskov          ","Октябрьский проспект, 36, Псков, Россия, 180000",57.813545,28.347857,0.1924268573
3652,3735,8083,"Pereulok Zaytseva,7    Klintsy        ","переулок Зайцева, 7, Клинцы, Брянская область, Россия, 243140",52.751748,32.224483,0.09362590203
3653,3737,8083,"Bolshaya Kazachya, 49/6Saratov        ","Большая Казачья улица, 49/65, Саратов, Россия, 410012",51.534503,46.021483,0.2095631701
3654,3779,8083,"KRANDSHTAT. BR., 37B   Moskva         ",,,,0.03833315804
3655,3782,8083,"LENINGRADSKIY PR., 53  Moskva         ","Ленинградский проспект, 53, Москва, Россия, 125167",55.801136,37.526995,0.154126592
3656,3783,8083,"BOGOLUBOVA PR., 31     Dubna          ","проспект Боголюбова, 31, Дубна, Московская область, Россия, 141981",56.732035,37.150898,0.2186083167
3657,3795,8083,"SOVETSKAYA, 14         Kamensk        ","Советская улица, 14, Каменск-Шахтинский, Ростовская область, Россия",48.312396,40.281634,0.1305041558
3658,3806,8083,"Nizhegorodskaya,6      Novosibirsk    ","Нижегородская улица, 6, Новосибирск, Россия, 630102",55.015738,82.935961,0.06424645337
3659,3812,8083,"KIBALCHICHA, 1         Moskva         ","улица Кибальчича, 1, Москва, Россия, 129164",55.817092,37.641602,0.1267612511
3660,3817,8083,"PROFSOUZNAYA, 43       Moskva         ","Профсоюзная улица, 43, Москва, Россия, 117420",55.668107,37.553594,0.2186083167
3661,3822,8083,"DMITROVSKOE SH, 9      Moskva         ","Дмитровское шоссе, 9, Москва, Россия, 127434",55.815494,37.575396,0.2001375216
3662,3846,8083,"IRKUTSKIY TRAKT, 142/3 Tomsk          ","Иркутский тракт, 142/3, Томск, Россия, 634040",56.515305,85.050793,0.1533665164
3663,3847,8083,"BARKHATOVOY, 2         Omsk           ","улица Бархатовой, 2, микрорайон Заозёрный, Омск, Россия, 644110",55.048611,73.325829,0.1151415897
3664,3853,8083,"OKHRANY TRUDA, 1       Krasnoyarsk    ","улица Охраны Труда, 1, Красноярск, Россия, 660075",56.017986,92.841693,0.05468768849
3665,3855,8083,Lyublinskaya.165k1     Moskva,"Люблинская улица, 165к1, Москва, Россия, 109652",55.650069,37.745933,0.2083668552
3666,3856,8083,"PARTIZ ZHELEZNYKA, 7J  Krasnoyarsk    ","улица Партизана Железняка, 7, Красноярск, Россия, 660022",56.03012,92.917529,0.1609259789
3667,3861,8083,"YAMSKAY, 76            Tyumen         ","Ямская улица, 76, Тюмень, Россия, 625001",57.162342,65.497605,0.1980897468
3668,3862,8083,"KOPYLOVA, 72           Krasnoyarsk    ","улица Копылова, 72, Красноярск, Россия, 660001",56.012783,92.810126,0.1965905385
3669,3873,8083,"LENINA PROSP., 111     Tomsk          ","проспект Ленина, 111, Томск, Россия, 634050",56.484407,84.9494,0.1425139579
3670,3877,8083,"AKSAKOVA, 8            Orenburg       ","улица Аксакова, 8, Оренбург, Россия, 460024",51.771326,55.106909,0.1649898404
3671,3880,8083,"AKSAKOVA, 8            Orenburg       ","улица Аксакова, 8, Оренбург, Россия, 460024",51.771326,55.106909,0.1870377566
3672,3895,8083,"LENINSKAYA, 12         Petropavlovsk-K","Ленинская улица, 12, Петропавловск-Камчатский, Камчатский край, Россия",53.010559,158.653367,0.08358548952
3673,3898,8083,"BOTANICHESKAY, 7A      Ulan-Ude       ","Ботаническая улица, 7А, Улан-Удэ, Республика Бурятия, Россия, 670045",51.842689,107.63505,0.174543504
3674,3910,8083,"Moskovskiy pr, 9a      Voronezh       ","Московский проспект, 9А, Воронеж, Россия, 394026",51.684809,39.183507,0.1700762985
3675,3932,8083,"KALININA, 3            Kyzyl          ","улица Калинина, 3, Кызыл, Республика Тыва, Россия, 667010",51.700815,94.414104,0.1692970411
3676,3934,8083,"Antonova, 7            Penza          ","улица Антонова, 7, Пенза, Россия, 440072",53.1854,45.064058,0.1292400056
3677,3937,8083,"PR. GAGARINA, 10,2     Smolensk       ","проспект Гагарина, 10/2, Смоленск, Россия, 214000",54.774862,32.045664,0.1322648558
3678,3938,8083,"Pr.Lenina, 15          Petrozavodsk   ","проспект Ленина, 15, Петрозаводск, Республика Карелия, Россия, 185035",61.79047,34.365572,0.1358394312
3679,3945,8083,"Moskovskoye sh, 4a/1   Samara         ","Московское шоссе, 4Ас1, Самара, Россия",53.203398,50.144516,0.1844205681
3680,3951,8083,"DOS, 51                KHabarovsk     ","квартал ДОС, 51, Хабаровск, Россия",48.471138,135.119051,0.1879298193
3681,3952,8083,"Oktyabrskiy pr, 36     Pskov          ","Октябрьский проспект, 36, Псков, Россия, 180000",57.813545,28.347857,0.1783743589
3682,3959,8083,"KOMSOMOLSKAYA, 30 A    Kirov          ","Комсомольская улица, 30А, Ленинский район, Киров, Россия",58.581103,49.66142,0.1560599637
3683,3965,8083,"AKADEMICHESKAY, 31     Irkutsk        ","Академическая улица, 31, Иркутск, Россия, 664056",52.233695,104.302417,0.1440016249
3684,3966,8083,"Kommunisticheskaya, 35 Raychikhinsk   ","Коммунистическая улица, 35, Райчихинск, Амурская область, Россия, 676770",49.796033,129.40423,0.115696813
3685,3969,8083,"UBOREVICHA, 11         Vladivostok    ","улица Уборевича, 11, Владивосток, Приморский край, Россия, 690091",43.117405,131.888719,0.2137819827
3686,3972,8083,"KRUTITSKAYA, 27        Ivanovo        ","Крутицкая улица, 27, Иваново, Россия, 153000",57.00198,40.983353,0.0413538186
3687,3973,8083,"Moskovskiy pr, 9a      Voronezh       ","Московский проспект, 9А, Воронеж, Россия, 394026",51.684809,39.183507,0.1206756722
3688,3977,8083,"Pervomayskaya,29/18    Yaroslavl      ","Первомайская улица, 29, Ярославль, Россия, 150000",57.625706,39.885783,-0.02089373057
3689,3979,8083,"PR. MIRA, 26           Komsomolsk-na-A","проспект Мира, 26, Комсомольск-на-Амуре, Хабаровский край, Россия, 681000",50.545218,137.020461,0.2186083167
3690,3992,8083,"POSTYSHEVA, 57         Ivanovo        ","улица Постышева, 57, Иваново, Россия, 153008",56.985515,40.994726,0.1253290767
3691,4005,8083,"Nagornaya,19           Blagoveshchensk","Нагорная улица, 19, Благовещенск, Республика Башкортостан, Россия",55.06305,55.94227,0.08422011846
3692,4007,8083,"60 LET SSSR, 18        Birobidzhan    ","проспект 60-летия СССР, 18, Биробиджан, Еврейская автономная область, Россия, 679016",48.789522,132.925653,0.1275764677
3693,4014,8083,"TSentralnaya, 159      Kemerovo       ","Центральная улица, 159А, поселок Комиссарово, Кемерово, Россия",55.295837,85.995345,0.05860778889
3694,4024,8083,"CHAPAEVA, 6            ZHeleznogorsk  ","улица Чапаева, 6, Железногорск, Красноярский край, Россия, 662971",56.255738,93.531617,0.2173631794
3695,4027,8083,"Bulvar Dm.Donskogo,2k1 Moskva         ","бульвар Дмитрия Донского, 2к1, Москва, Россия, 117628",55.570166,37.575693,0.1896253117
3696,4034,8083,metro Pl.Lenina        Novosibirsk,,,,0.1061220339
3697,4051,8083,"KOMMUNISTICHESKAY,9    Melnikovo      ","Коммунистическая улица, 9, село Мельниково, Шегарский район, Томская область, Россия",56.556016,84.094402,0.1581675344
3698,4060,8083,"LENINA, 22             Novorossiysk   ","проспект Ленина, 22, Новороссийск, Краснодарский край, Россия, 353913",44.698737,37.784794,0.1805337677
3699,4068,8083,"TORGOVAY, 5            Abakan         ","Торговая улица, 5, Абакан, Республика Хакасия, Россия, 655010",53.742783,91.435138,0.1551030985
3700,4081,8083,"KIROVA, 37             Kemerovo       ","улица Кирова, 37, Кемерово, Россия",55.356677,86.074873,0.1558788377
3701,4084,8083,"LENINA, 77             Blagoveshchensk","улица Ленина, 77, Благовещенск, Амурская область, Россия, 675002",50.256184,127.554698,0.1780679435
3702,4092,8083,"LEONOVA, 40            YUzhno-Sakhalin","улица имени П.А. Леонова, 40, Южно-Сахалинск, Сахалинская область, Россия, 693010",46.960957,142.744464,0.1552011543
3703,4093,8083,"LENINA, 173            YUzhno-Sakhalin","улица Ленина, 173, Южно-Сахалинск, Сахалинская область, Россия",46.957845,142.73063,0.1707791929
3704,4097,8083,"LENINA, 130A           CHita          ","улица Ленина, 130А, Чита, Забайкальский край, Россия, 672000",52.037292,113.491734,0.1464418201
3705,4098,8083,"PR.KIROVA,15A,POM.1    Kolomna        ","проспект Кирова, 15А, Коломна, Московская область, Россия, 140411",55.084126,38.766518,0.1602699702
3706,4110,8083,"GAGARINA, 9            KHabarovsk     ","улица Гагарина, 9, микрорайон имени Горького, Хабаровск, Россия, 680052",48.457565,135.184646,0.1608315102
3707,4123,8083,"METALLURGOV, 34        Krasnoyarsk    ","проспект Металлургов, 34, Красноярск, Россия, 660005",56.046846,92.946805,0.2061562288
3708,4128,8083,"SHaumyana pr, 8        Sankt-Peterburg","проспект Шаумяна, 8, Санкт-Петербург, Россия, 195027",59.936048,30.41639,0.1035219152
3709,4132,8083,"UBOREVICHA, 11         Vladivostok    ","улица Уборевича, 11, Владивосток, Приморский край, Россия, 690091",43.117405,131.888719,0.2106463768
3710,4137,8083,"GOLOVATOGO, 313        Kemerovo       ",,,,0.1351976341
3711,4138,8083,"VEDENYAPINA, 2 B       Nizhniy Novgoro","улица Веденяпина, 2Б, Нижний Новгород, Россия, 603016",56.239503,43.863936,0.1748057781
3712,4159,8083,"KARLA MARKSA PR., 4    Omsk           ","проспект Карла Маркса, 4, Омск, Россия, 644024",54.980498,73.379612,0.2132959896
3713,4165,8083,"NEVELSKOGO, 24         Nikolayevsk-na-","улица Невельского, 24, Николаевск-на-Амуре, Хабаровский край, Россия",53.135253,140.725985,0.1727222601
3714,4167,8083,"UZLOVAYA, 15A          KHabarovsk     ","Узловая улица, 15А, Хабаровск, Россия, 680015",48.410735,135.116869,0.09392681912
3715,4171,8083,"SIOLKOVSKOGO,42        Petropavlovsk-K","проспект Циолковского, 42, Петропавловск-Камчатский, Камчатский край, Россия, 683009",53.055311,158.665395,0.1788832559
3716,4176,8083,"RYABIKOVA, 50A         YElizovo       ","улица Рябикова, 50а, Елизово, Камчатский край, Россия, 684000",53.195279,158.38548,0.1271293672
3717,4177,8083,"SOLNECHNAY, 2, STR.5   Seversk        ","Парковая улица, 5, Северск, Томская область, Россия, 636000",56.601624,84.866414,0.1713424136
3718,4180,8083,"AMURSKAYA, 88          CHita          ","Амурская улица, 88, Чита, Забайкальский край, Россия, 672000",52.031004,113.498228,0.2186083167
3719,4191,8083,"SOVETSKAYA, 5          Novosibirsk    ","Советская улица, 5, Новосибирск, Россия, 630007",55.021571,82.91725,0.2062523206
3720,4196,8083,"LENINA, 10A            Belovo         ","улица Ленина, 10, Белово, Кемеровская область, Россия, 652600",54.417148,86.308282,0.1882021388
3721,4197,8083,"YUZHNAYA,105           YEkaterinoslavk","Южная улица, 95, село Екатеринославка, Октябрьский район, Амурская область, Россия",50.36288,129.096539,0.018999524
3722,4202,8083,"70 LET OKTYABRYA, 15   Omsk           ","улица 70 лет Октября, 15, Омск, Россия, 644074",54.982084,73.319047,0.1945995341
3723,4205,8083,"BOLNICHNAYA, 5.7       Krasnokamensk  ","Больничная улица, Краснокаменск, Забайкальский край, Россия",50.08679,118.018713,0.07508250217
3724,4206,8083,"HAYKOVSKOGO,1.1        Blagoveshchensk","улица Чайковского, 1, Благовещенск, Амурская область, Россия, 675002",50.25058,127.555578,0.08945123256
3725,4211,8083,"PUSHKINA, 27           Tomsk          ","улица Пушкина, 27, Томск, Россия, 634003",56.498878,84.970143,0.1358931438
3726,4213,8083,"TSENTRALNYY P., 15     Kemerovo       ","поселок Центральный, Арсеньевский район, Тульская область, Россия",53.765351,36.424807,0.002033895185
3727,4221,8083,"SOVETSKAYA, 54.5       Severodvinsk   ","Советская улица, 54, Северодвинск, Архангельская область, Россия, 164501",64.563653,39.819137,0.2186083167
3728,4235,8083,"OKTYABRESKAY, 8        Vladivostok    ","Октябрьская улица, 8, Владивосток, Приморский край, Россия, 690091",43.124518,131.885269,0.1176702475
3729,4237,8083,"POBEDY,24              Petropavlovsk-K","проспект Победы, 24, Петропавловск-Камчатский, Камчатский край, Россия",53.071566,158.594994,0.1304346488
3730,4244,8083,"Gertsena,63            Vologda        ","улица Герцена, 63, Вологда, Россия, 160011",59.209415,39.898961,0.1917648263
3731,4257,8083,"KIROVA PROSP., 51A/.15 Tomsk          ","проспект Кирова, 51Ас15, Томск, Россия, 634041",56.465778,84.980392,0.1469305143
3732,4262,8083,"PROLETARSKIY PR.,9     SHCHelkovo     ","Пролетарский проспект, 9, Щёлково, Московская область, Россия, 141100",55.919932,37.996823,0.1658030562
3733,4263,8083,"MUKHACHEVA, 200        Biysk          ","улица Ильи Мухачева, 200, Бийск, Алтайский край, Россия",52.543,85.215419,0.1540373881
3734,4272,8083,"STROITELEY PR.T, 43    Barnaul        ","проспект Строителей, 43, Барнаул, Алтайский край, Россия, 656031",53.34471,83.756132,0.0990182767
3735,4274,8083,"Pobedy pr, 141         Kazan          ","проспект Победы, 141, Казань, Республика Татарстан, Россия, 420100",55.780957,49.213134,0.1640683165
3736,4278,8083,"SOTSIALISTICHESK,60    Barnaul        ","Социалистический проспект, 60, Барнаул, Алтайский край, Россия, 656049",53.33978,83.780728,0.0812950755
3737,4287,8083,"PR. LENINA, 66         Dzerzhinsk     ","проспект Ленина, 66, Дзержинск, Нижегородская область, Россия, 606010",56.236986,43.46282,0.1260281464
3738,4295,8083,"MARSHALA ZHUKOVA, 18   Tuapse         ","улица Маршала Жукова, 18, Туапсе, Краснодарский край, Россия, 352800",44.097744,39.080892,0.1888500301
3739,4330,8083,"MOSKOVSKAY, 79, 1      Krasnodar      ","Московская улица, 79/1, Краснодар, Россия, 350072",45.070906,39.000367,0.1289018116
3740,4344,8083,"Revolyutsionnaya,52a   Tolyatti       ","Революционная улица, 52А, Тольятти, Самарская область, Россия",53.517924,49.271929,0.150611502
3741,4347,8083,"PROSVESHCHENIYA,65     Sankt-Peterburg","проспект Просвещения, 67, Санкт-Петербург, Россия, 195269",60.040393,30.393366,0.1911484018
3742,4349,8083,"STUDENCHESKAY, 205     Engels         ","Студенческая улица, 205, Энгельс, Саратовская область, Россия, 413124",51.508994,46.194687,-0.02158204619
3743,4365,8083,"UCHEBNAYA, 48D         Tomsk          ","Учебная улица, 48Д, Томск, Россия, 634034",56.459527,84.965525,0.1988602958
3744,4369,8083,"PL. LENINA, 8          Tomsk          ","площадь Ленина, 8, Томск, Россия, 634050",56.486032,84.947568,0.2024642113
3745,4381,8083,"LENINA, 30             Kursk          ","улица Ленина, 30, Курск, Россия, 305000",51.737936,36.192368,0.1300925795
3746,4383,8083,"KRIVOSHEINA, 2         Oboyan         ","улица Кривошеина, 2, Обоянь, Курская область, Россия, 306230",51.218041,36.29298,0.10565539
3747,4384,8083,"KRASINA, 104A          Lgov           ","Льгов, городской округ Льгов, Курская область, Россия",51.655953,35.257456,0.07870289073
3748,4387,8083,"ENERGETIKOV, 1A        Livny          ","улица Энергетиков, 1, Ливны, Орловская область, Россия",52.407605,37.543812,0.09503271676
3749,4388,8083,"Lenina pr, 62a         Nizhniy Novgoro","проспект Ленина, 62А, Нижний Новгород, Россия, 603073",56.274185,43.92035,0.169149768
3750,4390,8083,"PR. 50 LET POBEDY, 29A Tutayev        ","проспект 50-летия Победы, 29А, Тутаев, Ярославская область, Россия, 152300",57.862021,39.521857,0.05281390077
3751,4394,8083,"9 MAYA, 77             Krasnoyarsk    ","улица 9 Мая, 77, Красноярск, Россия, 660125",56.050913,92.904369,0.2038977165
3752,4396,8083,"POBEDY, 18             Poltavka       ","улица Победы, 18, посёлок городского типа Полтавка, Полтавский район, Омская область, Россия, 646740",54.367782,71.761252,0.002538216698
3753,4397,8083,"Sergeya Danshchina, 5  Perm           ","улица Сергея Данщина, 5, Пермь, Россия, 614068",58.011685,56.182399,0.0640662915
3754,4403,8083,"KIROVA, 18             Yakutsk        ","улица Кирова, 18А, Якутск, Республика Саха (Якутия), Россия",62.029347,129.727803,0.1768343206
3755,4411,8083,"KARLA MARKSA, 172      Magnitogorsk   ","проспект Карла Маркса, 172, Магнитогорск, Челябинская область, Россия, 455049",53.37844,58.976384,0.07886152655
3756,4432,8083,"EKIPAZHNAYA, 8         Vladivostok    ","Экипажная улица, 8, Владивосток, Приморский край, Россия, 690001",43.111877,131.919863,0.06771623796
3757,8531,32,"POGRANICHNAYA,55       YUZHNO SAKHAL  ","Пограничная улица, 55, Южно-Сахалинск, Сахалинская область, Россия, 693006",46.944225,142.734807,0.04163221175
3758,8685,32,"IZMAYLOVSKOE SH., 71A  MOSCOW         ","Измайловское шоссе, 71А, Москва, Россия, 105187",55.789563,37.752526,-0.07820730192
3759,8688,32,"YARTSEVSKAYA, 19       MOSCOW         ","Ярцевская улица, 19, Москва, Россия, 121552",55.738591,37.411005,-0.03762489801
3760,39,32,"SHKOLNAYA, 16          NORILSK        ","Школьная улица, 16, Норильск, Красноярский край, Россия, 663340",69.350498,87.755207,0.1871484235
3761,301,32,"VOLOKOLAMSKOE SH,1.1   KRASNOGORSK    ","Волоколамское шоссе, 1с1, Красногорск, Московская область, Россия, 143402",55.818321,37.339023,-0.1255527571
3762,360,32,"PR.T POBEDY, 2.2       PETROPAVLOVSK  ","проспект Победы, 2/2, Петропавловск-Камчатский, Камчатский край, Россия, 683023",53.069613,158.616698,-0.02256932306
3763,361,32,"KHOROSHEVSKOE SHOSSE,32MOSCOW         ","Хорошёвское шоссе, 32, Москва, Россия, 123007",55.774781,37.540524,0.08543151167
3764,1971,496.5,NEVSKOGO 7                KURSK,"улица Александра Невского, 7, Курск, Россия, 305001",51.725748,36.187077,0.007531314283
3765,1973,496.5,RIDZINSKOGO 24            YAKUTSK,"улица Рыдзинского, 24, Якутск, Республика Саха (Якутия), Россия, 677005",62.047895,129.718748,0.01490948431
3766,1974,496.5,ESENINA 9                 RYAZAN,"улица Есенина, 9, Рязань, Россия, 390006",54.628241,39.768229,-0.04396178944
3767,2010,496.5,PR-T LENINA 126A          OBNINSK,"проспект Ленина, 126А, Обнинск, Калужская область, Россия, 249033",55.109945,36.591032,-0.01790752675
3768,2018,496.5,POCHTOVAYA 1              RYBNOYE,"Почтовая улица, 1, Рыбное, Рыбновское городское поселение, Рязанская область, Россия, 391110",54.731207,39.505723,-0.05769795469
3769,2021,496.5,OKTYABRSKAYA 24           KABANSK,"Октябрьская улица, 24, село Кабанск, Кабанский район, Республика Бурятия, Россия, 671200",52.05418,106.653416,0.0007007466601
3770,2030,496.5,KUYBYSHEVA 27             ZAVITINSK,"улица Куйбышева, 27/15, Завитинск, Амурская область, Россия",50.113324,129.446756,-0.1450012315
3771,2858,496.5,LENINA 5                  SUDZHA,"улица Ленина, 5, Суджа, Курская область, Россия, 307800",51.189994,35.274083,-0.1231131724
3772,2859,496.5,DEMYANA BEDNOGO 22        FURMANOV,"улица Демьяна Бедного, 22, город Фурманов, Фурмановский район, Ивановская область, Россия",57.259991,41.125772,-0.02607966231
3773,2865,496.5,NOVOSIOLOV 30A            RYAZAN,"улица Новосёлов, 30А, район Дашково-Песочня, Октябрьский административный округ, Рязань, Россия, 390048",54.608786,39.80744,-0.1003665802
3774,2866,496.5,INSTITUTSKAYA 10          ALEKSANDROV,"Институтская улица, 10, Александров, Владимирская область, Россия, 601654",56.39452,38.709798,-0.04161933912
3775,2868,496.5,OKTYABRSKAYA 1            UNECHA,"Октябрьская улица, 1, Унеча, Брянская область, Россия, 243300",52.843065,32.67338,-0.07883732047
3776,2869,496.5,LENINA 43                 IVANOVO,"проспект Ленина, 43, Иваново, Россия, 153002",57.0117,40.970498,-0.06313442548
3777,2875,496.5,LENINA 28                 ORDYNSKOYE,"проспект Ленина, 28, поселок городского типа Ордынское, Ордынский район, Новосибирская область, Россия, 633261",54.367315,81.904938,-0.1450012315
3778,2878,496.5,POBEDY 83                 PENZA,"проспект Победы, 83, Пенза, Россия, 440047",53.228277,44.940369,-0.06319858096
3779,2880,496.5,PREZIDENTSKY 31           CHEBOKSARY,"Президентский бульвар, 31, Чебоксары, Чувашская Республика, Россия, 428003",56.132148,47.242733,-0.009206615022
3780,2885,496.5,HRUSCHOVA 5A              KURSK,"проспект Хрущёва, 5А, микрорайон Северо-Западный, Курск, Россия, 305048",51.733624,36.138703,-0.04273404177
3781,2904,496.5,KRASNAYA 15               N.KORSUNSKAY,"СНТ Красная Пахра, поселок Армейский, поселение Михайлово-Ярцевское, Москва, Россия",55.390557,37.201527,-0.05826418553
3782,2906,496.5,J.KUDRIAVOGO 24           KHANDYGA,,,,-0.03417185289
3783,2909,496.5,DZERZHINSKOGO 42          KRASNODAR,"улица Дзержинского, 42, Краснодар, Россия",45.067506,38.973525,0.02654150186
3784,2927,496.5,PROLETARSKAYA 7           ROSTOV,"Пролетарская улица, 7, Ростов, Ярославская область, Россия, 152151",57.188314,39.428324,-0.08051643138
3785,2934,496.5,PUSHKINA 49               BELGOROD,"улица Пушкина, 49, Белгород, Россия, 308015",50.599771,36.577108,-0.04367970193
3786,2946,496.5,POLEZHAEVA 57             SARANSK,"улица Полежаева, 57, Саранск, Республика Мордовия, Россия, 430005",54.189972,45.18419,-0.09177771464
3787,2954,496.5,K.MARKSA 1/6              LGOV,"улица Карла Маркса, 1/6, Льгов, городской округ Льгов, Курская область, Россия",51.686238,35.277488,-0.03732864358
3788,2955,496.5,M-RN YUZHNIY 34           ISKITIM,"микрорайон Южный, 34, Искитим, Новосибирская область, Россия, 633208",54.618259,83.287832,-0.06283076161
3789,2958,496.5,BELINSKAYA 7              BELINSKIY,"Белинская улица, 7, Белинский, Пензенская область, Россия, 442250",52.964958,43.419943,-0.0929152372
3790,2959,496.5,LENINA 88                 SERDOBSK,"улица Ленина, 88, Сердобск, Пензенская область, Россия, 442895",52.456171,44.202053,-0.1118280165
3791,2966,496.5,"25 OKTYABRYA,2A           VYAZMA      ","улица 25 Октября, 2А, Вязьма, Смоленская область, Россия, 215110",55.20675,34.297139,-0.02433865984
3792,2967,496.5,SOVETSKAYA 21             BELEV,"Советская улица, 21, Белёв, Тульская область, Россия, 301530",53.809439,36.12892,-0.03184409845
3793,2971,496.5,KOVALENKO 10              KISELEVSK,"улица Коваленко, 10, Киселёвск, Кемеровская область, Россия, 652700",54.002484,86.64012,-0.04614784349
3794,2976,496.5,SOVETSKAYA PL. 9          RYLSK,"Советская площадь, 9, Рыльск, Курская область, Россия",51.57156,34.687861,-0.1038643261
3795,4438,496.5,"40 LET VLKSM, 14          VLADIVOSTOK ","улица 40 лет ВЛКСМ, 14, Владивосток, Приморский край, Россия, 690016",43.100634,131.940947,-0.01622332886
3796,4444,496.5,MIRNAYA 1                 KSHENSKIY,"Мирная улица, 1, поселок городского типа Кшенский, Советский район, Курская область, Россия, 306600",51.838371,37.731191,-0.07545528159
3797,4445,496.5,STARAYA KAZACHYA 28       KOZELSK,"Старая Казачья улица, 28, Козельск, Калужская область, Россия, 249722",54.035462,35.794783,-0.07379647249
3798,4449,496.5,SOVETSKAYA 45             KARACHEV,"Советская улица, 45, Карачев, Брянская область, Россия, 242500",53.123944,34.982796,-0.02944359792
3799,4452,496.5,SOVETSKAYA 1              POCHINOK,"Советская улица, 1, Починок, Смоленская область, Россия, 216450",54.405421,32.439036,-0.01294272073
3800,4468,496.5,"PL.LENINA,4               KALACH      ","площадь Ленина, 4, Калач, Воронежская область, Россия, 397600",50.42452,41.016995,-0.03334434697
3801,4471,496.5,PERVOMAYSKIY PR-T 70/1    RYAZAN,"Первомайский проспект, 70/1, Рязань, Россия, 390013",54.62957,39.709695,-0.03842657379
3802,4472,496.5,SHOSSEYNAYA 24A           UVAROVO,"Шоссейная улица, 24А, Уварово, Тамбовская область, Россия",51.982656,42.261494,-0.05183830613
3803,4473,496.5,MOLCHANOVA 22             PARATUNKA,,,,-0.02351571949
3804,4474,496.5,CHEROKMANOVA 17           ISSA,"улица Черокманова, 17, посёлок городского типа Исса, Иссинский район, Пензенская область, Россия",53.866943,44.857347,-0.09894456136
3805,4482,496.5,GORKOGO 37                EFREMOV,"улица Горького, 37, Ефремов, Тульская область, Россия, 301840",53.144204,38.111313,-0.07613491655
3806,4492,496.5,PLEHANOVA 36A             RYBINSK,"улица Плеханова, 36А, Центральный микрорайон, Центральный район, Рыбинск, Ярославская область, Россия, 152931",58.045844,38.826579,-0.1091230802
3807,4495,496.5,PERVOMAYSKAYA 21          TUMEN,"Первомайская улица, 21, Тюмень, Россия, 625000",57.151398,65.531848,-0.01097489445
3808,4500,496.5,POTSELUEVA 2              MOKSHAN,"хутор Поцелуев, Белокалитвинский район, Ростовская область, Россия",48.241116,40.71049,-0.07062016229
3809,4513,496.5,SOVETSKAYA 17             ALIKOVO,"Советская улица, 17, село Аликово, Аликовский район, Чувашская Республика, Россия, 429250",55.738566,46.747995,-0.06419096257
3810,4514,496.5,FADEEVA 21A               CHITA,"проспект Фадеева, 21А, посёлок Текстильщиков, Чита, Забайкальский край, Россия",52.067636,113.391509,0.01232966047
3811,4520,496.5,LENINA 21                 RYAZAN,"улица Ленина, 21, Рязань, Россия, 390000",54.62392,39.751332,-0.04425656728
3812,4524,496.5,MIRA 22A                  BIRSK,"улица Мира, 22А, Бирск, Республика Башкортостан, Россия, 452450",55.417919,55.531614,-0.1074823856
3813,4525,496.5,LENINA 116                BAKALY,"улица Ленина, Бакал, Саткинский район, Челябинская область, Россия",54.934821,58.802712,-0.1031768437
3814,4535,496.5,SELSKIKH STROITELEY 1V/1  RYAZAN,"улица Сельских Строителей, 1, район Недостоево, Московский административный округ, Рязань, Россия, 390028",54.688337,39.627984,-0.09194467671
3815,4551,496.5,SMOLINA 57-D              ULAN-UDE,"улица Смолина, 57, Улан-Удэ, Республика Бурятия, Россия, 670000",51.831804,107.580011,-0.02404271703
3816,4552,496.5,KOMMUNISTICHESKAYA 47A    ULAN-UDE,"Коммунистическая улица, 47А, Улан-Удэ, Республика Бурятия, Россия, 670000",51.83206,107.585625,-0.01786046712
3817,4563,496.5,KOMSOMOLSKAYA 16V         RYAZHSK,"Комсомольская улица, 16, Ряжск, Рязанская область, Россия",53.708943,40.060253,-0.08849399158
3818,4571,496.5,"9-PIATILETKI, 16/1        CHEBOKSARY  ","проспект 9-й Пятилетки, 16/1, Чебоксары, Чувашская Республика, Россия, 428027",56.096127,47.276968,-0.05149107393
3819,4577,496.5,KALININA 105A             CHEBOKSARY,"улица Калинина, 105А, Чебоксары, Чувашская Республика, Россия, 428022",56.137661,47.277839,-0.04467095519
3820,4592,496.5,KRASNOARMEYSKAYA 6        KRASNAY GORB,"Красноармейская улица, 6, посёлок городского типа Красная Горбатка, Селивановский район, Владимирская область, Россия, 602332",55.866586,41.762785,0.0271467132
3821,4597,496.5,SOVETSKAYA 25             BIZHBULYAK,"Советская улица, 23, село Бижбуляк, Бижбулякский район, Республика Башкортостан, Россия",53.694946,54.26587,-0.08161333133
3822,4600,496.5,BOTANICHESKAYA 7A         ULAN-UDE,"Ботаническая улица, 7А, Улан-Удэ, Республика Бурятия, Россия, 670045",51.842689,107.63505,-0.06564648548
3823,4617,496.5,PR-T TYULENEVA 3          ULYANOVSK,"проспект Генерала Тюленева, 3, Ульяновск, Россия, 432072",54.374538,48.595964,-0.1022344587
3824,4619,496.5,LENINA 10                 BELOGORSK,"улица Ленина, 10, Белогорск, Амурская область, Россия, 676850",50.92194,128.465545,-0.08244272971
3825,4636,496.5,"1ST TVERSKAYA-YAMSKAYA,26 MOSCOW      ","1-я Тверская-Ямская улица, 26, Москва, Россия, 125047",55.774391,37.589159,0.001510746513
3826,4641,496.5,NOVOKOMBINATOVSKAYA 3A    R.P.ISHEEVKA,"Новокомбинатовская улица, 3, рабочий поселок Ишеевка, Ульяновский район, Ульяновская область, Россия, 433310",54.422491,48.277116,-0.1276953026
3827,4647,496.5,SOVETSKAYA 2A             P. RAZDOLNY,"Советская улица, 4, посёлок Раздольный, Елизовский район, Камчатский край, Россия, 684020",53.270265,158.291139,-0.03098976658
3828,4666,496.5,GUBKINA 17A               BELGOROD,"улица Губкина, 17А, Белгород, Россия, 308033",50.566129,36.574125,-0.03391055594
3829,4674,496.5,VOLKOVA 116               YOSHKAR-OLA,"улица Волкова, 116, Йошкар-Ола, Республика Марий Эл, Россия, 424002",56.639535,47.897677,-0.04931338003
3830,4691,496.5,GAGARINA 2/13             KLIN,"улица Гагарина, 2/13, Клин, Московская область, Россия, 141601",56.333844,36.732256,-0.03295006072
3831,4692,496.5,BAZARNAYA 7B              OLKHOVKA,"Базарная улица, 7, село Ольховка, Ольховский район, Волгоградская область, Россия, 403651",49.852312,44.56093,-0.09294364091
3832,4697,496.5,PROLETARSKAYA 118         SARANSK,"Пролетарская улица, 118, Саранск, Республика Мордовия, Россия, 430001",54.19328,45.17694,-0.09061014695
3833,4716,496.5,BARRIKADNAYA 1B           VOLGOGRAD,"Баррикадная улица, 1, Волгоград, Россия, 400074",48.690245,44.495928,-0.09540150783
3834,4724,496.5,"LENINA AVE, 21/1          IVANOVO     ","проспект Ленина, 21с1, Иваново, Россия",57.00298,40.972304,-0.06485354933
3835,8493,496.5,MASSALSKOGO 4A            KRASNOE SELO,"улица Массальского, 4, Красное Село, Санкт-Петербург, Россия, 198320",59.738108,30.088001,-0.05746742414
3836,8503,496.5,K.MARKSA 99               YOSHKAR-OLA,"улица Карла Маркса, 99, Йошкар-Ола, Республика Марий Эл, Россия, 424000",56.628451,47.897327,-0.1450012315
3837,8504,496.5,PROFSOYUZNAYA 25          CHITA,"Профсоюзная улица, 25, Чита, Забайкальский край, Россия, 672000",52.031541,113.503762,-0.1441467307
3838,8522,496.5,MUGUR  12A                S. TEELI,"озеро Мугур-Кюель, муниципальный район Среднеколымский улус, Республика Саха (Якутия), Россия",66.680274,151.92203,-0.08335640587
3839,8524,496.5,KOCHETOVA 35              KYZYL,"улица Кочетова, 35, Кызыл, Республика Тыва, Россия, 667000",51.719622,94.445527,0.04577165755
3840,8537,496.5,GAGARNA 23                LGOV,"улица Гагарина, 23, Льгов, городской округ Льгов, Курская область, Россия, 307750",51.687645,35.27394,-0.04754887245
3841,8540,496.5,ARSENEVA 76A              KAVALEROVO,"улица Арсеньева, 76, посёлок городского типа Кавалерово, Кавалеровский район, Приморский край, Россия",44.262702,135.058999,-0.007609428602
3842,8545,496.5,PROSP. LENINA 12          YAKUTSK,"проспект Ленина, 12, Якутск, Республика Саха (Якутия), Россия, 677000",62.031115,129.738493,-0.001321193525
3843,8549,496.5,TSENTRALNAYA 1            KAMENKA,"Центральная улица, 1, Каменка, Пензенская область, Россия, 442240",53.185994,43.998342,-0.03102436429
3844,8552,496.5,DOBROVOLSKOGO 2/1         ROSTOV-NA-DO,"улица Добровольского, 2/1, микрорайон Северный, Ростов-на-Дону, Россия",47.283163,39.70841,-0.06839216846
3845,8554,496.5,VOROVSKOGO 10             GRYAZI,"улица Воровского, 10, Грязи, Липецкая область, Россия",52.493406,39.946859,-0.05989523774
3846,8556,496.5,LUKASHEVSKOGO 5           PETROPAVLOVS,"улица Лукашевского, 5, Петропавловск-Камчатский, Камчатский край, Россия, 683024",53.059072,158.634206,0.06867915095
3847,8563,496.5,CHISTPOLSKAYA 22          KAZAN,"Чистопольская улица, 22, Казань, Республика Татарстан, Россия, 420124",55.818817,49.113331,-0.1203001175
3848,8578,496.5,KIROVA 34                 R.P. PACHELM,"улица Кирова, 34, рабочий посёлок Пачелма, Пензенская область, Россия, 442100",53.338893,43.314418,-0.05253979419
3849,8582,496.5,MOSKOVSKAYA 98            KIZIL,"Московская улица, 98, Кызыл, Республика Тыва, Россия",51.698554,94.40769,0.09575247027
3850,8598,496.5,KIROVA 65                 PYATIGORSK,"проспект Кирова, 65, Пятигорск, Ставропольский край, Россия",44.035499,43.065217,-0.1081058579
3851,8600,496.5,"WARSHAWSKOE AVE, 74/2     MOSKVA      ","Варшавское шоссе, 74к2, Москва, Россия, 117556",55.655427,37.618794,-0.02372963956
3852,8621,496.5,DIMITROVA 67              MOLCHANOVO,"улица Димитрова, 67, село Молчаново, Молчановский район, Томская область, Россия, 636330",57.581693,83.767972,-0.1096979975
3853,8654,496.5,OKTIABRSKAYA 3-1          PETUKHOVO,"Октябрьская улица, 3, Петухово, Курганская область, Россия, 641640",55.069314,67.884833,-0.1137620671
3854,8657,496.5,KHORINSKAYA 1             ULAN-UDE,"Хоринская улица, 1, Улан-Удэ, Республика Бурятия, Россия, 670009",51.857615,107.737701,-0.1042776822
3855,8666,496.5,SOVETSKAYA 67/.46         DUKHOVSHINA,"Советская улица, 67/46, Духовщина, Смоленская область, Россия, 216200",55.191803,32.414027,-0.004920507743
3856,8673,496.5,BABUSHKINA 29             RIBINSK,"улица Бабушкина, 29, Рыбинск, Ярославская область, Россия, 152925",58.057203,38.766024,-0.02417340744
3857,8696,496.5,"M.GORKOGO, 54             PENZA       ","улица Максима Горького, 54, Пенза, Россия, 440000",53.192566,45.010429,0.03517743552
3858,8714,496.5,KOMSOMOLSKAYA 6           BIROBIDZHAN,"Комсомольская улица, 6, Биробиджан, Еврейская автономная область, Россия",48.786988,132.936199,-0.0354983725
3859,8733,496.5,SPASSKAYA 1/1             KRASNOGORSK,"Спасская улица, 1к1, Красногорск, Московская область, Россия, 143405",55.827798,37.370473,0.00456049296
3860,8739,496.5,OKTYABRSKAYA 8            KOCHENEVO,"Октябрьская улица, 12, рабочий посёлок Коченёво, Коченёвский муниципальный район, Новосибирская область, Россия",55.02124,82.208955,-0.02636766039
3861,8744,496.5,ELENI STASOVOY 44A        KRASNOYARSK,"улица Елены Стасовой, 44А, Красноярск, Россия",56.024194,92.741423,-0.004080832954
3862,8746,496.5,SOVETSKAYA 73A            NERCHINSK,"Советская улица, 73А, Нерчинск, Забайкальский край, Россия, 673403",51.975677,116.588155,-0.1090843315
3863,8752,496.5,ZHILAYA 17                ASTRAKHAN,"Жилая улица, 17А, микрорайон имени Бабаевского, Астрахань, Россия",46.407823,48.091722,-0.1146380699
3864,8753,496.5,SVERDLOVA 34              ASTRAKHAN,"улица Свердлова, 34, Астрахань, Россия, 414000",46.352323,48.039557,-0.04080391543
3865,8762,496.5,VOKZALNAYA 2              SHUYA,"Вокзальная улица, 2, Шуя, Ивановская область, Россия, 155901",56.851677,41.355893,-0.08178503674
3866,8764,496.5,DRUZHBI 59A/1             SHAGONAR,"улица Дружбы, 59А, Шагонар, Улуг-Хемский кожуун, Республика Тыва, Россия, 668210",51.536487,92.918104,0.008037465184
3867,8778,496.5,MURAVYEVA-AMURSKOGO 44    KHABAROVSK,"улица Муравьёва-Амурского, 44, Хабаровск, Россия",48.478222,135.0688,-0.01821783823
3868,8780,496.5,FRUNZE 45                 YAROSLAVL,"проспект Фрунзе, 45, Ярославль, Россия, 150006",57.580603,39.913028,-0.07720541028
3869,8788,496.5,LENINA 23                 ZAKAMENSK,"улица Ленина, 23, Закаменск, Республика Бурятия, Россия, 671950",50.375796,103.291948,0.03114458492
3870,8794,496.5,"III INTERBATSIONALA, 40   KOLCHUGINO  ","улица 3-го Интернационала, 40, Кольчугино, Владимирская область, Россия",56.294251,39.381387,-0.02251051085
3871,8801,496.5,"ALLEYA PAMYATI, 17        KOMSOMOLSKIY","улица Аллея Памяти, 17, посёлок Комсомольский, Черноземельский район, Республика Калмыкия, Россия",45.330823,46.039359,-0.04186914066
3872,8802,496.5,GORKOGO 25                ELISTA,"улица Максима Горького, 25, Элиста, Республика Калмыкия, Россия",46.309592,44.267908,-0.0714549985
3873,8810,496.5,GORODOVIKOVA 3A           ELISTA,"улица Б. Городовикова, 3А, Элиста, Республика Калмыкия, Россия",46.306946,44.266498,-0.1356839857
3874,12,496.5,MIRA 6                    KOSTROMA,"проспект Мира, 6, Кострома, Россия, 156000",57.769435,40.930802,-0.08990856466
3875,28,496.5,DOSTOEVSKOGO 80           KAZAN,"улица Достоевского, 80, Казань, Республика Татарстан, Россия, 420097",55.786885,49.160124,-0.1019128305
3876,31,496.5,STUDENCHESKAYA 14         KISELEVSK,"Студенческая улица, 14, Киселёвск, Кемеровская область, Россия, 652718",54.004157,86.706325,-0.115792748
3877,52,496.5,LENINA 141                TOMSK,"проспект Ленина, 141, Томск, Россия, 634009",56.49454,84.94861,-0.1187383641
3878,53,496.5,"50 LET OKTYABRYA,16       PETROPAVLOVS","проспект 50 лет Октября, 16, Петропавловск-Камчатский, Камчатский край, Россия, 683024",53.056366,158.63646,0.007186626465
3879,71,496.5,AZINA 55A                 SARAPUL,"улица Азина, 55, Сарапул, Удмуртская Республика, Россия, 427974",56.467394,53.806983,-0.06873909091
3880,77,496.5,LENINA 35                 NOVOZIBKOV,"улица Ленина, 35, Новозыбков, Брянская область, Россия, 243020",52.534543,31.94119,-0.06908833993
3881,81,496.5,VOROBIEVSKAYA 16A         SERGIEV POSA,"городок Сергиев Посад-6, Сергиево-Посадский район, Московская область, Россия",56.252627,38.115437,0.02488545291
3882,85,496.5,SADOVAYA 13               MARYANOVKA,"Садовая улица, 13, посёлок городского типа Марьяновка, Марьяновский район, Омская область, Россия, 646040",54.965285,72.639651,-0.1450012315
3883,86,496.5,MOSKOVSKAYA 14            PETUSHKI,"Московская улица, 14, Петушки, Владимирская область, Россия",55.933327,39.454915,-0.02363946083
3884,96,496.5,"70 LET OKTYABRYA, 19      OMSK        ","улица 70 лет Октября, 19, Омск, Россия, 644074",54.980885,73.321491,0.00625614727
3885,107,496.5,SURIKOVA 8                BALAKHTA,"улица Сурикова, 8, поселок городского типа Балахта, Балахтинский район, Красноярский край, Россия",55.377567,91.611136,-0.07055542866
3886,115,496.5,LENINA 31                 CHADAN,"улица Ленина, 30, Чадан, Дзун-Хемчикский кожуун, Республика Тыва, Россия",51.281301,91.571062,0.006139719307
3887,124,496.5,BUTINA 2                  CHITA,"улица Бутина, 2, Чита, Забайкальский край, Россия, 672000",52.028372,113.495084,-0.050651905
3888,128,496.5,ALDIN-MAADIRSKAYA 65      SUG-AKSI,"Алдан-Маадырская улица, село Суг-Аксы, Сут-Хольский кожуун, Республика Тыва, Россия",51.401148,91.279199,0.01318907324
3889,131,496.5,LENINA 182                SARAI,"улица Ленина, 182, поселок городского типа Сараи, Сараевский район, Рязанская область, Россия, 391870",53.737745,41.006197,-0.05705930248
3890,137,496.5,"MOSKOVSKOE SHOSSE,108     ULYANOVSK   ","Московское шоссе, 108, Ульяновск, Россия, 432005",54.306927,48.360183,-0.06383639658
3891,148,496.5,BLUKHERA 19               NOVOSIBIRSK,"улица Блюхера, 19, Новосибирск, Россия, 630078",54.985039,82.891279,-0.06657140176
3892,2013,1022,ABB 16B AK. GLUSHKO       KAZAN,"улица Академика Глушко, 16/24, Казань, Республика Татарстан, Россия, 420100",55.783463,49.23534,-0.05306557559
3893,8711,1022,ABB 55 A TELMANA          ALMETEVSK,"улица Тельмана, 55А, Альметьевск, Республика Татарстан, Россия",54.907946,52.325545,-0.1248402497
3894,316,1022,ABB 33 MAKSIMOVA          KAZAN,"улица Максимова, 33, Казань, Республика Татарстан, Россия, 420127",55.861186,49.086759,-0.07674541711
3895,362,1022,ABB 27 LENINGRADSKAYA     KAZAN,"Ленинградская улица, 27, Казань, Республика Татарстан, Россия, 420037",55.863247,49.084908,-0.06694084369
3896,2025,1022,ABB 35 STROITELEJ PR.     ALMETEVSK,"проспект Строителей, 35, Альметьевск, Республика Татарстан, Россия, 423457",54.902755,52.272293,-0.102515388
3897,2860,1022,ABB 21 KHIMIKOV PR.       NIZHNEKAMSK,"проспект Химиков, 21, Нижнекамск, Республика Татарстан, Россия, 423578",55.623427,51.791128,-0.1450012315
3898,2871,1022,ABB 2ZH VAKHITOVA PR.     NIZHNEKAMSK,"проспект Вахитова, 2, Нижнекамск, Республика Татарстан, Россия, 423579",55.644089,51.850084,-0.08355768599
3899,2974,1022,ABB 9A KUL GALI           KAZAN,"улица Кул Гали, 9А, Казань, Республика Татарстан, Россия, 420141",55.751437,49.230965,-0.1235204332
3900,4464,1022,ABB 187 MOSKOVSKOE SH.    SAMARA,"Московское шоссе, 187, Самара, Россия",53.249316,50.222768,-0.1132560401
3901,4497,1022,ABB 37A OKRUZHNOE SH.     ELABUGA,"Окружное шоссе, 37А, Елабуга, муниципальное образование город Елабуга, Республика Татарстан, Россия, 423606",55.777089,52.009535,-0.07826085278
3902,4576,1022,ABB 2 GABDULY TUKAYA      MENDELEEVSK,"улица Тукая, 2, Менделеевск, Республика Татарстан, Россия",55.881657,52.306123,-0.1147891151
3903,4643,1022,ABB 67 RIKHARDA ZORGE     KAZAN,"улица Рихарда Зорге, 67, Казань, Республика Татарстан, Россия, 420110",55.749045,49.211903,-0.03172118962
3904,295,1022,ABB 37A OKRUZHNOE SH.     ELABUGA,"Окружное шоссе, 37А, Елабуга, муниципальное образование город Елабуга, Республика Татарстан, Россия, 423606",55.777089,52.009535,-0.1236483581
3905,318,1022,ABB 43 MIRA PR-KT         ELABUGA,"проспект Мира, 43, Елабуга, муниципальное образование город Елабуга, Республика Татарстан, Россия, 423600",55.754264,52.013946,-0.0242626166
3906,324,1022,ABB 6 SPARTAKOVSKAYA      KAZAN,"Спартаковская улица, 6, Казань, Республика Татарстан, Россия, 420107",55.778517,49.129564,-0.05321110097
3907,331,1022,ABB 48 KARBYSHEVA         KAZAN,"улица Карбышева, 48, Казань, Республика Татарстан, Россия, 420087",55.760905,49.177471,-0.08024856175
3908,342,1022,ABB 125 SH.USMANOVA       NAB.CHELNY,"улица Шамиля Усманова, 125, Набережные Челны, Республика Татарстан, Россия, 423828",55.771266,52.430962,-0.08000421911
3909,344,1022,ABB 51 SYUYUMBIKE PR.     NAB.CHELNY,"проспект Сююмбике, 51, Набережные Челны, Республика Татарстан, Россия",55.748827,52.400392,-0.1450012315
3910,356,1022,ABB 33 40 LET POBEDY      CHISTOPOL,"улица 40 лет Победы, 33, Чистополь, Республика Татарстан, Россия, 422985",55.352485,50.641222,-0.09583518384
3911,357,1022,ABB 72 YULIUSA FUCHIKA    KAZAN,"улица Юлиуса Фучика, 72, Казань, Республика Татарстан, Россия, 420141",55.755844,49.232358,-0.05135666197
3912,363,1022,ABB 132 BEBELYA           CHISTOPOL,"улица Бебеля, 132, Чистополь, Республика Татарстан, Россия, 422980",55.369807,50.640503,-0.1113201306
3913,1914,1022,ABB 91 KRASNOARMEJSKAYA   JOSHKAR-OLA,"Красноармейская улица, 91, Йошкар-Ола, Республика Марий Эл, Россия, 424020",56.645227,47.870081,-0.1114618401
3914,1918,1022,ABB 39-2 MOSKOVSKIJ PR-T  CHEBOKSARY,"Московский проспект, 39к2, Чебоксары, Чувашская Республика, Россия, 428017",56.141136,47.200701,-0.1255926282
3915,1935,1022,ABB 16 BAZARNAYA PL.      MOZHGA,"Базарная площадь, 16, Можга, Удмуртская Республика, Россия, 427790",56.443374,52.217055,-0.07439991177
3916,1954,1022,"ABB  1,  2 MOLOKOVA       KRASNOYARSK ","улица Молокова, 1к2, Красноярск, Россия, 660077",56.044744,92.915238,-0.07385551808
3917,1955,1022,ABB 100 LENINA            ALMETEVSK,"улица Ленина, 100, Альметьевск, Республика Татарстан, Россия, 423457",54.899379,52.274017,-0.0606920783
3918,1964,1022,ABB 111 KRASNOARMEJSK.    JOSHKAR-OLA,,,,-0.1060012135
3919,1965,1022,ABB 79 GORKOGO            IZHEVSK,"улица Максима Горького, 79, Ижевск, Удмуртская Республика, Россия, 426011",56.849236,53.198321,-0.1096294542
3920,1969,1022,ABB 33 MAKSIMOVA          KAZAN,"улица Максимова, 33, Казань, Республика Татарстан, Россия, 420127",55.861186,49.086759,-0.07305429911
3921,207,1942,35 URALSKIKH RABOCHIKH ST EKATERINBURG,"улица Уральских Рабочих, 35, Орджоникидзевский район, Екатеринбург, Свердловская область, Россия, 620012",56.89528,60.599972,-0.04724082165
3922,230,1942,19 PALMIRO TOLYATTI       EKATERINBURG,"улица Пальмиро Тольятти, 19, Екатеринбург, Свердловская область, Россия, 620102",56.821681,60.577918,-0.06695809098
3923,242,1942,77 TATISHCHEVA STR.       EKATERINBURG,"улица Татищева, 77, Екатеринбург, Свердловская область, Россия, 620131",56.835269,60.548912,-0.04879354159
3924,162,1942,85A KUYBYSHEVA STR.       PERM,"улица Куйбышева, 85А, Пермь, Россия",57.99341,56.24705,-0.1022174813
3925,168,1942,KARLA MARKSA 151/1        MAGNITOGORSK,"проспект Карла Маркса, 151/1, Магнитогорск, Челябинская область, Россия, 455038",53.380412,58.979779,-0.07528295453
3926,173,1942,UL PUSHKINA 50            PERM,"улица Пушкина, 50, Пермь, Россия",58.008014,56.250374,-0.0974672893
3927,225,1942,8 MARTA STR.              EKATERINBURG,"улица 8 Марта, Екатеринбург, Свердловская область, Россия",56.81433,60.60785,0.05353366577
3928,246,1942,149 8-MARTA STR           EKATERINBURG,"улица 8 Марта, 149, Екатеринбург, Свердловская область, Россия, 620142",56.806905,60.612324,0.05837124034
3929,287,1942,82 SVOBODY STR.           CHELYABINSK,"улица Свободы, 82, Челябинск, Россия, 454091",55.156194,61.412938,0.03906015636
3930,288,1942,82 SVOBODY STR.           CHELYABINSK,"улица Свободы, 82, Челябинск, Россия, 454091",55.156194,61.412938,0.02960773291
3931,176,1942,51 LENINA AVE             MAGNITOGORSK,"проспект Ленина, 51, Магнитогорск, Челябинская область, Россия, 455000",53.418337,58.984918,0.0170118483
3932,179,1942,45 SOVETSKAYA STR.        PERM,"Советская улица, 45, Пермь, Россия",58.014622,56.238489,0.03151302735
3933,180,1942,45 SOVETSKAYA STR.        PERM,"Советская улица, 45, Пермь, Россия",58.014622,56.238489,0.01408459088
3934,186,1942,5-4 STALEVAROV STR.       CHELYABINSK,"улица Сталеваров, 5к4, Челябинск, Россия, 454047",55.26286,61.403138,-0.00400352734
3935,215,1942,51 LENINA AVE             MAGNITOGORSK,"проспект Ленина, 51, Магнитогорск, Челябинская область, Россия, 455000",53.418337,58.984918,0.05147798354
3936,221,1942,75 URALSKAYA STR.         EKATERINBURG,"Уральская улица, 75, микрорайон Пионерский, Кировский район, Екатеринбург, Свердловская область, Россия, 620137",56.853725,60.63806,0.03907367
3937,222,1942,75 URALSKAYA STR.         EKATERINBURG,"Уральская улица, 75, микрорайон Пионерский, Кировский район, Екатеринбург, Свердловская область, Россия, 620137",56.853725,60.63806,0.008361357203
3938,234,1942,41/1 MIRA STR.            PERM,"улица Мира, 41/1, Пермь, Россия",57.977684,56.18875,-0.006576628278
3939,239,1942,14 VILYAMSA STR.          PERM,"улица Вильямса, 14, Пермь, Россия, 614030",58.103746,56.298739,-0.1047210546
3940,240,1942,14 VILYAMSA STR.          PERM,"улица Вильямса, 14, Пермь, Россия, 614030",58.103746,56.298739,0.02333672306
3941,950,1942,60 LET OKTYABRYA 32       OSINNIKI,"40 лет Октября улица, Осинники, Кемеровская область, Россия",53.627621,87.391147,-0.05786428111
3942,1020,1942,ST RESPUBLIKI 14          TUMEN,"улица Республики, 14, Тюмень, Россия, 625003",57.159175,65.526944,-0.01512792256
3943,1899,1942,18/3 SOLNECHNAYA ST       KRASNODAR,"Солнечная улица, 18/3, Краснодар, Россия",45.071466,39.0044,0.08218785101
3944,1904,1942,19A SHAKHTEROV STR        NOVOKUZNETSK,"проспект Шахтёров, 19А, микрорайон Новобайдаевский, Новокузнецк, Кемеровская область, Россия, 654084",53.780879,87.288182,0.04902436514
3945,392,1942,83 LENINA                 USOLIE-SIBIR,"улица Ленина, 83, Усолье-Сибирское, Иркутская область, Россия",52.756593,103.639721,0.03154166178
3946,402,1942,33 KOMENDANTSKIY AV.      S.-PETERBURG,,,,-0.009317707641
3947,408,1942,2/1 EFIMOVA               OSINNIKI,"улица Ефимова, 2/1, Осинники, Кемеровская область, Россия, 652815",53.59132,87.332272,-0.03881198781
3948,418,1942,63 9-MAYA STR.            KRASNOYARSK,"улица 9 Мая, 63, Красноярск, Россия, 660098",56.056282,92.91116,-0.05861572025
3949,419,1942,52 MIRA AV.               KRASNOYARSK,"проспект Мира, 52, Красноярск, Россия, 660049",56.012672,92.878596,0.04240367601
3950,423,1942,NIZHEGORODSKAYA OBL       SAVASLEYKA,"село Саваслейка, городской округ Кулебаки, Нижегородская область, Россия",55.458634,42.323451,-0.04631584719
3951,426,1942,65 GAZOVIKOV STR          TYUMEN,"улица Газовиков, 65, Тюмень, Россия, 625022",57.171591,65.557388,0.01254654964
3952,428,1942,55/1 GIMNAZICHESKAYA STR. KRASNODAR,"р.Бейсуг, Кавказский район, Краснодарский край, Россия",45.476084,40.393277,-0.04988193854
3953,429,1942,10 KOLKHOZNAYA STR.       USSURIYSK,"Колхозная улица, 10, Уссурийск, Приморский край, Россия, 692502",43.76378,132.011249,-0.1450012315
3954,435,1942,16 VORONOVA STR.          KRASNOYARSK,"улица Воронова, 16, микрорайон Зелёная Роща, Советский район, Красноярск, Россия, 660131",56.058805,92.953812,0.06135459807
3955,443,1942,26A SHLYUZOVAYA STR.      NOVOSIBIRSK,"Шлюзовая улица, 26А, микрорайон Шлюз, Советский район, Новосибирск, Россия, 630058",54.852537,83.045493,-0.1020987941
3956,452,1942,28 ASKOLDOVTSEV STR       MURMANSK,"улица Аскольдовцев, 28, Мурманск, Россия, 183040",68.999275,33.080703,-0.05261177513
3957,468,1942,1 DYADKOVO S.             RYAZAN,"село Дядьково, 1, Рязанский район, Рязанская область, Россия",54.619583,39.80206,0.02180487796
3958,475,1942,12-KM TOMSK-ITATKA        TOMSKIY R-N,"разъезд 52-й километр, 12, деревня Обухово, сельское поселение Гжельское, Раменский район, Московская область, Россия",55.628479,38.350355,0.001926008615
3959,477,1942,51-Y GVARDEISKAYA 9       VOLGOGRAD,"улица 51-й Гвардейской Дивизии, 9, Волгоград, Россия",48.767864,44.479246,0.02066778522
3960,479,1942,21 KRAMATORSKAYA ST       ORSK,"Краматорская улица, 21, микрорайон Новый город, Орск, Оренбургская область, Россия, 462411",51.221685,58.486101,-0.08491575008
3961,491,1942,7 G.SHTEMENKO STR.        VOLGOGRAD,"улица Генерала Штеменко, 7, Волгоград, Россия, 400105",48.772888,44.560696,-0.07421120442
3962,525,1942,22 OREKHOVIY BLVD.        MOSCOW,"Ореховый бульвар, 22, Москва, Россия",55.612563,37.736249,0.04935999583
3963,541,1942,42 OZERNAYA STR           MOSCOW,"Озёрная улица, 42, Москва, Россия, 119361",55.671331,37.445814,-0.01988500562
3964,545,1942,3 KOMSOMOLSKAYA SQ.       MOSCOW,"Комсомольская площадь, 3, Москва, Россия, 107140",55.776127,37.655347,0.05514041168
3965,548,1942,3 KRASNAYA SQ.            MOSCOW,"Красная площадь, 3, Москва, Россия, 109012",55.754638,37.621633,0.0654476989
3966,552,1942,34/36-1 SHOSSEYNAYA       MOSCOW,"Шоссейная улица, 34с2, Москва, Россия, 109388",55.682549,37.722927,0.04416698983
3967,560,1942,10 NAROFOMINSKOE H/W.     KUBINKA,,,,0.02305568916
3968,574,1942,28-2 SEVASTOPOLSKIY AV.   MOSCOW,"Севастопольский проспект, 28к2, Москва, Россия, 117209",55.664685,37.578262,0.04384743408
3969,585,1942,11 N.ARBAT STR.           MOSCOW,"улица Арбат, 11, Москва, Россия, 119019",55.750905,37.597782,0.001339062514
3970,591,1942,22 ARTILERIYSKAY STR      KALININGRAD,"Артиллерийская улица, 22, Калининград, Россия, 236016",54.732096,20.539916,-0.005845920326
3971,598,1942,131 BELORUSSKAYA STR.     SAMARA,"Белорусская улица, 131, посёлок Сухая Самарка, Самара, Россия, 443042",53.142627,50.041542,0.03745551176
3972,602,1942,18-3 ANDROPOVA AV.        MOSCOW,"проспект Андропова, 18к3, Москва, Россия, 115432",55.6945,37.662021,0.02734172584
3973,608,1942,68/1 MIRA AV.             MOSCOW,"проспект Мира, 68с1, Москва, Россия, 129110",55.787518,37.635826,0.07623479837
3974,609,1942,68/1 MIRA AV.             MOSCOW,"проспект Мира, 68с1, Москва, Россия, 129110",55.787518,37.635826,0.04024824456
3975,610,1942,68/1 MIRA AV.             MOSCOW,"проспект Мира, 68с1, Москва, Россия, 129110",55.787518,37.635826,0.06337678257
3976,654,1942,29 RUSAKOVSKAYA STR       MOSCOW,"Русаковская улица, 29, Москва, Россия, 107113",55.787766,37.677158,0.05539947082
3977,655,1942,29 RUSAKOVSKAYA STR       MOSCOW,"Русаковская улица, 29, Москва, Россия, 107113",55.787766,37.677158,0.06008699923
3978,656,1942,29 RUSAKOVSKAYA STR       MOSCOW,"Русаковская улица, 29, Москва, Россия, 107113",55.787766,37.677158,0.07416938996
3979,657,1942,29 RUSAKOVSKAYA STR       MOSCOW,"Русаковская улица, 29, Москва, Россия, 107113",55.787766,37.677158,0.05666212825
3980,667,1942,13-1 FESTIVALNAYA ST.     MOSCOW,"Фестивальная улица, 13к1, Москва, Россия, 125565",55.85578,37.477381,0.04611212627
3981,680,1942,22 OSTASHKOVSKAYA ST.     MOSCOW,"Осташковская улица, 22, Москва, Россия, 127224",55.886342,37.676026,0.0182037847
3982,681,1942,22 OSTASHKOVSKAYA ST.     MOSCOW,"Осташковская улица, 22, Москва, Россия, 127224",55.886342,37.676026,0.05379827537
3983,682,1942,22 OSTASHKOVSKAYA ST.     MOSCOW,"Осташковская улица, 22, Москва, Россия, 127224",55.886342,37.676026,0.013044499
3984,683,1942,22 OSTASHKOVSKAYA ST.     MOSCOW,"Осташковская улица, 22, Москва, Россия, 127224",55.886342,37.676026,-0.0119135335
3985,824,1942,16/179 SMIRNOVSKAYA ST.   LYUBERTSY,"Смирновская улица, 16, Люберцы, Московская область, Россия, 140000",55.679727,37.894972,0.03772660218
3986,835,1942,16/179 SMIRNOVSKAYA ST.   LYUBERTSY,"Смирновская улица, 16, Люберцы, Московская область, Россия, 140000",55.679727,37.894972,0.03155076943
3987,846,1942,16/179 SMIRNOVSKAYA ST.   LYUBERTSY,"Смирновская улица, 16, Люберцы, Московская область, Россия, 140000",55.679727,37.894972,0.04625946469
3988,856,1942,16/179 SMIRNOVSKAYA ST.   LYUBERTSY,"Смирновская улица, 16, Люберцы, Московская область, Россия, 140000",55.679727,37.894972,0.04069111149
3989,920,1942,7 NOSOVIKHINSKOE H/W.     REUTOV,"Носовихинское шоссе, 7, Реутов, Московская область, Россия, 143965",55.745493,37.858986,0.06699272711
3990,934,1942,2A SOVETSKIY AVE.         IVANTEEVKA,"Советский проспект, 2А, Ивантеевка, Московская область, Россия, 141282",55.975254,37.906893,0.09339073553
3991,944,1942,2B MELNIKOVA STR.         KHIMKI,"улица Мельникова, 7, Химки, Московская область, Россия, 141410",55.901299,37.403189,0.001339062514
3992,945,1942,2B MELNIKOVA STR.         KHIMKI,"улица Мельникова, 7, Химки, Московская область, Россия, 141410",55.901299,37.403189,-0.01044769367
3993,946,1942,2B MELNIKOVA STR.         KHIMKI,"улица Мельникова, 7, Химки, Московская область, Россия, 141410",55.901299,37.403189,0.009781605142
3994,967,1942,4 KONNYI PER              MOSCOW,"Конный переулок, 4, Москва, Россия, 115162",55.721518,37.613341,0.03444422015
3995,974,1942,31-1 ZELENODOLSKAYA STR.  MOSCOW,"Зеленодольская улица, 31к1, Москва, Россия, 109443",55.707623,37.768561,0.01440382301
3996,976,1942,31-1 ZELENODOLSKAYA STR.  MOSCOW,"Зеленодольская улица, 31к1, Москва, Россия, 109443",55.707623,37.768561,0.05858224688
3997,979,1942,2 TAGANSKAYA STR.         MOSCOW,"Таганская улица, 2, Москва, Россия, 109147",55.740882,37.657682,0.05908688834
3998,1009,1942,2 BOLSHAYA TULSKAYA STR.  MOSCOW,"Большая Тульская улица, 2, Москва, Россия, 115191",55.709028,37.620761,-0.009626591309
3999,1010,1942,2 BOLSHAYA TULSKAYA STR.  MOSCOW,"Большая Тульская улица, 2, Москва, Россия, 115191",55.709028,37.620761,0.01261958142
4000,1012,1942,55 ARKHITEKTORA VLASOVA S MOSCOW,"улица Архитектора Власова, 55, Москва, Россия, 117393",55.664248,37.543327,0.06556428233
4001,1014,1942,18-3 ANDROPOVA AV.        MOSCOW,"проспект Андропова, 18к3, Москва, Россия, 115432",55.6945,37.662021,-0.02559797903
4002,1042,1942,78 LENINSKIY AVE          MOSCOW,,,,0.03643031251
4003,1053,1942,78 LENINSKIY AVE          MOSCOW,,,,0.05858224688
4004,1064,1942,78 LENINSKIY AVE          MOSCOW,,,,0.01721954689
4005,1272,1942,2 ADMIRALA USHAKOVA       MOSCOW,"бульвар Адмирала Ушакова, 2, Москва, Россия, 117042",55.548569,37.553235,-0.02670103825
4006,1283,1942,2 ADMIRALA USHAKOVA       MOSCOW,"бульвар Адмирала Ушакова, 2, Москва, Россия, 117042",55.548569,37.553235,-0.02390291983
4007,1313,1942,43-1 PERERVA STR.         MOSCOW,"улица Перерва, 43к1, Москва, Россия, 109341",55.659647,37.749661,0.07943010003
4008,1324,1942,43-1 PERERVA STR.         MOSCOW,"улица Перерва, 43к1, Москва, Россия, 109341",55.659647,37.749661,0.05673437214
4009,1335,1942,43-1 PERERVA STR.         MOSCOW,"улица Перерва, 43к1, Москва, Россия, 109341",55.659647,37.749661,0.06116634035
4010,1603,1942,9 REVOLYUTSII SQ.         N.NOVGOROD,"площадь Революции, 9, Нижний Новгород, Россия, 603002",56.320338,43.947623,0.01221380444
4011,1683,1942,1/71 A MARATA STR.        SANKT-PETERB,"улица Марата, 1/71, Санкт-Петербург, Россия, 191025",59.931201,30.354909,-0.07036170913
4012,1692,1942,15 KOSMONAVTOV AV.        ROSTOV-ON-DO,"проспект Космонавтов, 15/11, микрорайон Северный, Ростов-на-Дону, Россия, 344092",47.283804,39.715031,0.07639782172
4013,1693,1942,15 KOSMONAVTOV AV.        ROSTOV-ON-DO,"проспект Космонавтов, 15/11, микрорайон Северный, Ростов-на-Дону, Россия, 344092",47.283804,39.715031,0.1090072685
4014,1711,1942,51 100 LET VLADIVOSTOKU A VLADIVOSTOK,,,,0.03408981506
4015,1713,1942,18 VZLETNAYA STR          KRASNOYARSK,"Взлётная улица, 18, Красноярск, Россия, 660135",56.034375,92.911079,0.03173777431
4016,1714,1942,18 VZLETNAYA STR          KRASNOYARSK,"Взлётная улица, 18, Красноярск, Россия, 660135",56.034375,92.911079,0.01990708153
4017,1715,1942,18 VZLETNAYA STR          KRASNOYARSK,"Взлётная улица, 18, Красноярск, Россия, 660135",56.034375,92.911079,0.004319643145
4018,1716,1942,168 KOMINTERNA            NIZHNIY NOVG,"улица Коминтерна, 168, Нижний Новгород, Россия, 603003",56.349968,43.867017,0.01806070106
4019,1725,1942,57 LENINA STR             TYUMEN,"улица Ленина, 57, Тюмень, Россия, 625000",57.154771,65.533825,-0.01575334964
4020,1729,1942,76 AGIBALOVA STR.         SAMARA,"улица Агибалова, 76, Самара, Россия, 443041",53.193628,50.12195,0.1003623662
4021,1730,1942,76 AGIBALOVA STR.         SAMARA,"улица Агибалова, 76, Самара, Россия, 443041",53.193628,50.12195,0.09744475144
4022,1731,1942,76 AGIBALOVA STR.         SAMARA,"улица Агибалова, 76, Самара, Россия, 443041",53.193628,50.12195,0.09039068157
4023,1738,1942,76 AGIBALOVA STR.         SAMARA,"улица Агибалова, 76, Самара, Россия, 443041",53.193628,50.12195,0.1094912795
4024,1763,1942,15A MORESA TOREZA         NOVOKUZNETSK,"улица Тореза, 15А, Новокузнецк, Кемеровская область, Россия, 654038",53.836801,87.179163,0.006769548147
4025,1765,1942,39 KIROVA STR.            NOVOKUZNETSK,"улица Кирова, 39, Новокузнецк, Кемеровская область, Россия, 654007",53.757862,87.131408,-0.04149224154
4026,1781,1942,41 KARLA-MARKSA STR.      KHABAROVSK,"улица Карла Маркса, 41, Хабаровск, Россия, 680000",48.482744,135.073534,-0.03253869128
4027,1782,1942,41 KARLA-MARKSA STR.      KHABAROVSK,"улица Карла Маркса, 41, Хабаровск, Россия, 680000",48.482744,135.073534,-0.06000078133
4028,1810,1942,158-1 KOLSKIY AV.         MURMANSK,"Кольский проспект, 158к1, Мурманск, Россия, 183038",68.914481,33.095247,0.03367805866
4029,1820,1942,7 SOVETSKAYA STR.         TVER,"Советская улица, 7, Тверь, Россия, 170100",56.860378,35.907468,-0.02360943592
4030,1823,1942,7 SOVETSKAYA STR.         TVER,"Советская улица, 7, Тверь, Россия, 170100",56.860378,35.907468,-0.06576436668
4031,1825,1942,140-1 MAKSIMA GORKOGO STR NIZHNIY NOVG,"улица Максима Горького, 140, Нижний Новгород, Россия, 603000",56.314397,43.994757,0.0385508466
4032,1831,1942,13 LENINA                 KOMSOMOLSK N,"улица Ленина, 13, Комсомольск, Ивановская область, Россия, 155150",57.026341,40.373361,0.05531710767
4033,1832,1942,43 LENINA STR.            KHABAROVSK,"улица Ленина, 43, Хабаровск, Россия",48.475565,135.080666,-0.007397375648
4034,1833,1942,43 LENINA STR.            KHABAROVSK,"улица Ленина, 43, Хабаровск, Россия",48.475565,135.080666,-0.004531482663
4035,1834,1942,43 LENINA STR.            KHABAROVSK,"улица Ленина, 43, Хабаровск, Россия",48.475565,135.080666,0.009364961402
4036,1838,1942,18A ALEKSANDROVA          VOLZHSKIY,"улица Александрова, 18, Волжский, Волгоградская область, Россия",48.77151,44.80184,-0.03544183232
4037,1859,1942,223 PAVLOVSKIY TRAKT      BARNAUL,"Павловский тракт, 223, Барнаул, Алтайский край, Россия, 656064",53.340678,83.705521,-0.02733394785
4038,1865,1942,24 MASHINOSTROITELEY AVE  YAROSLAVL,"проспект Машиностроителей, 24, Ярославль, Россия, 150051",57.648374,39.950371,0.0004980340978
4039,1869,1942,91 LUGOVAYA STR.          VLADIVOSTOK,"Луговая улица, 91, Владивосток, Приморский край, Россия, 690087",43.131322,131.942249,0.05067769318
4040,1870,1942,1 TORGOVIY AVE            SARATOV,,,,-0.009491944499
4041,1871,1942,1 ORDZHONIKIDZE           SARATOV,"улица Орджоникидзе, 1, Саратов, Россия",51.506953,45.966389,-0.01030800351
4042,1874,1942,30 BETKHOVENA STR.        OMSK,"улица Бетховена, 30, Омск, Россия, 644082",54.93315,73.325928,0.01347150071
4043,1881,1942,94 GERTSENA STR.          TYUMEN,"улица Герцена, 94, Тюмень, Россия, 625000",57.146051,65.541954,0.03411087503
4044,1885,1942,137 POBEDY PR.            KALININGRAD,"проспект Победы, 137, Калининград, Россия, 236010",54.709991,20.442763,0.02173737949
4045,1888,1942,213 STAVROPOLSKAYA STR.   KRASNODAR,"Ставропольская улица, 213, микрорайон Черёмушки, Краснодар, Россия, 350058",45.014059,39.050376,0.05188192898
4046,721,1942,ZELENODOLSKAYA 31/1       MOSCOW,"Зеленодольская улица, 31к1, Москва, Россия, 109443",55.707623,37.768561,0.04349178119
4047,754,1942,11A LENINA AV.            YAKUTSK,"проспект Ленина, 11А, Якутск, Республика Саха (Якутия), Россия",62.031499,129.742392,-0.08245434264
4048,755,1942,11A LENINA AV.            YAKUTSK,"проспект Ленина, 11А, Якутск, Республика Саха (Якутия), Россия",62.031499,129.742392,-0.06844539095
4049,756,1942,11A LENINA AV.            YAKUTSK,"проспект Ленина, 11А, Якутск, Республика Саха (Якутия), Россия",62.031499,129.742392,-0.03291416019
4050,757,1942,11A LENINA AV.            YAKUTSK,"проспект Ленина, 11А, Якутск, Республика Саха (Якутия), Россия",62.031499,129.742392,-0.05911040601
4051,763,1942,4/3/13 20-YA LINIYA       ROSTOV-ON-DO,"4-й микрорайон, район Северное Бутово, Юго-Западный административный округ, Москва, Россия",55.574645,37.584981,0.02393646126
4052,767,1942,11 KIROVA STR.            VORONEZH,"улица Кирова, 11, Воронеж, Россия, 394018",51.656495,39.190648,-0.005004437182
4053,768,1942,11 KIROVA STR.            VORONEZH,"улица Кирова, 11, Воронеж, Россия, 394018",51.656495,39.190648,0.03382895767
4054,776,1942,1-2 CHKALOVA STR.         N.NOVGOROD,"улица Чкалова, 1, Нижний Новгород, Россия, 603002",56.319529,43.944928,-0.07494000171
4055,777,1942,1-2 CHKALOVA STR.         N.NOVGOROD,"улица Чкалова, 1, Нижний Новгород, Россия, 603002",56.319529,43.944928,-0.07515155869
4056,778,1942,1-2 CHKALOVA STR.         N.NOVGOROD,"улица Чкалова, 1, Нижний Новгород, Россия, 603002",56.319529,43.944928,-0.04679970258
4057,807,1942,162 B.KHMELNITSKOGO       OMSK,"улица Богдана Хмельницкого, 162/100, Омск, Россия, 644021",54.971827,73.411646,0.04418638676
4058,820,1942,23 MICHURINA STR.         NOVOSIBIRSK,"улица Мичурина, 23, Новосибирск, Россия, 630091",55.041333,82.920996,0.01160296502
4059,822,1942,58 LENINA AV.             BARNAUL,"проспект Ленина, 58, Барнаул, Алтайский край, Россия, 656038",53.348155,83.777539,-0.01675347478
4060,823,1942,134 SELEZNEVA STR.        KRASNODAR,"улица Селезнёва, 134, Краснодар, Россия, 350075",45.023163,39.042345,0.004112939697
4061,833,1942,46 PR.REVOLYUTSII         VORONEZH,"проспект Революции, 46, Воронеж, Россия, 394036",51.667021,39.205884,0.01587467884
4062,848,1942,58 LENINA AV.             BARNAUL,"проспект Ленина, 58, Барнаул, Алтайский край, Россия, 656038",53.348155,83.777539,0.06427838615
4063,854,1942,11 KIROVA STR.            VORONEZH,"улица Кирова, 11, Воронеж, Россия, 394018",51.656495,39.190648,0.02973047781
4064,857,1942,45 PLEKHANOVSKAYA STR     VORONEZH,"Плехановская улица, 45, Воронеж, Россия, 394030",51.671869,39.187118,0.01807418452
4065,863,1942,96 KOMMUNISTICHESKAYA STR STERLITAMAK,"Коммунистическая улица, 96, Стерлитамак, Республика Башкортостан, Россия, 453120",53.61781,55.907074,-0.06075329277
4066,864,1942,96 KOMMUNISTICHESKAYA STR STERLITAMAK,"Коммунистическая улица, 96, Стерлитамак, Республика Башкортостан, Россия, 453120",53.61781,55.907074,-0.04345952104
4067,867,1942,11A NEVSKAYA              VOLGOGRAD,"Невская улица, 11, Волгоград, Россия, 400087",48.716888,44.508935,0.005371149399
4068,868,1942,22 SVERDLOVA STR.         ZHELEZNOGORS,"улица Свердлова, 22/23, Железногорск, Красноярский край, Россия, 662971",56.250027,93.534366,0.01307975279
4069,870,1942,38 GAGARINA BLVD.         IRKUTSK,"бульвар Гагарина, 38, Иркутск, Россия, 664025",52.279572,104.275836,-0.007087736091
4070,887,1942,102 YAMSKAYA STR.         TYUMEN,"Ямская улица, 102, Тюмень, Россия, 625001",57.159311,65.488065,-0.0727064011
4071,888,1942,43 LENINA STR.            KHABAROVSK,"улица Ленина, 43, Хабаровск, Россия",48.475565,135.080666,0.05129665008
4072,891,1942,22 SVERDLOVA STR.         ZHELEZNOGORS,"улица Свердлова, 22/23, Железногорск, Красноярский край, Россия, 662971",56.250027,93.534366,0.01824411372
4073,986,1942,19-1 OLIMPIYSKIY AV       MYTISCHI,"Олимпийский проспект, 19к1, Мытищи, Московская область, Россия, 141006",55.923549,37.757081,0.05929425719
4074,987,1942,19-1 OLIMPIYSKIY AV       MYTISCHI,"Олимпийский проспект, 19к1, Мытищи, Московская область, Россия, 141006",55.923549,37.757081,0.05372693768
4075,1018,1942,296 MOSKOVSKOE H/W.       N.NOVGOROD,"Московское шоссе, 296А, Нижний Новгород, Россия, 603124",56.310737,43.839439,0.04649824823
4076,1026,1942,50 LET OKTYABRYA 12       KRASNOGORSK,"улица 50 лет Октября, 12, Красногорск, Московская область, Россия",55.817896,37.310986,0.04514312758
4077,1028,1942,SOLNECHNAYA 104/15        KRASNODAR,,,,0.08563729994
4078,1037,1942,2 9-MAYA STR              TULA,"улица 9 Мая, 2, Тула, Россия, 300028",54.165009,37.584622,-0.0647129203
4079,1039,1942,20 VOSKRESENSKAYA STR     ARKHANGELSK,"Воскресенская улица, 20, Архангельск, Россия, 163046",64.542034,40.535013,0.04215592609
4080,1047,1942,61 C1 IRKUTSKIY TRA       TOMSK,"Иркутский тракт, 61с1, Томск, Россия",56.50633,85.022101,-0.02661749349
4081,1060,1942,62 9-PARKOVAYA STR        MOSCOW,"9-я Парковая улица, 62, Москва, Россия, 105215",55.805295,37.801161,-0.006717497418
4082,1066,1942,80 NOVO-ASTRAKHANSKOE H/W SARATOV,"аэропорт Гагарин, Саратовский район, Саратовская область, Россия",51.71802,46.169983,0.04782947005
4083,1067,1942,7A KEDROVA STR.           MOSCOW,"улица Кедрова, 7А, Москва, Россия, 117292",55.685411,37.568587,0.07776329494
4084,1071,1942,3-1 BEGOVAYA STR.         MOSCOW,"Беговая улица, 3с1, Москва, Россия, 125284",55.776011,37.5531,-0.01023539635
4085,1072,1942,47A AERODROMNAYA ST       SAMARA,"деревня Самара, Михайловский район, Рязанская область, Россия",54.015009,38.8324,0.01208540271
4086,1082,1942,43 LERMONTOVA STR.        ISKITIM,"улица Лермонтова, 43, Искитим, Новосибирская область, Россия, 633203",54.632541,83.30463,-0.0219950799
4087,1090,1942,LERMONTOVA STR. 128       IRKUTSK,"улица Лермонтова, 128, Иркутск, Россия, 664033",52.243479,104.270348,-0.09745179675
4088,1094,1942,7-Y KM PYATNITSKOGO       KRASNOGORSKI,"поселок 7-й километр, Клетнянский район, Брянская область, Россия",53.340866,33.171846,0.04448764124
4089,1095,1942,14 KOROLEVA STR           UFA,"улица Академика Королёва, 14, Уфа, Республика Башкортостан, Россия, 450105",54.774452,56.077475,0.001327441805
4090,1099,1942,17 TUSHINSKAYA STR        MOSCOW,"Тушинская улица, 17, Москва, Россия, 125362",55.82666,37.44479,0.06195887551
4091,1100,1942,16 LENINGRADSKOE H.       MOSCOW,"Ленинградское шоссе, 16Ас7, Москва, Россия, 125171",55.824804,37.49736,0.03892369747
4092,1111,1942,7 LENINA STR.             NOVOSIBIRSK,"улица Ленина, 7, Новосибирск, Россия",55.029054,82.914752,-0.0172425687
4093,1114,1942,86V MALAKHOVA STR.        BARNAUL,"улица Малахова, 86, Барнаул, Алтайский край, Россия",53.357373,83.698299,-0.02666123832
4094,1118,1942,6-1 KOMSOMOLSKAYA S       MOSCOW,"Комсомольская площадь, 6с1, Москва, Россия, 107140",55.776492,37.660224,0.01360387963
4095,1120,1942,1 KUUSINENA STR.          MOSCOW,"улица Куусинена, 1, Москва, Россия, 123308",55.77838,37.51644,0.07679333904
4096,1125,1942,41 POBEDY STR             YAROSLAVL,"улица Победы, 41, Ярославль, Россия, 150014",57.62774,39.871086,0.003819067542
4097,1142,1942,150 MIRA AVE              MOSCOW,"проспект Мира, 150, Москва, Россия, 129366",55.822276,37.647037,-0.007019479763
4098,1151,1942,15 MIRA STR.              ZHELEZNOGORS,"улица Мира, 15, Железногорск, Курская область, Россия, 307170",52.334344,35.372404,0.003028703198
4099,1153,1942,73 KM.MKA D.7             MOSCOW,"МКАД, 73-й километр, 7, Москва, Россия",55.876476,37.422279,0.02154697111
4100,1154,1942,17 LITVINOVA STR          IRKUTSK,"улица Литвинова, 17, Иркутск, Россия, 664003",52.282013,104.294773,-0.08566385445
4101,1156,1942,34 LENINA STR             KURGAN,,,,0.02638657967
4102,1159,1942,205 RABOCHAYA STR.        SARATOV,"Рабочая улица, 205, Саратов, Россия, 410071",51.538117,45.989287,-0.1130675404
4103,1161,1942,144B SUVOROVA STR.        PENZA,"улица Суворова, 144, Пенза, Россия, 440008",53.203117,44.996289,0.01817015331
4104,1164,1942,6 SEVERNAYA STR           SOCHI,,,,-0.03138467841
4105,1166,1942,9 LENINA STR.             RYAZAN,"улица Ленина, 9, Рязань, Россия, 390023",54.623045,39.753694,-0.07815380607
4106,1167,1942,9 LENINA STR.             RYAZAN,"улица Ленина, 9, Рязань, Россия, 390023",54.623045,39.753694,0.007449747671
4107,1168,1942,2 PARKOVAYA STR           LYTKARINO,"Парковая улица, с2, Лыткарино, Московская область, Россия, 140081",55.582014,37.91222,0.04669607733
4108,1178,1942,5 UBILEYNIY AV.           KHIMKI,"Юбилейный проспект, 5, Химки, Московская область, Россия, 141407",55.886175,37.420778,0.05602202305
4109,1180,1942,156 PAVLOVSKIY TRAKT      BARNAUL,"Павловский тракт, 156, Барнаул, Алтайский край, Россия, 656067",53.346333,83.665726,-0.02173745509
4110,1188,1942,216 PUSHKINSKAYA ST       IZHEVSK,"Пушкинская улица, 216, Ижевск, Удмуртская Республика, Россия, 426008",56.854542,53.211499,0.002262700112
4111,1189,1942,216 PUSHKINSKAYA ST       IZHEVSK,"Пушкинская улица, 216, Ижевск, Удмуртская Республика, Россия, 426008",56.854542,53.211499,-0.02139472727
4112,1191,1942,56A K.MYAGOTINA STR       KURGAN,"улица Коли Мяготина, 56А, Курган, Россия, 640004",55.435886,65.315085,-0.06988510132
4113,1217,1942,158-1 KOLSKIY AV.         MURMANSK,"Кольский проспект, 158к1, Мурманск, Россия, 183038",68.914481,33.095247,-0.02179540025
4114,1235,1942,76 KARLA MARKSA STR       KHABAROVSK,"улица Карла Маркса, 76, Хабаровск, Россия, 680000",48.488034,135.084152,0.009279235941
4115,1241,1942,88 V.MAKSIMOVOY           BIYSK,"улица Вали Максимовой, 88, Бийск, Алтайский край, Россия, 659319",52.533365,85.178866,-0.01761242731
4116,1255,1942,304 UDMURTSKAYA STR       IZHEVSK,"Удмуртская улица, 304, Ижевск, Удмуртская Республика, Россия, 426034",56.858676,53.222845,-0.03813317467
4117,1263,1942,255 LENINGRADSKIY         ARCHANGELSK,"Ленинградский проспект, 255, Архангельск, Россия, 163057",64.510339,40.663894,-0.01639291174
4118,1264,1942,31 MOSKOWSKOE H/W.        SARATOV,"Московское шоссе, 31, Саратов, Россия, 410062",51.599753,45.923216,0.02986906069
4119,1267,1942,110 ZEMLYACHKI            VOLGOGRAD,"улица Землячки, 110, Волгоград, Россия, 400117",48.745068,44.518547,0.03140355087
4120,1277,1942,12 VATUTINA STR           NOVOSIBIRSK,"улица Ватутина, 12, Новосибирск, Россия, 630078",54.988856,82.885395,-0.01967236297
4121,1278,1942,12 VATUTINA STR           NOVOSIBIRSK,"улица Ватутина, 12, Новосибирск, Россия, 630078",54.988856,82.885395,-0.05187703078
4122,1280,1942,5 40-LET OKTYABRYA        KEMEROVO,"улица 40 лет Октября, 5, Кемерово, Россия, 650001",55.391319,86.001947,-0.02396710438
4123,1295,1942,26 KRASNOPOLYANSKAY       VOLGOGRAD,"Краснополянская улица, 26, Волгоград, Россия, 400075",48.765144,44.478869,-0.02660954384
4124,1308,1942,2 GOGOLYA STR.            YAROSLAVL,"улица Гоголя, 2, Ярославль, Россия, 150030",57.591497,39.867187,-0.02166149978
4125,1311,1942,174P LENINSKIY AVE        VORONEZH,"Ленинский проспект, 174, Воронеж, Россия, 394033",51.69885,39.273554,-0.009635197617
4126,1317,1942,48/3 GAGARINA AV.         ORENBURG,"проспект Гагарина, 48/3, Оренбург, Россия, 460051",51.775739,55.185197,-0.003107475715
4127,1323,1942,9B RABOCHE-KRESTYAN       VOLGOGRAD,,,,0.0307510632
4128,1328,1942,7 SIBIRSKIY AV.           OMSK,"Сибирская улица, 9, Омск, Россия, 644082",54.935374,73.339708,0.08601628912
4129,1333,1942,38 KLUBNAYA               IZHEVSK,"Клубная улица, 38, Ижевск, Удмуртская Республика, Россия, 426006",56.830566,53.14311,-0.05149748316
4130,1342,1942,12 MOSKOVSKOE H/W.        N.NOVGOROD,"Московское шоссе, 12, Нижний Новгород, Россия, 603002",56.317942,43.925443,0.007799889191
4131,1343,1942,118 MOSKOVSKIY TR.        TYUMEN,"Московский тракт, 118, Тюмень, Россия, 625008",57.135043,65.493796,0.02811733431
4132,1349,1942,38 GAGARINA BLVD.         IRKUTSK,"бульвар Гагарина, 38, Иркутск, Россия, 664025",52.279572,104.275836,0.0006254108762
4133,1359,1942,2 KOMMUNISTICHESKIY AVE   LINEVO,"Коммунистический проспект, 2, рабочий поселок Линёво, Искитимский район, Новосибирская область, Россия, 633216",54.458196,83.376181,-0.06768768418
4134,1362,1942,2A BAZHENOVA STR.         ZHUKOVSKIY,"улица Баженова, 2А, Жуковский, Московская область, Россия, 140188",55.604565,38.082064,0.05188985277
4135,1365,1942,107 VATUTINA STR.         NOVOSIBIRSK,"улица Ватутина, 107, Новосибирск, Россия, 630024",54.96408,82.936069,0.008347140116
4136,1377,1942,4 POKRYSHKINA STR         MOSCOW,"улица Покрышкина, 4, Москва, Россия, 119602",55.665081,37.481496,0.08884209358
4137,1386,1942,59 MOSKOVSKIY AV.         PUSHKINO,"Московский проспект, 59, Пушкино, Московская область, Россия, 141205",55.996802,37.862345,0.04207308017
4138,1390,1942,37 TANKISTOV STR          SARATOV,"улица Танкистов, 37, Саратов, Россия, 410019",51.550983,46.017988,-0.06524433518
4139,1394,1942,69 PETUKHOVA STR.         NOVOSIBIRSK,"улица Петухова, 69, Новосибирск, Россия, 630088",54.942677,82.905455,-0.08815598906
4140,1400,1942,17-1A NAUKI AV.           S.-PETERBURG,"проспект Науки, 17к1, Санкт-Петербург, Россия, 195220",60.01427,30.388605,-0.03946414297
4141,1401,1942,98 PETERGOFSKOE H/W.      S.-PETERBURG,"Петергофское шоссе, 98, Санкт-Петербург, Россия, 198206",59.851837,30.093733,-0.0551683975
4142,1413,1942,1. NOVOAYSENEVSKIY AV.    MOSCOW,"Новоясеневский проспект, 1, Москва, Россия, 117588",55.619467,37.50928,0.05217518465
4143,1435,1942,3 KRASNAYA SQ.            MOSCOW,"Красная площадь, 3, Москва, Россия, 109012",55.754694,37.621417,0.04552453756
4144,1438,1942,8 VOKZALNAYA SQ.          PODOLSK,"Вокзальная площадь, 8, Подольск, Московская область, Россия, 142116",55.432796,37.565111,0.01430608472
4145,1442,1942,3 ROSSOSHANSKIY AV.       MOSCOW,"Россошанская улица, 3А, Москва, Россия, 117535",55.596849,37.60814,0.02092209493
4146,1444,1942,1-2 MANEZHNAYA STR.       MOSCOW,"Манежная улица, 7, Москва, Россия, 119019",55.750358,37.611149,0.01717498726
4147,1451,1942,14-3 OREKHOVIY BLVD.      MOSCOW,"Ореховый бульвар, 14к3, Москва, Россия, 115582",55.60968,37.720106,0.1075500235
4148,1468,1942,6/1 LENINA STR.           BERDSK,"улица Ленина, 6/1, Бердск, Новосибирская область, Россия, 633011",54.764994,83.08077,-0.05980494174
4149,1475,1942,191 ZORGE STR.            NOVOSIBIRSK,"улица Зорге, 191, Затулинский жилмассив, Кировский район, Новосибирск, Россия",54.934991,82.91592,-0.007435866563
4150,1481,1942,52A REVOLYUTSIONNAYA STR. TOGLIATTI,,,,0.03179348609
4151,1489,1942,25 GROMOVOY STR.          TOGLIATTI,"улица Громовой, 25, Тольятти, Самарская область, Россия, 445045",53.488189,49.476538,-0.04535002432
4152,1497,1942,64 SCHERTSA STR           BELGOROD,,,,-0.03687408518
4153,1512,1942,100 VOLZHSKAYA STR.       BALAKOVO,"Волжская улица, 100, Балаково, Саратовская область, Россия",52.010858,47.796985,-0.06916926956
4154,1516,1942,16A VESNY STR.            KRASNOYARSK,"улица Весны, 16А, микрорайон Взлётка, Советский район, Красноярск, Россия",56.03777,92.911798,0.02801300676
4155,1517,1942,4A 50-LET OKTYABRYA STR.  VOLGOGRAD,"улица 50 лет Октября, 4А, Волгоград, Россия, 400082",48.518742,44.563885,-0.00689139955
4156,1523,1942,18 MAYOROVA STR.          LUZINO,"улица Майорова, 18, село Лузино, Омский район, Омская область, Россия, 644504",54.950004,73.027912,-0.1083535323
4157,1530,1942,1A SVYATAOZERSKAYA STR.   MOSCOW,"Святоозёрская улица, 1А, Москва, Россия, 111675",55.714648,37.883572,0.07256310854
4158,1531,1942,36 CHEKISTOV AV.          KRASNODAR,"проспект Чекистов, 36, микрорайон Юбилейный, Краснодар, Россия, 350089",45.031744,38.917479,0.04226935972
4159,1534,1942,54 LENINSKIY AV.          MOSCOW,,,,0.05560399084
4160,1542,1942,33 POCHTOVAYA STR.        LEBEDYAN,"Почтовая улица, 33А, Лебедянь, Липецкая область, Россия, 399610",53.009297,39.128646,-0.03119769847
4161,1545,1942,105 KOMINTERNA STR.       NIZHNIY NOVG,"улица Коминтерна, 105, Нижний Новгород, Россия, 603003",56.347858,43.870997,-0.04104982694
4162,1565,1942,29 51-I GVARDEYSKOY DIVIZ VOLGOGRAD,"улица 39-й Гвардейской Дивизии, 57, Волгоград, Россия",48.764295,44.535624,-0.08069577966
4163,1566,1942,6 KIROVSKAYA STR.         ARKHANGELSK,"Кировская улица, 6, микрорайон Первых Пятилеток, Архангельск, Россия, 163012",64.593911,40.581141,-0.1446618884
4164,1570,1942,114 ANGARSKAYA            VOLGOGRAD,"Ангарская улица, 114, Волгоград, Россия, 400081",48.723016,44.470397,-0.04043462024
4165,1589,1942,69A ZANEVSKIY AV.         S.-PETERBURG,,,,-0.05060147827
4166,1593,1942,12A KOMENDANTSKIY AV.     S.-PETERBURG,"Комендантская площадь, 8, Санкт-Петербург, Россия, 197227",60.005967,30.259238,0.009105358627
4167,1595,1942,21A SMOLYACHKOVA STR.     S.-PETERBURG,"улица Смолячкова, 21, Санкт-Петербург, Россия, 194044",59.971037,30.347426,-0.003570170164
4168,1596,1942,8A RYUKHINA STR.          S.-PETERBURG,"Рюхина улица, 8, Санкт-Петербург, Россия, 197110",59.971816,30.259553,-0.008578716161
4169,1598,1942,70A STACHEK AV.           S.-PETERBURG,"проспект Стачек, 70, Санкт-Петербург, Россия, 198188",59.879597,30.262014,-0.07454937577
4170,1599,1942,69A ZANEVSKIY AV.         S.-PETERBURG,,,,-0.04954129377
4171,1641,1942,4A TORFYANAYA DOROGA      S.-PETERBURG,"Торфяная дорога, 4А, Санкт-Петербург, Россия, 197374",59.989441,30.255142,-0.02122599754
4172,1649,1942,20 DOBROLYUBOVA AV.       S.-PETERBURG,"проспект Добролюбова, 20к1, Санкт-Петербург, Россия, 197198",59.951713,30.290275,-0.03069661034
4173,1650,1942,4A TORFYANAYA DOROGA      S.-PETERBURG,"Торфяная дорога, 4А, Санкт-Петербург, Россия, 197374",59.989441,30.255142,0.0001853507312
4174,1653,1942,13A BOGATYRSKIY AV.       S.-PETERBURG,"Богатырский проспект, 13, Санкт-Петербург, Россия, 197227",60.000285,30.271949,0.03686091322
4175,1666,1942,3A SOSNOVAYA STR          SANKT-PETERS,"Сосновая улица, 3, Москва, Россия, 143085",55.806676,37.482744,-0.01797482866
4176,1674,1942,44 RIZHSKIY AV.           PSKOV,"Рижский проспект, 44, Псков, Россия, 180016",57.816067,28.304477,-0.07617093369
4177,1926,3185.5,"pl. Sovetskaya, 3         N. Novgorod ","Советская площадь, 3, Нижний Новгород, Россия, 603106",56.296139,44.038191,-0.1323552219
4178,2038,3185.5,"PUSHKINSKAJA, 20          ORENBURG    ","Пушкинская улица, 20, Оренбург, Россия, 460000",51.7617,55.101159,-0.1142516676
4179,2040,3185.5,"POBEDY, 1A                ORENBURG    ","проспект Победы, 1А, Оренбург, Россия, 460000",51.770897,55.10345,-0.0014705938
4180,2042,3185.5,"7KOZHUHOVSKAJA,VL3A       MOSKVA      ","7-я Кожуховская улица, вл5Б, Москва, Россия, 115193",55.709809,37.670447,-0.04721129718
4181,2049,3185.5,TUL M.GOR'KOGO 7A         TULA,"улица Максима Горького, 7А, Тула, Россия",54.214214,37.618022,-0.06932248062
4182,2052,3185.5,"KOMMUNALNAYA, 53          STREZHEVOJ  ","Коммунальная улица, 53с3, Стрежевой, Томская область, Россия, 636780",60.72834,77.581104,-0.001995657194
4183,2057,3185.5,"IVANA CHERNYH, 96         TOMSK       ","улица Ивана Черных, 96, Томск, Россия, 634050",56.523007,85.058959,-0.04002162675
4184,2064,3185.5,LENINA 6                  TOMSK,"проспект Ленина, 6, Томск, Россия, 634034",56.458273,84.950613,-0.002501045187
4185,2071,3185.5,"KIROVA, 41                TOMSK       ","проспект Кирова, 41, Томск, Россия, 634041",56.465664,84.972631,-0.1062207215
4186,2105,3185.5,"BOLNICHNYJ, 12            ORENBURG    ","Больничный проезд, 12, Оренбург, Россия, 460018",51.775505,55.121794,-0.09999115196
4187,2108,3185.5,"SOVETSKAJA, 70  N.        NOVOTROICK  ","Советская улица, 70/2, Новотроицк, Оренбургская область, Россия, 462359",51.196569,58.308477,-0.109963227
4188,2109,3185.5,"SEVERNYJ, 12              ORENBURG    ","Северная улица, 12, Оренбург, Россия, 460041",51.783847,55.155687,-0.1110177597
4189,2115,3185.5,"SALMYSHSKAJA, 54-1        ORENBURG    ","Салмышская улица, 54/1, Оренбург, Россия, 460060",51.817631,55.171102,-0.07891864609
4190,2117,3185.5,GAGARINA 48-3             ORENBURG,"проспект Гагарина, 48/3, Оренбург, Россия, 460051",51.775739,55.185197,-0.04964634625
4191,2119,3185.5,DZERZINSKOGO 33-1         ORENBURG,"проспект Дзержинского, 33с1, Оренбург, Россия, 460047",51.839411,55.136885,0.01473189282
4192,2120,3185.5,"DZERZHINSKOGO, 23         ORENBURG    ","проспект Дзержинского, 23, Оренбург, Россия, 460044",51.833429,55.128827,-0.007545997623
4193,2137,3185.5,UFA PR-T OKTJABRJA        UFA,"проспект Октября, Уфа, Республика Башкортостан, Россия",54.768412,56.020837,-0.1106771816
4194,2142,3185.5,"V.Pysh, Lenina, 131       V.Pyshma    ","Успенский проспект, 131, Верхняя Пышма, Свердловская область, Россия, 624091",56.981106,60.532751,-0.09307164967
4195,2147,3185.5,"UL. SOVETSKAJA, 5         NOVOSIBIRSK ","Советская улица, 5, Новосибирск, Россия, 630007",55.021571,82.91725,-0.1450012315
4196,2159,3185.5,"UL. VOENNAJA, 5           NOVOSIBIRSK ","Военная улица, 5, Новосибирск, Россия, 630017",55.028749,82.936698,-0.01864926381
4197,2163,3185.5,"UL.OBEDINENIJA,80         NOVOSIBIRSK ","улица Объединения, 80, Новосибирск, Россия, 630027",55.095812,82.962489,-0.041842509
4198,2170,3185.5,10LET OKTJABRJA 109       OMSK,"улица 10 лет Октября, 109, Омск, Россия, 644070",54.985653,73.402761,-0.01611599467
4199,2183,3185.5,"UL. DIANOVA, 1            OMSK        ","улица Дианова, 1, Омск, Россия, 644106",54.991418,73.26672,-0.06473770961
4200,2188,3185.5,"20 LINIYA, 61, K. 1       OMSK        ","улица 20-я Линия, 61, Омск, Россия, 644031",54.987529,73.425066,-0.01480691219
4201,2192,3185.5,"MIRA, 56                  OMSK        ","проспект Мира, 56, Омск, Россия, 644029",55.029719,73.278946,-0.09558052218
4202,2195,3185.5,"TRANSSIBIRSKAYA,28        OMSK        ","Транссибирская улица, 28, Омск, Россия, 644103",54.957831,73.316451,-0.06413782779
4203,2196,3185.5,"KONEVA, 28A               OMSK        ","улица Конева, 28А, Омск, Россия, 644074",54.978726,73.310127,-0.08330915869
4204,2198,3185.5,"KIROVA, 12                OMSK        ","улица Кирова, 12, Омск, Россия, 644041",54.945748,73.419524,-0.04566424845
4205,2216,3185.5,"12 DEKABRJA, 115          OMSK        ","улица 12 Декабря, 115, Омск, Россия, 644103",54.951069,73.327932,-0.1013755909
4206,2220,3185.5,"MAJOROVA, 18              OMSK        ",,,,-0.1408902073
4207,2237,3185.5,"MKR.2, DOM 15             SHARYPOVO   ","2-й микрорайон, 15, Шарыпово, Красноярский край, Россия",55.528233,89.17875,-0.08253570577
4208,2242,3185.5,"LENINA, 14                ZELENOGORSK ","проспект Ленина, 14, Зеленогорск, Санкт-Петербург, Россия, 197720",60.194938,29.70522,0.02357532502
4209,2243,3185.5,30 LET VLKSM 53G          NAZAROVO,"улица 30 лет ВЛКСМ, 53, Назарово, Красноярский край, Россия, 662200",56.006593,90.408319,-0.0156276619
4210,2248,3185.5,"UL. AMURSKAJA, 30         KRASNOJARSK ","Амурская улица, 30, микрорайон Черёмушки, Ленинский район, Красноярск, Россия, 660046",55.987916,93.015553,-0.006788075138
4211,2250,3185.5,KRAS. RAB. 111            KRASNOJARSK,"проспект имени Газеты Красноярский Рабочий, 111, Красноярск, Россия, 660025",56.000361,92.92423,-0.02912978462
4212,2251,3185.5,9 MAJA 77                 KRASNOJARSK,"улица 9 Мая, 77, Красноярск, Россия, 660125",56.050913,92.904369,-0.07047231775
4213,2252,3185.5,KURCHATOVA 3 ZHEL.        ZHELEZNOGORS,"проспект Курчатова, 3, Железногорск, Красноярский край, Россия, 662970",56.242934,93.539172,0.00504320535
4214,2271,3185.5,VJATKINA 33A ABAKAN       ABAKAN,"улица Вяткина, 33А, Абакан, Республика Хакасия, Россия, 655017",53.72422,91.446484,-0.01774300374
4215,2278,3185.5,"32, LENINA ST.            GUSINOOZERSK","улица Ленина, 32, Гусиноозёрск, Селенгинский район, Республика Бурятия, Россия, 671160",51.289345,106.536743,0.01361122416
4216,2288,3185.5,"14B, TRAKTOVAYA ST.       SREDNIY     ",,,,-0.01998640335
4217,2294,3185.5,"PR. LENINA, 90-1          KEMEROVO    ","проспект Ленина, 90/1, Кемерово, Россия, 650066",55.345585,86.127748,-0.04412009464
4218,2316,3185.5,"PARTIZANSKAJA, 17         SAMARA      ","Партизанская улица, 17, Самара, Россия, 443070",53.191325,50.165932,-0.08373593445
4219,2318,3185.5,UL. LENINA 11             NEFTEGORSK,"улица Ленина, 11, Нефтегорск, Самарская область, Россия, 446600",52.797814,51.15857,-0.08672454703
4220,2319,3185.5,POBEDY 29                 TOLJATTI,"улица Победы, 29, Тольятти, Самарская область, Россия",53.51908,49.425532,-0.1411404978
4221,2326,3185.5,KALININGRADSKIJ PR        SVETLOGORSK,"Калининградский проспект, Светлогорск, Калининградская область, Россия",54.940541,20.142591,-0.1161907999
4222,2337,3185.5,"UL. LERMONTOVA, 98        JAKUTSK     ","улица Лермонтова, 98, Якутск, Республика Саха (Якутия), Россия, 677008",62.025372,129.695132,0.06694132049
4223,2360,3185.5,"UL. LENINA, 8             NERUNGRI    ","улица Ленина, 8, Советский территориальный округ, муниципальное образование Город Тула, Тульская область, Россия",54.200386,37.607278,0.1278259394
4224,2368,3185.5,"UL.KALININA, D.7          KOMS-NA-AMUR","улица Калинина, 7, посёлок городского типа Загорянский, Щёлковский район, Московская область, Россия, 141180",55.926756,37.906255,-0.09340021988
4225,2391,3185.5,"UL. SAIBELYA, D.45        ARTEM       ","улица Владимира Сайбеля, 45, Артём, Приморский край, Россия, 692756",43.396486,132.165463,0.009937483723
4226,2401,3185.5,"NARODNYJ PR-T, 28         VLADIVOSTOK ","Народный проспект, 28, Владивосток, Приморский край, Россия, 690014",43.129374,131.918884,0.02396054854
4227,2424,3185.5,"KORABELNAJA NAB, 1        VLADIVOSTOK ","улица Корабельная Набережная, 1, Владивосток, Приморский край, Россия",43.114739,131.885422,-0.09926435484
4228,2427,3185.5,"KOROLENKO,11              USSURIJSK   ","улица Короленко, 11, Уссурийск, Приморский край, Россия, 692524",43.83578,131.940614,-0.07713720044
4229,2433,3185.5,"OKEANSKIJ PR-T,108        VLADIVOSTOK ","Океанский проспект, 108, Владивосток, Приморский край, Россия, 690002",43.132651,131.905409,-0.004334167325
4230,2438,3185.5,"UL. BORISENKO,D.42        VLADIVOSTOK ","улица Борисенко, 42, Владивосток, Приморский край, Россия",43.097606,131.954044,-0.01462346008
4231,2447,3185.5,"PR-T MIRA, 107            U-SAHALINSK ","проспект Мира, 107, Южно-Сахалинск, Сахалинская область, Россия, 693010",46.961406,142.741086,-0.01499419269
4232,2454,3185.5,"UL.CHEHOVA, D.78          U-SAHALINSK ","улица Чехова, 78, Южно-Сахалинск, Сахалинская область, Россия",46.951484,142.735669,0.01145391344
4233,2469,3185.5,UL.TITOVA 10              LIPECK,"улица Титова, 10, Липецк, Россия",52.617159,39.556343,-0.1124234371
4234,2474,3185.5,OKJABRSKAJA PL 47         MORSHANSK,"Октябрьская площадь, 47, Моршанск, Тамбовская область, Россия, 393950",53.443676,41.812804,0.1020079824
4235,2481,3185.5,IZMAJLOVSKOE.71           MOSKVA,"Измайловское шоссе, 71к4Г-Д, Москва, Россия, 105187",55.791744,37.748619,0.02695949357
4236,2485,3185.5,"LENINSKIJ PR-T,D.87       MOSKVA      ","Ленинский проспект, 87, Москва, Россия, 119313",55.679346,37.533742,-0.01620054251
4237,2501,3185.5,LENINGRADSKIJ PR.37       MOSKVA,"Ленинградский проспект, 37, Москва, Россия, 125167",55.792108,37.540757,0.01907562305
4238,2503,3185.5,"CVETNOJ B.,D2             MOSKVA      ",,,,0.03946069519
4239,2509,3185.5,RUSAKOVSKAJA 7            MOSKVA,"Русаковская набережная, 7, Москва, Россия, 107076",55.798318,37.698538,-0.0418371843
4240,2512,3185.5,KASHIRSKOE SH. 3A         DOMODEDOVO,"Каширское шоссе, 3А, Домодедово, Московская область, Россия",55.451967,37.763198,0.03125591496
4241,2525,3185.5,"TURKESTANSKAJA, 45        ORENBURG    ","Туркестанская улица, 45, Оренбург, Россия, 460001",51.7738,55.132277,-0.1097666311
4242,2532,3185.5,"KRASNOGO MAJAKA, 2B       MOSKVA      ","улица Красного Маяка, 2, Москва, Россия, 117519",55.611836,37.601807,-0.05143982846
4243,2551,3185.5,"KIROVOGRADSKAJA,13A       MOSKVA      ","Кировоградская улица, 13А, Москва, Россия, 117519",55.612182,37.607026,0.0377335347
4244,2552,3185.5,"KIROVOGRADSKAJA,13A       MOSKVA      ","Кировоградская улица, 13А, Москва, Россия, 117519",55.612182,37.607026,0.004571414257
4245,2553,3185.5,"KIROVOGRADSKAJA,13A       MOSKVA      ","Кировоградская улица, 13А, Москва, Россия, 117519",55.612182,37.607026,-0.04585369701
4246,2561,3185.5,"LENINGRADSKOE SH.,        MOSKVA      ",,,,-0.03257433382
4247,2576,3185.5,CHL MARCHENKO 22          CHELJABINSK,"улица Марченко, 22, Челябинск, Россия, 454085",55.16704,61.459129,-0.1077742993
4248,2579,3185.5,"KOMSOMOLSKIJ PR,32        CHELJABINSK ","Комсомольский проспект, 32, Челябинск, Россия, 454138",55.195056,61.346589,-0.0650444186
4249,2580,3185.5,"GAGARINA,  14A            TROICK      ","улица Гагарина, 14А, Троицк, Челябинская область, Россия",54.078917,61.530402,-0.07010453228
4250,2589,3185.5,"27 VOLG,KOZLOVS.34A       VOLGOGRAD   ","хутор Козлов, Кумылженский район, Волгоградская область, Россия",49.717373,42.67365,-0.07083342686
4251,2593,3185.5,PR. ZARECHNYJ D.33        TJUMEN,"Заречный проезд, 33, Тюмень, Россия, 625022",57.173752,65.558322,-0.05934834226
4252,2595,3185.5,"TOB, 9 MKR., D.25A        TOBOLSK     ","9-й микрорайон, 25А, Тобольск, Тюменская область, Россия",58.228813,68.284403,0.04320445958
4253,2597,3185.5,"REVOLJUCII, D.50-2        JALUTOROVSK ","улица Революции, 50, Ялуторовск, Тюменская область, Россия",56.650038,66.315781,-0.1010260155
4254,2601,3185.5,GERCENA D.94              TJUMEN,"улица Герцена, 94, Тюмень, Россия, 625000",57.146051,65.541954,-0.05393817322
4255,2602,3185.5,ODESSKAJA D.31            TJUMEN,"Одесская улица, 31, Тюмень, Россия, 625023",57.142418,65.589754,-0.04350348281
4256,2613,3185.5,"TUL.VILJAMSA,24           TULA        ","улица Вильямса, 24, Тула, Россия, 300053",54.206953,37.688081,-0.05933343935
4257,2620,3185.5,"OKTYABRSKAYA, 8           SANKT-PETERB","Октябрьская набережная, 8к2, Санкт-Петербург, Россия, 193091",59.912621,30.419983,-0.04269613717
4258,2626,3185.5,PR. VSEVOLOZSKY 72        VSEVOLOZHSK,"Всеволожский проспект, 72, Всеволожск, Ленинградская область, Россия",60.015084,30.647885,-0.05943784937
4259,2641,3185.5,"NAHIMOVA, 3               TOMSK       ","улица Нахимова, 3, Томск, Россия, 634045",56.454787,84.960495,-0.09137641919
4260,2644,3185.5,"MOSKOVSKIJ TRAKT, 2       TOMSK       ","Московский тракт, 2, Томск, Россия",56.472889,84.949293,-0.09986120004
4261,2659,3185.5,"G.KURSK, PR. HRUCSH       KURSK       ",,,,-0.08826624871
4262,2660,3185.5,B.HMELNITSKOGO-137T       BELGOROD,"садовые участки Новиково, городской округ Старооскольский, Белгородская область, Россия",51.151529,37.888837,-0.02830207797
4263,2686,3185.5,"27 VOLG,KOZLOVS.34A       VOLGOGRAD   ","хутор Козлов, Кумылженский район, Волгоградская область, Россия",49.717373,42.67365,-0.0237334004
4264,2687,3185.5,"27 VOLZ,MIRA,12A          VOLZHSKIJ   ","улица Мира, 12А, Волжский, Волгоградская область, Россия, 404102",48.779698,44.788877,-0.1136562386
4265,2691,3185.5,"UL. HALILOVA, 5           KASPIJSK    ","улица Халилова, 5, Каспийск, Республика Дагестан, Россия",42.890358,47.643418,-0.02336985778
4266,2699,3185.5,ST.M.STUDENCHESKAJA       NOVOSIBIRSK,"метро Студенческая, Ленинская линия, Новосибирск, Россия",54.989249,82.906802,-0.1194660859
4267,2703,3185.5,"UL.RUSSKAJA,  1           NOVOSIBIRSK ","Русская улица, 1, микрорайон Шлюз, Советский район, Новосибирск, Россия, 630058",54.849385,83.04163,-0.1145089503
4268,2708,3185.5,"UL.A.PETROVA, 213         BARNAUL     ","улица Антона Петрова, 213, Барнаул, Алтайский край, Россия, 656039",53.357932,83.703716,-0.1004157493
4269,2715,3185.5,"UL.SHUMAKOVA,46           BARNAUL     ","улица Шумакова, 46, Барнаул, Алтайский край, Россия, 656058",53.335952,83.676604,-0.01790080135
4270,2716,3185.5,"PAVLOVSKIJ TR, 156        BARNAUL     ","Павловский тракт, 156, Барнаул, Алтайский край, Россия, 656067",53.346333,83.665726,-0.05673225738
4271,2721,3185.5,"PR.KOMMUNARSKIJ, 18       BIJSK       ","Коммунарский переулок, 18, Бийск, Алтайский край, Россия, 659300",52.540672,85.22168,-0.0321791778
4272,2724,3185.5,"UL.KOSMONAVTOV,10-4       BARNAUL     ","проспект Космонавтов, 10/4, Барнаул, Алтайский край, Россия, 656023",53.387856,83.7096,0.003650393044
4273,2730,3185.5,"PR-T LENINA, 55           BARNAUL     ","проспект Ленина, 55, Барнаул, Алтайский край, Россия, 656049",53.345607,83.778249,-0.04897031568
4274,2731,3185.5,"UL.MALAHOVA,142           BARNAUL     ","улица Малахова, 142, Барнаул, Алтайский край, Россия, 656006",53.336231,83.692711,-0.05625604193
4275,2733,3185.5,"UL.MITROFANOVA, 12        BIJSK       ","улица Михаила Митрофанова, 12, Бийск, Алтайский край, Россия",52.532899,85.181543,-0.07474933073
4276,2738,3185.5,"UL.FRUNZE,122             NOVOSIBIRSK ","улица Фрунзе, 122, Новосибирск, Россия, 630005",55.037851,82.93845,-0.1098844996
4277,2741,3185.5,"MIRA, 11                  OMSK        ","проспект Мира, 11, Омск, Россия, 644050",55.025926,73.291047,-0.001330977145
4278,2769,3185.5,SWERDLOVA 55 ZHEL         ZHELEZNOGORS,"улица Свердлова, 55, Железногорск, Красноярский край, Россия, 662972",56.261738,93.540852,-0.07379647249
4279,2781,3185.5,KOLOMENSKAJA 26           KRASNOJARSK,"Коломенская улица, 26, Красноярск, Россия, 660037",56.014529,92.963154,-0.05774851956
4280,2798,3185.5,VAVILOVA 58               KRASNOJARSK,"улица Академика Вавилова, 58/13, Красноярск, Россия, 660025",55.998574,92.931821,-0.08634771322
4281,2800,3185.5,ROSSIJSKAJA 134           SHARYPOVO,"Российская улица, 134, Шарыпово, Красноярский край, Россия, 662313",55.54536,89.166586,-0.06170363726
4282,2801,3185.5,TELMANA 43                KRASNOJARSK,"улица Тельмана, 43, микрорайон Зелёная Роща, Советский район, Красноярск, Россия, 660111",56.048937,92.965086,0.09190067277
4283,2828,3185.5,"UL. GOGOLJA,13            NOVOSIBIRSK ","улица Гоголя, 13, Новосибирск, Россия, 630091",55.043721,82.922334,-0.01621681745
4284,2832,3185.5,"UL.VATUTINA,23            NOVOSIBIRSK ","улица Ватутина, 23, Новосибирск, Россия, 630073",54.984615,82.89463,-0.07026052385
4285,4516,3185.5,"FRUNZE, 58                ARTEM       ","улица Фрунзе, 58, Артём, Приморский край, Россия, 692760",43.352752,132.175128,-0.1123615252
4286,8395,5478,"D. 5, UL. MATE ZALKI      KRASNOYARSK ","улица Мате Залки, 5, микрорайон Северный, Советский район, Красноярск, Россия, 660127",56.065329,92.94561,0.01040624468
4287,8397,5478,"122, UL. RADISHEVA        USMAN G     ","улица Радищева, 122, Усмань, Липецкая область, Россия, 399370",52.053732,39.736438,-0.0181164464
4288,8400,5478,"D. 50, PR-KT LENINA       KOMSOMOLSK-N","проспект Ленина, 50, Комсомольск-на-Амуре, Хабаровский край, Россия, 681010",50.544772,136.997438,0.0253813765
4289,8409,5478,"D. 31, UL. TEPLOVOZNAYA   SANKT-PETERB","Тепловозная улица, 31, Санкт-Петербург, Россия, 192177",59.830843,30.500382,-0.04440178759
4290,8410,5478,"D. 31, UL. TEPLOVOZNAYA   SANKT-PETERB","Тепловозная улица, 31, Санкт-Петербург, Россия, 192177",59.830843,30.500382,-0.02869359879
4291,8440,5478,"D. 39, UL. STEPANA RAZINA TOLYATTI G  ","проспект Степана Разина, 39, Тольятти, Самарская область, Россия, 445040",53.520579,49.296489,-0.1104778771
4292,8471,5478,"D. 12, PR-KT STEPANA RAZI TOLYATTI G  ","проспект Степана Разина, 12, Тольятти, Самарская область, Россия, 445036",53.530504,49.296408,-0.03043502878
4293,8475,5478,"D. 24, B-R PRIMORSKII     TOLYATTI G  ","Приморский бульвар, 24, Тольятти, Самарская область, Россия, 445027",53.507033,49.281109,-0.1038555668
4294,8476,5478,"D. 27, UL. UDARNAYA       BIYSK G     ","Ударная улица, 27, Бийск, Алтайский край, Россия, 659305",52.518742,85.15136,-0.04642039861
4295,4753,5478,"D. 21, UL. METALLURGOV    YARTSEVO G  ","проспект Металлургов, 21, Ярцево, Смоленская область, Россия, 215805",55.048039,32.726389,-0.1046320777
4296,4764,5478,"D. 7, UL. POBRATIMOV      LYUBERTSY G ","улица Побратимов, 7, Люберцы, Московская область, Россия, 140013",55.692115,37.8964,0.06341772012
4297,4765,5478,"D. 102/2, UL. METALLURGIC ROSTOV-NA-DO","улица № 11, 102, садоводческое некоммерческое товарищество Металлург-3, Липецк, Россия",52.560013,39.792492,-0.09180550451
4298,4777,5478,"D. 19A, UL. MIRA          KIREEVSK G  ","улица Мира, 19А, Киреевск, Тульская область, Россия, 301260",53.929542,37.928407,-0.01803884613
4299,4780,5478,"D. 10, UL. LUNACHARSKOGO  RYBINSK G   ","улица Луначарского, 10, Центральный микрорайон, Центральный район, Рыбинск, Ярославская область, Россия, 152934",58.051483,38.836425,-0.05263142358
4300,4815,5478,"D. 8, PROEZD ENERGETIKOV  NOVOSIBIRSK ","проезд Энергетиков, 8, Новосибирск, Россия, 630108",55.011293,82.874364,-0.02348950908
4301,4831,5478,"D. 20/1, UL. LOMONOSOVA   OB G        ","улица Ломоносова, 20/1, Обь, Новосибирская область, Россия, 633102",54.99507,82.690326,-0.01606078751
4302,4836,5478,"D. 22, UL. PROLETARSKAYA  KIROV G     ","Пролетарская улица, 22, Первомайский район, Киров, Россия",58.589185,49.680006,-0.0834155252
4303,4841,5478,"D. 35, UL. MYASNICKAYA    MOSKVA G    ","Мясницкая улица, 35, Москва, Россия, 101000",55.766035,37.638117,-0.06458090957
4304,4846,5478,"D. 9V, UL. SAH'YANOVOI    ULAN-UDE G  ","улица Сахьяновой, 9В, Улан-Удэ, Республика Бурятия, Россия, 670047",51.809458,107.62542,-0.06802112623
4305,4847,5478,"D. 15, UL. BILIMBAEVSKAYA EKATERINBURG","Билимбаевская улица, 15, Екатеринбург, Свердловская область, Россия, 620050",56.881586,60.516339,-0.06931345572
4306,4854,5478,"D. 17V, UL. TITOVA        EKATERINBURG","улица Титова, 17, Екатеринбург, Свердловская область, Россия, 620085",56.779486,60.611398,-0.02975509151
4307,4855,5478,SH. ENTUZIASTOV           MOSKVA G,,,,-0.1450012315
4308,4858,5478,"D. 3, UL. NARODNAYA       TYUMEN G    ","Народная улица, 3, Тюмень, Россия, 625046",57.104464,65.615275,-0.03081281315
4309,4873,5478,"D. 13G, UL. VLADIMIRA NEV VORONEZH G  ","улица Владимира Невского, 13, Воронеж, Россия, 394088",51.707027,39.147017,-0.1438249671
4310,4885,5478,"D. 6, POM. 51, UL. DRUZHB GORNYY P    ","садоводческое товарищество № 5 п/ф Балахнинская, 51, посёлок городского типа Малое Козино, Балахнинский район, Нижегородская область, Россия",56.440826,43.681201,-0.06828588637
4311,4888,5478,"D. 86, UL. GOR'KOGO       VLADIMIR G  ","улица Горького, 86, Владимир, Россия, 600026",56.149968,40.374843,-0.03890249741
4312,4895,5478,"D. 47, UL. ANTONOVA       PENZA G     ","улица Антонова, 47, Пенза, Россия, 440072",53.184467,45.054635,-0.0197245717
4313,4902,5478,"D. 56A, UL. KOLI MYAGOTIN KURGAN G    ","улица Коли Мяготина, 56А, Курган, Россия, 640004",55.435886,65.315085,-0.09654579892
4314,4914,5478,"D. 64, UL. NEKRASOVA      USSURIYSK G ","улица Некрасова, 64, Уссурийск, Приморский край, Россия, 692519",43.795614,131.95293,-0.07337526021
4315,4920,5478,"D. 12, UL. 1 UDARNOI ARMI SERGIEV POSA","улица 1-й Ударной Армии, 12, Сергиев Посад, Московская область, Россия, 141310",56.316129,38.132532,-0.06431788777
4316,4922,5478,"D. 111, UL. KALARASH      SOCHI G     ",,,,-0.05576326726
4317,4923,5478,"D. 2A, UL. KERAMICHESKAYA ULAN-UDE G  ","Керамическая улица, 2А, микрорайон Стеклозавод, Улан-Удэ, Республика Бурятия, Россия",51.863388,107.542021,0.007746490387
4318,4924,5478,"D. 74A, UL. DZERZHINSKOGO YAKUTSK G   ","улица Дзержинского, 74А, Якутск, Республика Саха (Якутия), Россия, 677009",62.062904,129.742257,0.03636511769
4319,4926,5478,"D. 1A, MKR. PTICEFABRIKA  YAKUTSK G   ","микрорайон Птицефабрика, 1А, Якутск, Республика Саха (Якутия), Россия",62.00176,129.616412,-0.008105745353
4320,4927,5478,"D. 74, PR-KT BAKLANOVSKII NOVOCHERKASS","Баклановский проспект, 74, Новочеркасск, Ростовская область, Россия, 346400",47.422205,40.07989,-0.1183898582
4321,4939,5478,"D. 9, UL. DEKABRISTOV     NOGINSK G   ","улица Декабристов, 9, Ногинск, Богородский городской округ, Московская область, Россия, 142400",55.864803,38.439639,0.0351531606
4322,4944,5478,"D. 27, UL. DUKOVSKAYA     IVANOVO G   ","Дюковская улица, 27, Иваново, Россия, 153023",57.035329,40.922959,-0.03378723981
4323,4950,5478,"D. 12, UL. KIROVA         YAKUTSK G   ","улица Кирова, 12, Якутск, Республика Саха (Якутия), Россия",62.025879,129.734487,0.03613331256
4324,4954,5478,"D. 8, PR-KT SLAVY         KOPEYSK G   ","проспект Славы, 8, Копейск, Челябинская область, Россия, 456625",55.112968,61.611241,-0.03724326345
4325,4973,5478,"D. 2, UL. MENZHINSKOGO    ROSTOV-NA-DO","улица Менжинского, 2, Ростов-на-Дону, Россия, 344029",47.254137,39.762722,-0.01906022042
4326,4974,5478,"D. 46, UL. SEVERNAYA      SOLIKAMSK G ","Северная улица, 46, Соликамск, Соликамский городской округ, Пермский край, Россия, 618547",59.701582,56.707922,-0.03442523048
4327,4987,5478,"D. 69, UL. SOVETSKAYA     BRONNITSY G ","Советская улица, 67, Бронницы, Московская область, Россия, 140170",55.425292,38.267306,0.07152588011
4328,4989,5478,"32 A, UL. TOLSTOGO        VLADIVOSTOK ","улица Толстого, 32А, Владивосток, Приморский край, Россия, 690014",43.121116,131.912434,-0.08053881616
4329,4990,5478,"D. 36, UL. DNEPROVSKAYA   VLADIVOSTOK ","Днепровская улица, 36, Владивосток, Приморский край, Россия, 690062",43.145367,131.913611,-0.01739552485
4330,4995,5478,"D. 23, UL. CHERKASSKAYA   CHELYABINSK ","Черкасская улица, 23, Челябинск, Россия, 454052",55.227884,61.377293,-0.02929273152
4331,5010,5478,"D. 10, UL. KRASNYH ZOR'   IVANOVO G   ","улица Красных Зорь, 10, Иваново, Россия, 153003",57.002221,40.953358,-0.01025571615
4332,5012,5478,"D. 13, UL. GASTELLO       ULAN-UDE G  ","улица Гастелло, 13, Улан-Удэ, Республика Бурятия, Россия, 670009",51.863422,107.728107,0.03911981518
4333,5030,5478,"D. 9, UL. DZERZHINSKOGO   SEMILUKI G  ","улица Дзержинского, 9, Семилуки, Воронежская область, Россия, 396900",51.693547,39.020516,-0.0925192033
4334,5038,5478,"D. 19, UL. KIROVA         STARAYA KUPA","улица Кирова, 19, Старая Купавна, Богородский городской округ, Московская область, Россия, 142450",55.80274,38.182199,0.05026335235
4335,5055,5478,"D. 53, UL. KARLA MARKSA   ARMAVIR G   ","улица Карла Маркса, 53, Армавир, Краснодарский край, Россия, 352900",44.999446,41.12579,-0.09600063099
4336,5058,5478,"D. 22A, B-R OREHOVYI      MOSKVA G    ","Ореховый бульвар, 22А, Москва, Россия, 115573",55.612045,37.732718,-0.02349699642
4337,5059,5478,"D. 4, UL. SPASSKAYA B.    MOSKVA G    ","Спасская улица, Кремль, Москва, Россия",55.751579,37.620186,-0.117063827
4338,5061,5478,"D. 9, STR. 14, UL. POLUSH YAROSLAVL G ","14-я улица, 9, СНТ Звезда, рабочий посёлок имени Воровского, Богородский городской округ, Московская область, Россия",55.731906,38.274816,-0.04457546581
4339,5063,5478,"D. 77, UL. TATISHEVA      EKATERINBURG","улица Татищева, 77, Екатеринбург, Свердловская область, Россия, 620131",56.835269,60.548912,-0.008027796455
4340,5077,5478,"D. 83, UL. RYLEEVA        TAMBOV G    ","улица Рылеева, 83, Тамбов, Россия, 392027",52.771268,41.414535,0.01472290747
4341,5103,5478,"D. 9, UL. PIONERSKAYA     TAMBOV G    ","Пионерская улица, 9, Тамбов, Россия, 392012",52.702855,41.469638,-0.1432992995
4342,5106,5478,"D. 56, UL. BOL'SHAYA POKR NIZHNIY NOVG","Белая улица, Краснобаковский район, Нижегородская область, Россия",57.16143,45.094502,-0.02864398081
4343,5107,5478,"D. 7, UL. TKACHEI         KOSTROMA G  ","улица Ткачей, 7, Кострома, Россия, 156002",57.786687,40.918773,0.0002992711101
4344,5121,5478,"D. 122, UL. SKLIZKOVA     TVER G      ","улица Склизкова, 122, Тверь, Россия, 170028",56.829483,35.946463,-0.1327198316
4345,5134,5478,"D. 12, B-R TATISHEVA      TOLYATTI G  ","бульвар Татищева, 12, 19-й квартал, Тольятти, Самарская область, Россия",53.547622,49.339203,-0.04721720074
4346,5137,5478,"D. 5, UL. ZNAMENSKAYA     KRASNOGORSK ","Знаменская улица, 5, квартал Коммунальный, Красногорск, Московская область, Россия",55.818882,37.346739,-0.03348248853
4347,5148,5478,"D. 54, MKR. PERVOMAISKII  IRKUTSK G   ",,,,-0.0387065917
4348,5175,5478,"D. 21 B, UL. SVOBODY      KOTOVSK G   ","улица Свободы, 21Б, Котовск, Тамбовская область, Россия, 393191",52.587789,41.503487,-0.005521477612
4349,5186,5478,"D. 89, PR-KT KURORTNYI    SOCHI G     ","Курортный проспект, 89, Сочи, Краснодарский край, Россия",43.562666,39.756605,-0.1156168079
4350,5187,5478,"D. 6, LIT. B, PL. LENINA  SANKT-PETERB","площадь Ленина, 6, Санкт-Петербург, Россия",59.955728,30.356526,-0.02186066571
4351,5189,5478,"D. 115, LIT. A, PR-KT MET SANKT-PETERB","Московский проспект, 115, Санкт-Петербург, Россия, 196084",59.888392,30.318662,-0.07153498492
4352,5193,5478,"D. 52, UL. KLUBNAYA       IZHEVSK G   ","Клубная улица, 52, Ижевск, Удмуртская Республика, Россия, 426006",56.8313,53.135556,-0.1143158692
4353,5198,5478,"D. 22, UL. MAKEEVA        MIASS G     ","проспект Макеева, 22, Миасс, Челябинская область, Россия, 456320",55.153277,60.155207,-0.1005799822
4354,5208,5478,"D. 2/13, UL. FEDOROVSKII  VELIKIY NOVG","улица Фёдоровский Ручей, 2/13, Великий Новгород, Новгородская область, Россия",58.523552,31.286857,-0.09586522607
4355,5216,5478,"D. 1, UL. LUGOVAYA        SHEBEKINO G ","Луговая улица, 1, Шебекино, Белгородская область, Россия, 309296",50.412726,36.887979,-0.07023296196
4356,5220,5478,"D. 19, UL. SOVETSKAYA     VOLKHOV G   ","Советская улица, 19, Волхов, Ленинградская область, Россия, 187401",59.928027,32.303804,-0.1163909726
4357,5230,5478,"D. 15, UL. ORLIKOVOI      MURMANSK G  ","улица Капитана Орликовой, 15, Мурманск, Россия, 183074",68.945483,33.091375,-0.03188366655
4358,5234,5478,"D. 42, UL. 2-YA MICHURINA BRYANSK G   ","2-я улица Мичурина, 42, Брянск, Россия, 241047",53.256702,34.44033,0.008119137287
4359,5245,5478,UL. KIEVSKOE SHOSSE 46 KM APRELEVKA G,"Киевское шоссе, 46-й километр, Московская область, Россия",55.538371,37.078053,0.03818447091
4360,5246,5478,"D. 12V, UL. INICIATIVNAYA LYUBERTSY G ","Инициативная улица, 12, Люберцы, Московская область, Россия, 140015",55.682666,37.899059,-0.06499455913
4361,5255,5478,"D. 17, UL. LENINA         CHITA G     ","улица Ленина, 17, Чита, Забайкальский край, Россия, 672039",52.024964,113.521827,-0.01406445328
4362,5261,5478,"D. 24, UL. SVETLOYARSKAYA NIZHNIY NOVG","Светлоярская улица, 24, Нижний Новгород, Россия, 603096",56.354128,43.83263,-0.08725673771
4363,5262,5478,"D. 11, KORP. A, UL. D'YAK NIZHNIY NOVG","улица Минина, 11А, Нижний Новгород, Россия",56.327431,44.018617,0.03374545605
4364,5272,5478,"D. 6, STR. 9, UL. KARLA M KLIN G      ","улица Карла Маркса, 1, Клин, Московская область, Россия, 141607",56.333874,36.71155,-0.08618526158
4365,5285,5478,"D. 3, MKR. UNOST'         STARYY OSKOL","микрорайон Юность, 3, Старый Оскол, Белгородская область, Россия",51.291271,37.815058,-0.1267351821
4366,5289,5478,"D. 30, UL. ARTEMA         MUROM G     ","улица Артёма, 30, Муром, Владимирская область, Россия, 602265",55.568354,42.046644,-0.01215387177
4367,5294,5478,"D. 52, UL. SOVETSKAYA     KRASNOE-NA-V","Советская улица, 52, поселок городского типа Красное-на-Волге, Красносельский район, Костромская область, Россия, 157940",57.516084,41.23401,-0.0202636304
4368,5297,5478,"D. 45A, UL. TRAKTORNAYA   VLADIMIR G  ","Тракторная улица, 45А, Владимир, Россия, 600005",56.150484,40.388102,0.04104466482
4369,5300,5478,"D. 20/2, UL. RADISHEVA    BIYSK G     ","улица Александра Радищева, 20/2, Бийск, Алтайский край, Россия",52.486014,85.14835,-0.118855053
4370,5312,5478,"D. 472, UL. LENINA        STAVROPOL G ","улица Ленина, 472, Ставрополь, Россия, 355029",45.037228,41.917421,-0.0816361927
4371,5316,5478,"D. 41, UL. CIOLKOVSKOGO   NOVOKUZNETSK","улица Циолковского, 41, Новокузнецк, Кемеровская область, Россия, 654041",53.748933,87.135828,-0.05704504034
4372,5319,5478,"D. 28-30, UL. VODNIKOV    SAMARA G    ","улица Водников, 28/30, Самара, Россия, 443099",53.181288,50.076388,-0.107033594
4373,5321,5478,"D. 78A, UL. SHEVCHENKO    SMOLENSK G  ","улица Шевченко, 78А, Смоленск, Россия, 214020",54.775973,32.078183,0.01310756789
4374,5334,5478,"D. 91, UL. LUGOVAYA       VLADIVOSTOK ","Луговая улица, 91, Владивосток, Приморский край, Россия, 690087",43.131322,131.942249,-0.002658892219
4375,5339,5478,"D. 6, UL. MEDIKOV         ASTRAKHAN G ","улица Медиков, 6, Астрахань, Россия, 414011",46.352603,48.091309,-0.1151795408
4376,5344,5478,"D. 23, KORP. A, UL. KIROV TULA G      ","улица Кирова, 23А, Тула, Россия, 300001",54.200507,37.646417,0.004532086864
4377,5365,5478,"D. 2, PL. SOLYANAYA       TOMSK G     ","Соляная площадь, 2, Томск, Россия, 634003",56.496359,84.959102,-0.001460783919
4378,5369,5478,"19, UL. HLEBOZAVODSKAYA   NOVOKUZNETSK","Хлебозаводская улица, 19, Новокузнецк, Кемеровская область, Россия, 654006",53.775994,87.116415,-0.06897166316
4379,5395,5478,"D. 88, UL. KOSMONAVTOV    POLYSAEVO G ","улица Космонавтов, 88, Полысаево, Кемеровская область, Россия, 652560",54.607946,86.277712,-0.002611237152
4380,5398,5478,"D. 14, PER. 1905 GODA     TOMSK G     ","переулок 1905 года, 14, Томск, Россия, 634009",56.494227,84.949311,-0.0155890497
4381,5408,5478,"D. 1, PL. KRUKOVSKAYA     ZELENOGRAD G","Крюковская площадь, 1, Зеленоградский административный округ, Москва, Россия",55.982678,37.174811,0.008353233628
4382,5417,5478,"D. 19, PR-KT TEKSTIL'SHIK LENINSK-KUZN","проспект Текстильщиков, 19, Ленинск-Кузнецкий, Кемеровская область, Россия, 652523",54.698993,86.21351,0.008235299175
4383,5420,5478,"D. 98, UL. BOLDINA        TULA G      ","улица Болдина, 98, Тула, Россия, 300028",54.172847,37.573321,-0.08187684497
4384,5422,5478,"D. 2B, PR-KT STROITELEI   PENZA G     ","проспект Строителей, 2, Пенза, Россия, 440066",53.217721,44.945957,-0.03299047842
4385,5432,5478,"D. 14A, UL. KONEVA        VOLOGDA G   ","улица Маршала Конева, 14А, Вологда, Россия",59.189647,39.901512,-0.05405922282
4386,5449,5478,"D. 10, B-R FILEVSKII      MOSKVA G    ","Большая Филёвская улица, 10, Москва, Россия, 121309",55.750844,37.506442,-0.004910026067
4387,5455,5478,"D. 7/1, UL. LARINA        PETROPAVLOVS","улица Ларина, 7/1, Петропавловск-Камчатский, Камчатский край, Россия, 683002",53.072638,158.647501,0.0732691868
4388,5456,5478,"D. 36, UL. MERZLOTNAYA    YAKUTSK G   ","Мерзлотная улица, 36, Якутск, Республика Саха (Якутия), Россия, 677010",62.011215,129.662181,-0.06179728909
4389,5470,5478,"D. 16, UL. GAGARINA       CHEKHOV G   ","улица Гагарина, 16, Чехов, Московская область, Россия, 142304",55.168717,37.42677,-0.03465200996
4390,5472,5478,"D. 3A, UL. GAGARINA       SHCHELKOVO G","улица Гагарина, 3А, микрорайон Щёлково-3, Щёлково, Московская область, Россия, 141103",55.905825,38.064197,-0.02732185866
4391,5479,5478,"D. 71, UL. KIEVSKAYA      KALININGRAD ","Киевская улица, 71, Калининград, Россия, 236005",54.681571,20.482496,-0.0616802506
4392,5480,5478,"D. 40, KORP. 7, UL. NAGAE MAGADAN G   ","улица Гагарина, 40, Магадан, Россия, 685000",59.552567,150.810769,-0.1450012315
4393,5482,5478,"STR. 7A, MKR. 8A          NEFTEYUGANSK","улица 7А, СНТ Ветераны Столицы, городской округ Чехов, Московская область, Россия",55.20487,37.55823,-0.06195375069
4394,5486,5478,"D. 31, UL. KARLA LIBKNEHT REVDA G     ","улица Карла Либкнехта, 31, Ревда, Свердловская область, Россия, 623281",56.803026,59.92884,-0.1444323
4395,5504,5478,"D. 2A, UL. SOVETSKOI KONS NOGINSK G   ","улица Советской Конституции, 2А, Ногинск, Богородский городской округ, Московская область, Россия, 142403",55.877329,38.463121,0.004315253731
4396,5510,5478,"D. 14, UL. BABICHA        YAROSLAVL G ","улица Бабича, 14, Ярославль, Россия, 150064",57.701651,39.77061,-0.0666056581
4397,5514,5478,"D. 5, UL. BUTYRSKII VAL   MOSKVA G    ","улица Бутырский Вал, 5, Москва, Россия, 125047",55.778558,37.584568,-0.04813442981
4398,5518,5478,"D. 15/1, UL. OREHOVSKAYA  NIZHNIY NOVG","Ореховская улица, 15к1, Нижний Новгород, Россия, 603069",56.212394,43.820296,-0.0203551934
4399,5522,5478,"D. 100, UL. VOLZHSKAYA    BALAKOVO G  ","Волжская улица, 100, Балаково, Саратовская область, Россия",52.010858,47.796985,-0.01501963858
4400,5524,5478,"D. 16A, UL. STREL'NIKOVA  KHABAROVSK G","улица Стрельникова, 16А, микрорайон Северный, Хабаровск, Россия, 680054",48.536088,135.036793,0.01396619609
4401,5527,5478,"D. 289B, UL. PUSHKINSKAYA IZHEVSK G   ","Пушкинская улица, 289, Ижевск, Удмуртская Республика, Россия, 426011",56.870302,53.20716,-0.104828028
4402,5540,5478,"D. 33/5, UL. KIRPICHNAYA  MOSKVA G    ","Кирпичная улица, 33, Москва, Россия, 105187",55.77873,37.733221,-0.1104579885
4403,5541,5478,"D. 11, UL. LENINGRADSKAYA KIROV G     ","Ленинградская улица, 11, Киров, Россия, 610047",58.6337,49.617115,-0.09283011889
4404,5544,5478,"D. 23/1, UL. MICHURINA    NOVOSIBIRSK ","улица Мичурина, 23/1, Новосибирск, Россия, 630091",55.042055,82.92051,-0.0542008039
4405,5548,5478,"D. 7, PL. 40 LET STALINGR GORODISHCHE ","деревня Городище, 7, Черногубовское сельское поселение, Калининский район, Тверская область, Россия",56.941419,35.850209,-0.06142368804
4406,5550,5478,"D. 1 M, UL. NEDOREZOVA    CHITA G     ","улица Недорезова, 1М, Чита, Забайкальский край, Россия, 672014",52.034206,113.472986,0.04350626086
4407,5551,5478,"D. 21, SH. IGNAT'EVSKOE   BLAGOVESHCHE","Игнатьевское шоссе, 21, Благовещенск, Амурская область, Россия",50.298461,127.510285,-0.008181021019
4408,5556,5478,"D. 18A, B-R KIEVSKII      ULYANOVSK G ","Киевский бульвар, 18А, Ульяновск, Россия, 432072",54.379236,48.603016,-0.07247575356
4409,5558,5478,"D. 3D, UL. MIRA           SERGIEV POSA","улица Мира, 3Д, Сергиев Посад, Московская область, Россия",56.29989,38.179945,-0.07865884989
4410,5572,5478,"D. 53, LIT. A, UL. KIROVA SLANTSY G   ","улица Кирова, 53А, Сланцы, Сланцевское городское поселение, Ленинградская область, Россия, 188560",59.111905,28.08686,-0.05264452666
4411,5580,5478,D. 27A                    BELORECHENSK,,,,-0.112258502
4412,5582,5478,"D. 49, UL. KRASNAYA PRESN TYNDA G     ","улица Красная Пресня, 49, Тында, Амурская область, Россия, 676282",55.152444,124.74554,0.006547134843
4413,5584,5478,"D. 80, UL. TRILISSERA     IRKUTSK G   ","улица Трилиссера, 80, Иркутск, Россия, 664023",52.275654,104.323393,-0.01570174874
4414,5594,5478,"D. 20, UL. MIRA           ALEXIN G    ","улица Мира, 20, Алексин, Тульская область, Россия, 301361",54.503474,37.066222,-0.06143920136
4415,5595,5478,"D. 18, UL. TUL'SKOE SHOSS EFREMOV G   ","Тульское шоссе, 18, Ефремов, Тульская область, Россия",53.149599,38.077411,0.01412096597
4416,5603,5478,"D. 13, UL. POGRANICHNAYA  PETROPAVLOVS","Пограничная улица, 11, Светогорское городское поселение, Выборгский район, Ленинградская область, Россия",61.11613,28.857588,0.01650371363
4417,5620,5478,"D. 179, PR-KT LENINA      RYBINSK G   ","проспект Ленина, 179, Рыбинск, Ярославская область, Россия, 152907",58.056041,38.797941,-0.03493105085
4418,5632,5478,"D. 10A, UL. KRUPSKOI      SERPUKHOV G ","улица Крупской, 10А, Серпухов, Московская область, Россия, 142203",54.922938,37.429402,-0.001040697628
4419,5633,5478,"D. 10A, UL. KRUPSKOI      SERPUKHOV G ","улица Крупской, 10А, Серпухов, Московская область, Россия, 142203",54.922938,37.429402,0.02427416967
4420,5636,5478,"D. 14/2, UL. TUHACHEVSKOG STAVROPOL G ","улица Тухачевского, 14/2, Ставрополь, Россия, 355040",45.012427,41.918427,-0.03880696411
4421,5638,5478,"D. 139, UL. MEL'NIKAITE   TYUMEN G    ","улица Мельникайте, 139, Тюмень, Россия, 625007",57.115407,65.545422,-0.03945905596
4422,5639,5478,"D. 123, UL. KRASNOARMEISK BLAGOVESHCHE",,,,-0.04157164117
4423,5649,5478,"D. 16, PR-KT GAGARINA     PROKOPYEVSK ","проспект Гагарина, 16, Прокопьевск, Кемеровская область, Россия, 653033",53.872284,86.655166,-0.06150906853
4424,5650,5478,"D. 16, PR-KT GAGARINA     PROKOPYEVSK ","проспект Гагарина, 16, Прокопьевск, Кемеровская область, Россия, 653033",53.872284,86.655166,-0.1040134594
4425,5657,5478,"D. 80, UL. SOVETSKAYA     SYZRAN G    ","Советская улица, 80, Сызрань, Самарская область, Россия, 446001",53.153558,48.470443,0.003810203544
4426,5658,5478,"D. 80, UL. SOVETSKAYA     SYZRAN G    ","Советская улица, 80, Сызрань, Самарская область, Россия, 446001",53.153558,48.470443,-0.0009192125361
4427,5659,5478,"D. 80, UL. SOVETSKAYA     SYZRAN G    ","Советская улица, 80, Сызрань, Самарская область, Россия, 446001",53.153558,48.470443,0.009055286314
4428,5660,5478,"D. 80, UL. SOVETSKAYA     SYZRAN G    ","Советская улица, 80, Сызрань, Самарская область, Россия, 446001",53.153558,48.470443,-0.01792434408
4429,5675,5478,"D. 41, UL. SALMYSHSKAYA   ORENBURG G  ","Салмышская улица, 41, Оренбург, Россия",51.827217,55.163215,0.00244729802
4430,5696,5478,"D. 30, MKR. 3             KURGAN G    ","3-й микрорайон, 30, Курган, Россия",55.462676,65.266836,0.03275319638
4431,5703,5478,"D. 99A, UL. GAGARINA      SARANSK G   ","улица Гагарина, 99А, Саранск, Республика Мордовия, Россия, 430027",54.166132,45.149623,-0.09549093809
4432,5704,5478,"D. 6, UL. SOVETSKAYA      SAFONOVO G  ","Советская улица, 6, Сафоново, Смоленская область, Россия, 215500",55.10959,33.246613,-0.02694447871
4433,5710,5478,"D. 12B, UL. POBEDY        SEVERSK G   ","улица Победы, 12А, Северск, Томская область, Россия, 636019",56.577967,84.918094,-0.05286120488
4434,5724,5478,"D. 2, PR-KT TVERSKOI      TVER G      ","Тверской проспект, 2, Тверь, Россия, 170100",56.853031,35.907665,-0.03447605427
4435,5731,5478,"D. 56, UL. LENINA         CHEREPOVETS ","улица Ленина, 56, Череповец, Вологодская область, Россия, 162602",59.125018,37.926629,-0.06807397069
4436,5782,5478,"D. 2, UL. BUTINA          CHITA G     ","улица Бутина, 2, Чита, Забайкальский край, Россия, 672000",52.028372,113.495084,-0.05899924651
4437,5783,5478,"D. 2, UL. BUTINA          CHITA G     ","улица Бутина, 2, Чита, Забайкальский край, Россия, 672000",52.028372,113.495084,-0.05558963836
4438,5786,5478,"D. 48, UL. AGIBALOVA      SAMARA G    ","улица Агибалова, 48, Самара, Россия, 443041",53.190413,50.119992,-0.05111431867
4439,5787,5478,"D. 48, UL. AGIBALOVA      SAMARA G    ","улица Агибалова, 48, Самара, Россия, 443041",53.190413,50.119992,-0.004000952462
4440,5788,5478,"D. 48, UL. AGIBALOVA      SAMARA G    ","улица Агибалова, 48, Самара, Россия, 443041",53.190413,50.119992,-0.02267240451
4441,5800,5478,"D. 1, UL. PUZAKOVA        TULA G      ","улица Пузакова, 1, Тула, Россия, 300062",54.218437,37.623555,0.002065988455
4442,5815,5478,"D. 62, UL. 8 MARTA        EKATERINBURG","улица 8 Марта, 62, Екатеринбург, Свердловская область, Россия, 620144",56.825754,60.602721,-0.1044191511
4443,5822,5478,"D. 86, LIT. A, UL. BELINS EKATERINBURG","Екатеринбург, 89, Свердловская область, Россия",56.964843,60.480271,-0.01634720046
4444,5823,5478,"D. 86, LIT. A, UL. BELINS EKATERINBURG","Екатеринбург, 89, Свердловская область, Россия",56.964843,60.480271,-0.01940171807
4445,5824,5478,"D. 86, LIT. A, UL. BELINS EKATERINBURG","Екатеринбург, 89, Свердловская область, Россия",56.964843,60.480271,-0.05321772543
4446,5825,5478,"D. 86, LIT. A, UL. BELINS EKATERINBURG","Екатеринбург, 89, Свердловская область, Россия",56.964843,60.480271,-0.09281594602
4447,5827,5478,"D. 16, LIT. A, SH. MOSKOV SHUSHARY P  ","деревня Шушары, Высокогорский район, Республика Татарстан, Россия",55.960588,49.273752,-0.04625785363
4448,5845,5478,"D. 26, UL. KONOVALOVA     ISILKUL G   ","улица Коновалова, 26, Исилькуль, Омская область, Россия, 646024",54.910187,71.261384,-0.03708264079
4449,5846,5478,"D. 123, UL. KRASNOARMEISK BLAGOVESHCHE",,,,-0.04005763322
4450,5860,5478,"D. 22, UL. VESENNYAYA     KEMEROVO G  ","Весенняя улица, 22, Кемерово, Россия, 650000",55.351503,86.079472,-0.01209669092
4451,5867,5478,"D. 14, UL. TARSKAYA       OMSK G      ","Тарская улица, 14, Омск, Россия, 644043",54.991573,73.368859,-0.1023534558
4452,5868,5478,"D. 14, UL. TARSKAYA       OMSK G      ","Тарская улица, 14, Омск, Россия, 644043",54.991573,73.368859,-0.03956089058
4453,5869,5478,"D. 14, UL. TARSKAYA       OMSK G      ","Тарская улица, 14, Омск, Россия, 644043",54.991573,73.368859,-0.09519343253
4454,5870,5478,"D. 14, UL. TARSKAYA       OMSK G      ","Тарская улица, 14, Омск, Россия, 644043",54.991573,73.368859,-0.07261017379
4455,5871,5478,"D. 14, UL. TARSKAYA       OMSK G      ","Тарская улица, 14, Омск, Россия, 644043",54.991573,73.368859,-0.08063966694
4456,5880,5478,"D. 18, UL. MURAV'EVA-AMUR KHABAROVSK G","урочище Улья, Охотский район, Хабаровский край, Россия",60.288445,142.106417,0.005615759278
4457,5881,5478,"D. 18, UL. MURAV'EVA-AMUR KHABAROVSK G","урочище Улья, Охотский район, Хабаровский край, Россия",60.288445,142.106417,0.008225119896
4458,5882,5478,"D. 18, UL. MURAV'EVA-AMUR KHABAROVSK G","урочище Улья, Охотский район, Хабаровский край, Россия",60.288445,142.106417,0.007093074644
4459,5883,5478,"D. 18, UL. MURAV'EVA-AMUR KHABAROVSK G","урочище Улья, Охотский район, Хабаровский край, Россия",60.288445,142.106417,0.01573385548
4460,5889,5478,"D. 36B, UL. MIRA          VOLZHSKIY G ","улица Мира, 36, Волжский, Волгоградская область, Россия, 404127",48.776112,44.797366,-0.0001818352826
4461,5924,5478,"D. 15A, UL. ESENINA       YUZHNO-SAKHA","улица Есенина, 15А, Южно-Сахалинск, Сахалинская область, Россия, 693013",46.930307,142.747428,0.08032302047
4462,5965,5478,"D. 27, UL. KIROVA         ACHINSK G   ","улица Кирова, 27, Ачинск, Красноярский край, Россия, 662156",56.302003,90.515649,-0.01222619007
4463,5972,5478,"D. 6/24, UL. VOROSHILOVA  KRASNYY SULI","улица Ворошилова, 6, Красный Сулин, Ростовская область, Россия",47.894769,40.057549,0.003592562964
4464,6002,5478,"D. 33, UL. IM OSTROVSKOGO KINESHMA G  ","улица имени Островского, 33, Кинешма, Ивановская область, Россия, 155800",57.441677,42.144578,0.01330739924
4465,6004,5478,"D. 171/3, UL. RESPUBLIKI  TYUMEN G    ","улица Республики, 171/2, Тюмень, Россия, 625023",57.132166,65.582819,-0.03186607702
4466,6009,5478,"D. 171/3, UL. RESPUBLIKI  TYUMEN G    ","улица Республики, 171/2, Тюмень, Россия, 625023",57.132166,65.582819,-0.02232348896
4467,6010,5478,"D. 171/3, UL. RESPUBLIKI  TYUMEN G    ","улица Республики, 171/2, Тюмень, Россия, 625023",57.132166,65.582819,-0.03324718822
4468,6011,5478,"D. 171/3, UL. RESPUBLIKI  TYUMEN G    ","улица Республики, 171/2, Тюмень, Россия, 625023",57.132166,65.582819,-0.05375043132
4469,6027,5478,"D. 12, UL. PROFSOUZNAYA   MOSKVA G    ","Профсоюзная улица, 12, Москва, Россия, 117292",55.685432,37.570123,-0.04213085415
4470,6032,5478,"D. 2B, UL. SOVETSKAYA     SHCHEKINO G ","Советская улица, 2А, Щёкино, Тульская область, Россия, 301245",54.014898,37.514886,-0.07300584074
4471,6035,5478,"D. 141, UL. KUKONKOVYH    IVANOVO G   ","улица Куконковых, 141, Иваново, Россия, 153013",56.966276,41.024792,0.0305909629
4472,6036,5478,"D. 93, PR-KT POBEDY       CHEREPOVETS ","проспект Победы, 93, Череповец, Вологодская область, Россия, 162605",59.126926,37.960864,-0.03214822493
4473,6039,5478,"D. 68, MKR. UZHNYI        VENEV G     ","Южный микрорайон, 68, город Венёв, Тульская область, Россия",54.344297,38.255664,-0.01958893771
4474,6049,5478,"D. 2, UL. ZASTAVNAYA      TOLYATTI G  ","Заставная улица, 2, Тольятти, Самарская область, Россия, 445043",53.550463,49.26299,-0.06116838325
4475,6057,5478,"D. 1, KORP. A, PR-KT MIRA KOSTROMA G  ","проспект Мира, 1А, Кострома, Россия, 156000",57.76895,40.928592,0.02166350188
4476,6060,5478,"D. 42, UL. 2-YA MICHURINA BRYANSK G   ","2-я улица Мичурина, 42, Брянск, Россия, 241047",53.256702,34.44033,-0.02789718
4477,6086,5478,"D. 43, UL. 10 LET OKTYABR OMSK G      ",,,,-0.05310522402
4478,6103,5478,"D. 74, PR-KT SHAHTEROV    KEMEROVO G  ","проспект Шахтёров, 74, Кемерово, Россия, 650061",55.407913,86.126211,-0.06275909982
4479,6111,5478,"D. 165, UL. LUBLINSKAYA   MOSKVA G    ","Люблинская улица, 165, Москва, Россия, 109652",55.650505,37.745924,-0.03015347816
4480,6122,5478,"D. 454/1, UL. VOIKOVA     MIKHAYLOVSK ","улица Войкова, 454/1, Михайловск, Шпаковский район, Ставропольский край, Россия",45.128872,42.035253,0.003745894397
4481,6133,5478,"D. 23A, UL. KRASNOZNAMENN KRASNOZNAMEN",,,,0.006292081497
4482,6220,5478,"D. 25-A, UL. LENINA       KRASNOGORSK ","улица Ленина, 25А, Красногорск, Московская область, Россия, 143404",55.827135,37.312019,0.001343710071
4483,6222,5478,"D. 25-A, UL. LENINA       KRASNOGORSK ","улица Ленина, 25А, Красногорск, Московская область, Россия, 143404",55.827135,37.312019,0.005233319314
4484,6224,5478,"D. 25-A, UL. LENINA       KRASNOGORSK ","улица Ленина, 25А, Красногорск, Московская область, Россия, 143404",55.827135,37.312019,-0.03497303623
4485,6226,5478,"D. 25-A, UL. LENINA       KRASNOGORSK ","улица Ленина, 25А, Красногорск, Московская область, Россия, 143404",55.827135,37.312019,-0.01504191394
4486,6234,5478,"D. 30, UL. YABLOCHKOVA    ASTRAKHAN G ","улица Яблочкова, 30, Астрахань, Россия, 414052",46.3672,48.07142,-0.01598942972
4487,6235,5478,"D. 30, UL. YABLOCHKOVA    ASTRAKHAN G ","улица Яблочкова, 30, Астрахань, Россия, 414052",46.3672,48.07142,-0.05963231079
4488,6236,5478,"D. 30, UL. YABLOCHKOVA    ASTRAKHAN G ","улица Яблочкова, 30, Астрахань, Россия, 414052",46.3672,48.07142,-0.003391723937
4489,6247,5478,"D. 119, UL. LEZHNEVSKAYA  IVANOVO G   ","Лежневская улица, 119, Иваново, Россия, 153035",56.974126,40.975367,-0.002711614393
4490,6248,5478,"D. 119, UL. LEZHNEVSKAYA  IVANOVO G   ","Лежневская улица, 119, Иваново, Россия, 153035",56.974126,40.975367,0.02642535344
4491,6249,5478,"D. 119, UL. LEZHNEVSKAYA  IVANOVO G   ","Лежневская улица, 119, Иваново, Россия, 153035",56.974126,40.975367,0.007719770439
4492,6250,5478,"D. 21, UL. PRAVDY         UFA G       ","улица Правды, 21, Уфа, Республика Башкортостан, Россия, 450095",54.701964,55.828696,0.02654293418
4493,6251,5478,"D. 21, UL. PRAVDY         UFA G       ","улица Правды, 21, Уфа, Республика Башкортостан, Россия, 450095",54.701964,55.828696,0.03220493914
4494,6252,5478,"D. 21, UL. PRAVDY         UFA G       ","улица Правды, 21, Уфа, Республика Башкортостан, Россия, 450095",54.701964,55.828696,0.05597483602
4495,6253,5478,"D. 72, PR-KT OKTYABRYA    UFA G       ","проспект Октября, 72, Уфа, Республика Башкортостан, Россия, 450054",54.761358,56.013345,-0.02116510202
4496,6254,5478,"D. 72, PR-KT OKTYABRYA    UFA G       ","проспект Октября, 72, Уфа, Республика Башкортостан, Россия, 450054",54.761358,56.013345,-0.06629815919
4497,6255,5478,"D. 72, PR-KT OKTYABRYA    UFA G       ","проспект Октября, 72, Уфа, Республика Башкортостан, Россия, 450054",54.761358,56.013345,-0.0784110888
4498,6256,5478,"D. 72, PR-KT OKTYABRYA    UFA G       ","проспект Октября, 72, Уфа, Республика Башкортостан, Россия, 450054",54.761358,56.013345,-0.03309841257
4499,6267,5478,"D. 229A, UL. KOMSOMOL'SKA ORYEL G     ","Комсомольская улица, 229А, Орёл, Россия",52.941027,36.05038,-0.08137389088
4500,6268,5478,"D. 229A, UL. KOMSOMOL'SKA ORYEL G     ","Комсомольская улица, 229А, Орёл, Россия",52.941027,36.05038,-0.06363371007
4501,6313,5478,"D. 38, UL. OPOLCHENSKAYA  VOLGOGRAD G ","Ополченская улица, 38, Волгоград, Россия, 400088",48.796704,44.58902,-0.06983038773
4502,6315,5478,"D. 2/1, PR-KT RYBAKOV     PETROPAVLOVS","проспект Рыбаков, 2/1, Петропавловск-Камчатский, Камчатский край, Россия, 683024",53.05485,158.638985,0.0237599836
4503,6317,5478,"D. 10, UL. KALININA       BIROBIJAN G ","улица Калинина, 10, Биробиджан, Еврейская автономная область, Россия, 679016",48.792888,132.934501,-0.05632280212
4504,6331,5478,"D. 147, UL. SOVETSKAYA    SHAKHTY G   ","Майская улица, Шахты, Ростовская область, Россия",47.696242,40.10463,0.02969678549
4505,6332,5478,"D. 147, UL. SOVETSKAYA    SHAKHTY G   ","Майская улица, Шахты, Ростовская область, Россия",47.696242,40.10463,-0.002092371587
4506,6333,5478,"D. 147, UL. SOVETSKAYA    SHAKHTY G   ","Майская улица, Шахты, Ростовская область, Россия",47.696242,40.10463,0.01979796261
4507,6334,5478,"D. 147, UL. SOVETSKAYA    SHAKHTY G   ","Майская улица, Шахты, Ростовская область, Россия",47.696242,40.10463,0.004326226573
4508,6357,5478,"D. 2, B-R AMURSKII        KHABAROVSK G","Амурская улица, 3, Хабаровск, Россия",48.588851,135.064084,-0.02829386698
4509,6359,5478,"D. 1, UL. PUZAKOVA        TULA G      ","улица Пузакова, 1, Тула, Россия, 300062",54.218437,37.623555,-0.0576690825
4510,6361,5478,"D. 139, UL. KOMINTERNA    NIZHNIY NOVG","улица Коминтерна, 139, Нижний Новгород, Россия, 603003",56.353754,43.867233,0.03298405786
4511,6364,5478,"D. 45, PR-KT MIRA         UST-ILIMSK G","проспект Мира, 45, Усть-Илимск, Иркутская область, Россия",57.940211,102.733294,0.02901968669
4512,6366,5478,"D. 40, UL. LENINA         EFREMOV G   ","улица Ленина, 40, Ефремов, Тульская область, Россия, 301840",53.145073,38.105187,-0.01079563346
4513,6368,5478,"D. 142V, UL. RASKOL'NIKOV SARAPUL G   ",,,,-0.03376899556
4514,6395,5478,"D. 78, UL. MAKSIMA GOR'KO NOVOSIBIRSK ","улица Максима Горького, 78, Новосибирск, Россия, 630099",55.026979,82.92308,-0.05239613008
4515,6396,5478,"D. 78, UL. MAKSIMA GOR'KO NOVOSIBIRSK ","улица Максима Горького, 78, Новосибирск, Россия, 630099",55.026979,82.92308,-0.05635093729
4516,6397,5478,"D. 78, UL. MAKSIMA GOR'KO NOVOSIBIRSK ","улица Максима Горького, 78, Новосибирск, Россия, 630099",55.026979,82.92308,-0.05197396859
4517,6398,5478,"D. 78, UL. MAKSIMA GOR'KO NOVOSIBIRSK ","улица Максима Горького, 78, Новосибирск, Россия, 630099",55.026979,82.92308,-0.04253400066
4518,6402,5478,"D. 125A, UL. LOZHEVAYA    TULA G      ","Ложевая улица, 125А, Тула, Россия",54.203003,37.643686,-0.05355002751
4519,6405,5478,"D. 59, UL. GRABCEVSKOE SH KALUGA G    ","Грабцевское шоссе, 59, Калуга, Россия",54.540968,36.313389,0.01384753152
4520,6420,5478,"D. 139, UL. STARA ZAGORA  SAMARA G    ","улица Стара Загора, 139, Самара, Россия, 443087",53.23509,50.221969,0.01108326216
4521,6421,5478,"D. 139, UL. STARA ZAGORA  SAMARA G    ","улица Стара Загора, 139, Самара, Россия, 443087",53.23509,50.221969,0.04662989312
4522,6422,5478,"D. 139, UL. STARA ZAGORA  SAMARA G    ","улица Стара Загора, 139, Самара, Россия, 443087",53.23509,50.221969,0.03230120559
4523,6430,5478,"D. 23, UL. KRYGINA        VLADIVOSTOK ","улица Крыгина, 23, Владивосток, Приморский край, Россия, 690065",43.089305,131.860862,-0.03867150702
4524,6451,5478,"D. 21, VUCHETICHA         VOLGOGRAD G ","улица Вучетича, 21, Волгоград, Россия, 400082",48.521666,44.562439,-0.08472129215
4525,6477,5478,"D. 20, PR-KT LENINA       DIMITROVGRAD","проспект Ленина, 20, Димитровград, Ульяновская область, Россия, 433507",54.23078,49.554826,-0.04719949208
4526,6512,5478,"D. 4, UL. LOMONOSOVA      ZHUKOVSKIY G","улица Ломоносова, 4, Жуковский, Московская область, Россия, 140185",55.589992,38.123306,-0.0242208401
4527,6538,5478,"D. 4, UL. LOMONOSOVA      ZHUKOVSKIY G","улица Ломоносова, 4, Жуковский, Московская область, Россия, 140185",55.589992,38.123306,-0.001585998532
4528,6539,5478,"D. 4, UL. LOMONOSOVA      ZHUKOVSKIY G","улица Ломоносова, 4, Жуковский, Московская область, Россия, 140185",55.589992,38.123306,-0.003491068536
4529,6541,5478,"D. 26, KORP. 2, UL. BORIS MOSKVA G    ","улица Сосновый Бор, 26, микрорайон Никольско-Архангельский, Балашиха, Московская область, Россия, 143900",55.779312,37.913873,0.0090492744
4530,6544,5478,"D. 1, KORP. B, PL. POBEDY MOSKVA G    ","площадь Победы, 1, Москва, Россия, 121170",55.735008,37.520833,0.02647987508
4531,6547,5478,"5A, UL. BAUMANA           KIROV G     ","улица Баумана, 5А, микрорайон Коминтерновский, Киров, Россия, 610030",58.644159,49.722775,-0.02913812848
4532,6554,5478,"D. 2, LIT. A, UL. FUCHIKA SANKT-PETERB","улица Фучика, 2, Санкт-Петербург, Россия, 192102",59.876933,30.359374,-0.01364135442
4533,6574,5478,"D. 36/2, PR-KT BUMAZHNIKO SYKTYVKAR G ",,,,-0.05552034856
4534,6579,5478,"D. 15, UL. PUSHKINA       KARTALY G   ","улица Пушкина, 15, Карталы, Челябинская область, Россия, 457357",53.053248,60.642175,-0.1155948572
4535,6580,5478,"D. 145/1, UL. KRASNAYA    KRASNODAR G ","Красная улица, 145/1, микрорайон Центральный, Краснодар, Россия",45.047609,38.977712,0.01165827303
4536,6581,5478,"D. 145/1, UL. KRASNAYA    KRASNODAR G ","Красная улица, 145/1, микрорайон Центральный, Краснодар, Россия",45.047609,38.977712,0.02504637278
4537,6613,5478,"D. 8, PR-KT SLAVY         KOPEYSK G   ","проспект Славы, 8, Копейск, Челябинская область, Россия, 456625",55.112968,61.611241,-0.04716999103
4538,6614,5478,"D. 18, PR-KT REVOLUCII    VORONEZH G  ","проспект Революции, 18, Воронеж, Россия, 394036",51.67407,39.210681,-0.1335496583
4539,6615,5478,"D. 5, UL. KRASNAYA        RTISHCHEVO G","Красная улица, 5, Ртищево, Саратовская область, Россия, 412031",52.257196,43.786789,-0.02211890227
4540,6627,5478,"D. 30, UL. OB'EZDNAYA     BRYANSK G   ","Объездная улица, 30, Брянск, Россия, 241023",53.275467,34.315904,0.03170276201
4541,6658,5478,"67, UL. MOSKOVSKAYA       ORYEL G     ","Московская улица, 67, Орёл, Россия, 302030",52.974367,36.08926,-0.06078392701
4542,6660,5478,"D. 10, UL. DVORYANSKAYA   VLADIMIR G  ","Дворянская улица, 10, Владимир, Россия, 600025",56.125666,40.393465,-0.05687419862
4543,6669,5478,"D. 10, UL. YANA FABRICIUS PSKOV G     ","улица Яна Райниса, 10, Псков, Россия, 180002",57.800162,28.327528,0.006114282215
4544,6682,5478,"D. 38 B, UL. PRAVDY       PETROZAVODSK","улица Правды, 38Б, Петрозаводск, Республика Карелия, Россия, 185003",61.776381,34.390078,-0.02262451989
4545,6683,5478,"D. 2, UL. PRZHEVAL'SKOGO  NOVOKUZNETSK","улица ДОЗ, 2, Новокузнецк, Кемеровская область, Россия, 654005",53.784613,87.129495,0.004004863844
4546,6688,5478,"D. 2, B-R ENTUZIASTOV     MOSKVA G    ",,,,-0.001179537201
4547,6689,5478,"D. 2, B-R ENTUZIASTOV     MOSKVA G    ",,,,-0.01489888116
4548,6690,5478,"D. 2, B-R ENTUZIASTOV     MOSKVA G    ",,,,0.001951278704
4549,6691,5478,"D. 2, B-R ENTUZIASTOV     MOSKVA G    ",,,,-0.0268805153
4550,6692,5478,"D. 58/25, UL. MIRA        KLIN G      ","улица Мира, 58/25, Клин, Московская область, Россия",56.323098,36.72983,-0.05538895138
4551,6704,5478,"D. 1, UL. KRASNOOKTYABR'S KALININGRAD ",,,,-0.06182854383
4552,6705,5478,"D. 3, UL. HAR'KOVSKAYA    KURSK G     ","Харьковская улица, 3, Курск, Россия, 305018",51.674114,36.145359,-0.07465925598
4553,6708,5478,"D. 62/9, UL. GERCENA/KIRO RYBINSK G   ","улица Герцена, 62, Центральный микрорайон, Центральный район, Рыбинск, Ярославская область, Россия, 152934",58.050088,38.833604,-0.05096183876
4554,6711,5478,"D. 85, UL. DEKABR'SKIH SO IRKUTSK G   ","СО Лесопильщик, Тулунский район, Иркутская область, Россия",54.519636,100.644891,-0.06957581499
4555,6717,5478,"D. 135, UL. VOROVSKOGO    KIROV G     ","улица Воровского, 135, Киров, Россия",58.598578,49.605311,-0.002159433075
4556,6719,5478,"D. 17, UL. SHORSA         KIROV G     ","улица Щорса, 17, Ленинский район, Киров, Россия",58.578363,49.637435,-0.003221496207
4557,6742,5478,"D. 12, UL. PROFSOUZNAYA   MOSKVA G    ","Профсоюзная улица, 12, Москва, Россия, 117292",55.685432,37.570123,-0.02178453062
4558,6743,5478,"D. 18/78, UL. MOLOKOVA    SOCHI G     ","улица Молокова, 18/78, микрорайон Адлер, Сочи, Краснодарский край, Россия",43.430395,39.924958,0.03965146419
4559,6744,5478,"D. 35, UL. MYASNICKAYA    MOSKVA G    ","Мясницкая улица, 35, Москва, Россия, 101000",55.766035,37.638117,-0.06465512443
4560,6745,5478,"D. 35, UL. MYASNICKAYA    MOSKVA G    ","Мясницкая улица, 35, Москва, Россия, 101000",55.766035,37.638117,-0.02229787163
4561,6746,5478,"D. 35, UL. MYASNICKAYA    MOSKVA G    ","Мясницкая улица, 35, Москва, Россия, 101000",55.766035,37.638117,-0.04189578594
4562,6747,5478,"D. 12, UL. PROFSOUZNAYA   MOSKVA G    ","Профсоюзная улица, 12, Москва, Россия, 117292",55.685432,37.570123,-0.05313167308
4563,6767,5478,"D. 57A, UL. VASIL'EVA     BIYSK G     ","улица имени Героя Советского Союза Васильева, 57А, Бийск, Алтайский край, Россия",52.509529,85.147245,0.02134478674
4564,6768,5478,"D. 57A, UL. VASIL'EVA     BIYSK G     ","улица имени Героя Советского Союза Васильева, 57А, Бийск, Алтайский край, Россия",52.509529,85.147245,0.02831982779
4565,6769,5478,"D. 33, PR-KT MIRA         KOTLAS G    ","проспект Мира, 33, Котлас, Архангельская область, Россия, 165300",61.243575,46.642793,0.01563681806
4566,6783,5478,"D. 11, UL. BATUSHKOVA     VOLOGDA G   ","улица Батюшкова, 11, Вологда, Россия, 160001",59.219723,39.883752,-0.1103189809
4567,6799,5478,"D. 11, UL. BATUSHKOVA     VOLOGDA G   ","улица Батюшкова, 11, Вологда, Россия, 160001",59.219723,39.883752,-0.1324461353
4568,6817,5478,"D. 7, PR-KT LENINA        OKTYABRSKIY ","проспект Ленина, 7, Октябрьский, Республика Башкортостан, Россия, 452614",54.482662,53.470394,-0.04787669057
4569,6824,5478,"D. 57, UL. IM GOVOROVA    KRASNOYARSK ","улица Говорова, 57, микрорайон Энергетики, Ленинский район, Красноярск, Россия, 660013",55.996873,93.023449,0.04351556709
4570,6833,5478,"D. 26, TRAKT IRKUTSKII    TOMSK G     ","Иркутский тракт, 26, Томск, Россия, 634049",56.502832,85.006345,0.06579869123
4571,6834,5478,"D. 26, TRAKT IRKUTSKII    TOMSK G     ","Иркутский тракт, 26, Томск, Россия, 634049",56.502832,85.006345,0.05332083448
4572,6849,5478,"D. 66, UL. MAGAZEINAYA    PUSHKIN G   ","Магазейная улица, 66, Пушкин, Санкт-Петербург, Россия, 196601",59.720526,30.416417,0.02030577761
4573,6850,5478,"D. 66, UL. MAGAZEINAYA    PUSHKIN G   ","Магазейная улица, 66, Пушкин, Санкт-Петербург, Россия, 196601",59.720526,30.416417,0.01355611494
4574,6853,5478,"D. 10A, UL. KRUPSKOI      SERPUKHOV G ","улица Крупской, 10А, Серпухов, Московская область, Россия, 142203",54.922938,37.429402,0.03402162146
4575,6859,5478,"D. 10A, UL. KRUPSKOI      SERPUKHOV G ","улица Крупской, 10А, Серпухов, Московская область, Россия, 142203",54.922938,37.429402,0.03203249886
4576,6874,5478,"D. 102, UL. KOSMONAVTOV   LIPETSK G   ","улица Космонавтов, 102, Липецк, Россия, 398042",52.607415,39.543435,-0.09159744109
4577,6875,5478,"D. 102, UL. KOSMONAVTOV   LIPETSK G   ","улица Космонавтов, 102, Липецк, Россия, 398042",52.607415,39.543435,-0.08509871621
4578,6876,5478,"D. 12, UL. VERY VOLOSHINO MYTISHCHI G ","улица Веры Волошиной, 12, Мытищи, Московская область, Россия, 141014",55.893071,37.725424,-0.02148109844
4579,6881,5478,"D. 28, UL. MARSHALA RYBAL PERM G      ","улица Маршала Рыбалко, 28, Пермь, Россия, 614113",58.003174,55.948765,-0.07478941402
4580,6906,5478,"D. 16, UL. SALMYSHSKAYA   ORENBURG G  ","Салмышская улица, 16, Оренбург, Россия, 460047",51.838092,55.144862,-0.05019356109
4581,6909,5478,"D. 1/32, UL. ROPSHINSKAYA SANKT-PETERB","Ропшинская улица, 1/32, Санкт-Петербург, Россия, 197198",59.957674,30.298001,-0.03910924728
4582,6913,5478,"D. 222, UL. BELINSKOGO    EKATERINBURG","улица Белинского, 222, Екатеринбург, Свердловская область, Россия, 620130",56.799986,60.629401,-0.03123677829
4583,6914,5478,"D. 222, UL. BELINSKOGO    EKATERINBURG","улица Белинского, 222, Екатеринбург, Свердловская область, Россия, 620130",56.799986,60.629401,-0.03607194248
4584,6922,5478,"D. 110, UL. SVOBODY       CHELYABINSK ","улица Свободы, 110, Челябинск, Россия, 454091",55.144068,61.414654,-0.06917826951
4585,6923,5478,"D. 110, UL. SVOBODY       CHELYABINSK ","улица Свободы, 110, Челябинск, Россия, 454091",55.144068,61.414654,-0.05496247313
4586,6924,5478,"D. 110, UL. SVOBODY       CHELYABINSK ","улица Свободы, 110, Челябинск, Россия, 454091",55.144068,61.414654,-0.05468235354
4587,6930,5478,"D. 110, UL. SVOBODY       CHELYABINSK ","улица Свободы, 110, Челябинск, Россия, 454091",55.144068,61.414654,-0.06217358967
4588,6936,5478,"D. 22, PR-KT MALYI V.O.   SANKT-PETERB","Малый проспект Васильевского острова, 22, Санкт-Петербург, Россия, 199004",59.94577,30.27097,-0.1149189321
4589,6937,5478,"D. 22, PR-KT MALYI V.O.   SANKT-PETERB","Малый проспект Васильевского острова, 22, Санкт-Петербург, Россия, 199004",59.94577,30.27097,-0.08593632131
4590,6939,5478,"D. 96 B, PR-KT RIZHSKII   PSKOV G     ","Рижский проспект, 96, Псков, Россия, 180024",57.806017,28.266829,0.01175729916
4591,6942,5478,"D. 18, UL. VOKZAL'NAYA    KUVANDYK G  ","Вокзальная улица, 12, Кувандык, Оренбургская область, Россия",51.472705,57.34993,-0.07571994857
4592,6946,5478,"D. 33, PR-KT NIKOL'SKII   ARKHANGELSK ","Никольский проспект, 33, исторический район Соломбала, Архангельск, Россия, 163020",64.57758,40.506177,0.01358735066
4593,6971,5478,"D. 2, UL. SOGLASIYA       KALININGRAD ","улица Согласия, 2, Калининград, Россия",54.741338,20.495539,-0.02974242709
4594,6980,5478,"D. 88, UL. LENSOVETA      SANKT-PETERB","улица Ленсовета, 88, Санкт-Петербург, Россия, 196158",59.832683,30.350561,-0.01375301709
4595,6981,5478,"D. 88, UL. LENSOVETA      SANKT-PETERB","улица Ленсовета, 88, Санкт-Петербург, Россия, 196158",59.832683,30.350561,-0.01862198167
4596,6982,5478,"D. 88, UL. LENSOVETA      SANKT-PETERB","улица Ленсовета, 88, Санкт-Петербург, Россия, 196158",59.832683,30.350561,-0.0151821491
4597,6992,5478,"D. 29, UL. BOTANICHESKAYA MOSKVA G    ","Ботаническая улица, 29, Москва, Россия, 127276",55.833359,37.593345,-0.1068291833
4598,6996,5478,"D. 27, UL. 3-YA DOMBROVSK PUSHKINO G  ","3-я Домбровская улица, 27, Пушкино, Московская область, Россия, 141206",56.00626,37.829871,-0.06633223622
4599,6997,5478,D. 29                     DZERZHINSKOG,"микрорайон Дзержинского, 29, Балашиха, Московская область, Россия",55.778213,37.895089,-0.0829092789
4600,7000,5478,"D. 90, UL. PRIGORODNAYA   BALASHIKHA G","Пригородная улица, с90, микрорайон Саввино, Балашиха, Московская область, Россия, 143985",55.724505,37.993715,-0.006368730973
4601,7011,5478,"D. 1, UL. KOLONCOVA       MYTISHCHI G ","улица Колонцова, 1, Мытищи, Московская область, Россия",55.914443,37.7623,-0.04618255843
4602,7018,5478,"D. 33, PR-KT CHAIKOVSKOGO TVER G      ","проспект Чайковского, 33, Тверь, Россия, 170002",56.841369,35.898143,-0.07166699565
4603,7033,5478,"D. 1, UL. ZHELEZNODOROZHN SOCHI G     ","Железнодорожная улица, 1, микрорайон Хоста, Сочи, Краснодарский край, Россия",43.512083,39.864025,-0.1193716129
4604,7037,5478,"D. 120, LIT. 1, NAB. OBVO SANKT-PETERB",,,,-0.09391870188
4605,7039,5478,"D. 87, UL. LENINA         UYAR G      ","улица Ленина, 87, Уяр, Красноярский край, Россия",55.81082,94.329582,0.01935343129
4606,7041,5478,"D. 10, UL. LINEINAYA      KAMARCHAGA P","Линейная улица, 9А, посёлок Камарчага, Манский район, Красноярский край, Россия",55.810688,93.684223,-0.1228098034
4607,7071,5478,"D. 106A, UL. RYABIKOVA    ULYANOVSK G ","улица Рябикова, 106А, Ульяновск, Россия, 432054",54.269918,48.284644,-0.0524809746
4608,7076,5478,"D. 242, UL. OKTYABR'SKAYA KALACH-NA-DO","Октябрьская улица, 242А, Калач-на-Дону, Калачёвский район, Волгоградская область, Россия",48.682352,43.536608,-0.1109976639
4609,7077,5478,"D. 154, UL. 50 LET OKTYAB BLAGOVESHCHE","Улица 40 лет Победы, Усть-Илимский скоростной трамвай, Иркутская область, Россия",56.178949,101.599962,-0.02013360613
4610,7079,5478,"D. 15A, UL. SHKOTOVA      KHABAROVSK G","улица Шкотова, 15А, Хабаровск, Россия, 680014",48.469042,135.130756,0.03675271339
4611,7083,5478,"KORP. 130, GORODOK VOENNY PENZA G     ","Военный городок, 138, Пенза, Россия",53.178941,44.989363,0.05553180241
4612,7086,5478,"D. 37, UL. PIROGOVA       YAROSLAVL G ","улица Пирогова, 37, жилой район Липовая Гора, Ярославль, Россия, 150010",57.551784,39.933115,-0.03810342986
4613,7106,5478,"D. 34, UL. PROFESSORA BAR KALININGRAD ","улица Профессора Баранова, 34, Калининград, Россия, 236029",54.721208,20.506193,-0.07891864609
4614,7107,5478,"2, PR-KT UNIVERSITETSKII  VOLGOGRAD G ","Университетский проспект, 2, Волгоград, Россия, 400002",48.685582,44.449718,-0.05573544771
4615,7113,5478,"D. 7, UL. KAULYA          TULA G      ","улица Кауля, 7, Тула, Россия, 300045",54.178797,37.635,-0.06181291411
4616,7116,5478,"125, UL. AKSAKOVA         KALININGRAD ","улица Аксакова, 125, Калининград, Россия",54.711707,20.579128,-0.05825688707
4617,7138,5478,"D. 1A, UL. NIKOL'SKAYA    MAYSKIY RP  ","городское поселение Рабочий поселок Майский, городской округ Певек, Чукотский автономный округ, Россия",68.972702,173.70649,0.070788248
4618,7140,5478,"D. 42, UL. MAYAKOVSKOGO   IZHEVSK G   ","улица Маяковского, 42, Ижевск, Удмуртская Республика, Россия, 426028",56.812172,53.204097,-0.08261719622
4619,7156,5478,"84, UL. S.LAZO            SVOBODNYY G ","улица Сергея Лазо, 84, Свободный, Амурская область, Россия",51.347179,128.146643,-0.02238575499
4620,7162,5478,"D. 143, UL. POBEDY        SAMARA G    ","улица Победы, 143, Самара, Россия, 443092",53.225684,50.27735,-0.1056736765
4621,7165,5478,"D. 1, PR-KT LENINA        SAMARA G    ","проспект Ленина, 1, Самара, Россия, 443096",53.205167,50.133539,-0.09360123885
4622,7175,5478,"D. 17/1, NAB. USHAKOVSKAY SANKT-PETERB",,,,-0.1216876535
4623,7187,5478,"D. 25, UL. SUVOROVA       KHABAROVSK G","улица Суворова, 25, Хабаровск, Россия, 680003",48.395835,135.10643,0.04152919705
4624,7200,5478,"D. 26/2, UL. PROLETARSKAY MAGADAN G   ","Пролетарская улица, 26, Магадан, Россия, 685000",59.564276,150.81429,-0.07617093369
4625,7203,5478,"D. 133, UL. KRASNOLES'YA  EKATERINBURG","улица Краснолесья, 133, Екатеринбург, Свердловская область, Россия, 620016",56.793504,60.519582,-0.006698512055
4626,7215,5478,"D. 35, UL. LENINA         KRASNOURALSK","улица Ленина, 35, Красноуральск, Свердловская область, Россия, 624330",58.355829,60.038893,-0.1189720039
4627,7216,5478,"D. 59A, UL. 9 MAYA        KRASNOYARSK ","улица 9 Мая, 59А, Красноярск, Россия, 660098",56.057026,92.912696,0.01616742614
4628,7218,5478,"D. 8, UL. SERYSHEVA       KHABAROVSK G","улица Серышева, 8, Хабаровск, Россия, 680038",48.478957,135.052873,-0.04504900981
4629,7223,5478,"D. 76, UL. KRUPSKOI       BARNAUL G   ","улица Крупской, 76, Барнаул, Алтайский край, Россия, 656031",53.342538,83.76684,-0.04653098662
4630,7228,5478,"D. 7V, UL. VATUTINA       OMSK G      ","улица Ватутина, 7А, Омск, Россия, 644022",54.98757,73.275182,-0.01201854505
4631,7236,5478,"D. 291, UL. RESPUBLIKI    TYUMEN G    ","улица Республики, 291, Тюмень, Россия, 625014",57.104024,65.661125,0.03305488676
4632,7244,5478,"D. 20, UL. UZHNAYA        EKATERINOSLA","Южная улица, село Екатеринославка, Октябрьский район, Амурская область, Россия",50.362553,129.098327,-0.08003747113
4633,7246,5478,"D. 77, UL. LENINA         SVOBODNYY G ","улица Ленина, 77, Свободный, Амурская область, Россия, 676456",51.38363,128.13209,0.002570000774
4634,7254,5478,"D. 2, UL. KORABEL'NAYA NA VLADIVOSTOK ",,,,-0.08112422369
4635,7260,5478,"D. 4, POM. 1, MKR. LUGOVO YASNOGORSK P","Луговой микрорайон, 4, поселок городского типа Ясногорск, Оловяннинский район, Забайкальский край, Россия",50.873334,115.698472,-0.02167957433
4636,7263,5478,"D. 1, UL. PUTEISKAYA      ULAN-UDE G  ","Путейская улица, 1, Улан-Удэ, Республика Бурятия, Россия, 670024",51.844302,107.581861,-0.06345599615
4637,7276,5478,"D. 32, UL. SOVETSKAYA     VIKHOREVKA G","Советская улица, 32, Вихоревка, Братский район, Иркутская область, Россия",56.118219,101.169723,-0.1109574956
4638,7278,5478,"D. 30A, UL. SHEGLOVSKAYA  KEMEROVO G  ","Щегловская улица, 30А, жилой район Лесная Поляна, Кемерово, Россия, 650071",55.419968,86.237351,-0.03641626245
4639,7280,5478,"D. 44, UL. RUSSKAYA       VLADIVOSTOK ","Русская улица, 44, Владивосток, Приморский край, Россия, 690039",43.16632,131.912138,-0.002433542643
4640,7282,5478,"D. 50, UL. PROLETARSKAYA  NOVOSIBIRSK ","Пролетарская улица, 50, Новосибирск, Россия, 630008",55.024925,82.956066,-0.06989422584
4641,7291,5478,"D. 106, PR-KT MOSKOVSKII  BRYANSK G   ","Московский проспект, 106, Брянск, Россия, 241020",53.210204,34.446448,-0.06703577457
4642,7309,5478,"D. 66/4, UL. TEL'MANA     BRYANSK G   ","улица Тельмана, 66/4, Брянск, Россия, 241047",53.251816,34.442001,-0.08805242809
4643,7324,5478,"D. 104, PR-KT LENINSKII   VORONEZH G  ","Ленинский проспект, 104к1, Воронеж, Россия, 394007",51.666479,39.250063,-0.04216299128
4644,7325,5478,"D. 73, UL. 30 LET VLKSM   NAZAROVO G  ","улица 30 лет ВЛКСМ, 73, Назарово, Красноярский край, Россия, 662200",56.006331,90.414418,0.04156892477
4645,7331,5478,"D. 14A, LENINA            RAZUMNOE PGT","проспект Ленина, 14А, посёлок городского типа Разумное, Белгородский район, Белгородская область, Россия, 308510",50.531072,36.685903,-0.05958737059
4646,7334,5478,"D. 3, UL. KUIBYSHEVA      KUROVSKOE G ","улица Куйбышева, 3, Куровское, городской округ Ликино-Дулёво, Московская область, Россия, 142620",55.577164,38.920588,0.02050398685
4647,7340,5478,"D. 1, UL. ENTUZIASTOV     BALASHOV G  ","улица Энтузиастов, 1, Балашов, Саратовская область, Россия",51.548625,43.215244,-0.08464855721
4648,7353,5478,"D. 54, UL. SAHALINSKAYA   YUZHNO-SAKHA","Сахалинская улица, 54, Южно-Сахалинск, Сахалинская область, Россия, 693020",46.964302,142.727315,0.001045427068
4649,7368,5478,"D. 136, UL. ANTONA PETROV BARNAUL G   ","улица Антона Петрова, 136, Барнаул, Алтайский край, Россия, 656050",53.35582,83.715304,-0.06477078039
4650,7378,5478,"D. 14, UL. LESNAYA        NIZHNEKAMSK ","Лесная улица, 14, Нижнекамск, Республика Татарстан, Россия",55.659104,51.847407,-0.06271138002
4651,7380,5478,"D. 129/5, PR-KT MOSKOVSKI NABEREZHNYE ","Московский проспект, 129/5, Набережные Челны, Республика Татарстан, Россия, 423819",55.737339,52.417622,-0.07350224455
4652,7386,5478,"D. 35, PR-KT MIRA         ELABUGA G   ","проспект Мира, 35, Елабуга, муниципальное образование город Елабуга, Республика Татарстан, Россия",55.75358,52.01497,-0.08047169065
4653,7390,5478,"D. 55, UL. ADMIRALA USHAK PERM G      ","улица Адмирала Ушакова, 55, Пермь, Россия, 614109",58.027773,56.003634,-0.1118280165
4654,7393,5478,"D. 325, PR-KT POBEDY      CHELYABINSK ","проспект Победы, 325, Челябинск, Россия, 454128",55.182444,61.293651,-0.03682570335
4655,7397,5478,"D. 173, UL. LENINA        SOCHI G     ","улица Ленина, 173, микрорайон Адлер, Сочи, Краснодарский край, Россия",43.452081,39.902653,-0.03352332173
4656,7406,5478,"D. 8, UL. ZHELEZNODOROZHN SYZRAN G    ","Железнодорожная улица, 14, Сызрань, Самарская область, Россия",53.176129,48.506968,-0.07504063595
4657,7408,5478,"D. 66, PR-KT POBEDY       VOLOGDA G   ","проспект Победы, 66, Вологда, Россия, 160004",59.226547,39.865624,-0.1061291474
4658,7412,5478,"D. 6, UL. TARSKAYA        OMSK G      ","Тарская улица, 6, Омск, Россия, 644043",54.990339,73.368841,-0.1450012315
4659,7422,5478,"D. 13A, KORP. 3, UL. KARL ULYANOVSK G ","улица Карла Маркса, 13Ак3, Ульяновск, Россия, 432001",54.319769,48.395945,-0.03962719002
4660,7423,5478,"D. 4, UL. PROMYSHLENNAYA  SHARYA G    ","Промышленная улица, 4, Шарья, Костромская область, Россия, 157501",58.374852,45.493507,-0.01622007305
4661,7425,5478,"D. 12, UL. TRAMVAINAYA    VLADIVOSTOK ","Трамвайная улица, 12, Владивосток, Приморский край, Россия, 690013",43.110567,131.93809,-0.07821800769
4662,7444,5478,"D. 90, UL. NEFTYANIKOV    OTRADNYY G  ","улица Нефтяников, 90, Отрадный, Самарская область, Россия, 446300",53.372311,51.358616,-0.04062154122
4663,7454,5478,"D. 64, SH. KOPEISKOE      CHELYABINSK ","Копейское шоссе, 64, Челябинск, Россия, 454012",55.145442,61.451979,0.0006324782373
4664,7460,5478,"D. 35, UL. VOKZAL'NAYA    KALACHINSK G","Вокзальная улица, 35, Калачинск, Омская область, Россия, 646900",55.045274,74.583345,-0.02531031784
4665,7468,5478,"D. 47A, UL. NIKITSKAYA    KOSTROMA G  ","Никитская улица, 47А, Кострома, Россия, 156029",57.76511,40.964219,-0.0535767035
4666,7470,5478,"D. 8, MKR. 4              ACHINSK G   ","4-й микрорайон, 4, Ачинск, Красноярский край, Россия",56.255593,90.484711,-0.01194951361
4667,7481,5478,"D. 12, UL. 9-GO MAYA      KRASNOYARSK ","улица 9 Мая, 12, Красноярск, Россия, 660125",56.065344,92.925497,0.04935999583
4668,7485,5478,"D. 135, UL. VOROVSKOGO    KIROV G     ","улица Воровского, 135, Киров, Россия",58.598578,49.605311,-0.08161333133
4669,7488,5478,"10, UL. KOCHETOVA         VELIKIY NOVG","улица Кочетова, 10, Западный район, Великий Новгород, Новгородская область, Россия, 173024",58.541945,31.224173,-0.04382885202
4670,7491,5478,"D. 13, UL. KRASNAYA       KURSAVKA S  ","Красная улица, 13, село Курсавка, Андроповский район, Ставропольский край, Россия, 357070",44.457718,42.502898,0.00553220618
4671,7493,5478,"D. 25, UL. KRASNAYA       KROPOTKIN G ","Красная улица, 25, Кропоткин, Кавказский район, Краснодарский край, Россия, 352380",45.433978,40.577198,-0.05988770709
4672,7503,5478,"D. 1, UL. OKTYABR'SKAYA   TIKHORETSK G","Октябрьская улица, 1, Тихорецк, Тихорецкий район, Краснодарский край, Россия, 352120",45.849489,40.117656,-0.07410226452
4673,7505,5478,"D. 3, UL. SHOSSEINAYA     TIKHORETSK G","Шоссейная улица, 1, Тихорецк, Тихорецкий район, Краснодарский край, Россия",45.847072,40.165805,-0.05642838749
4674,7529,5478,"D. 10, UL. KALININA       BIROBIJAN G ","улица Калинина, 10, Биробиджан, Еврейская автономная область, Россия, 679016",48.792888,132.934501,-0.04026386339
4675,7553,5478,"D. 82, UL. LUGOVAYA       NOVOBUREYSKI","Луговая улица, 82, посёлок городского типа Новобурейский, Бурейский район, Амурская область, Россия, 676720",49.796312,129.872522,-0.123622748
4676,7554,5478,"D. 32, UL. 28 DEKABRYA    ILANSKIY G  ","улица 28 Декабря, 32, Иланский, Красноярский край, Россия, 663801",56.239473,96.071128,-0.05497617612
4677,7555,5478,"D. 2, UL. BARANIHA        NIZHNYAYA PO","коттеджный поселок По-Рижская Мечта, 2, городской округ Истра, Московская область, Россия",55.833112,36.954876,-0.07831445876
4678,7564,5478,"D. 35A, UL. TOTMINA       KRASNOYARSK ","улица Тотмина, 35А, микрорайон Северо-Западный, Красноярск, Россия",56.038574,92.768804,0.04069984322
4679,7565,5478,"D. 216, UL. ENERGETIKOV   CHELYABINSK ",,,,-0.002766904453
4680,7569,5478,"D. 5, PL. LENINA          VOSKRESENSK ","площадь Ленина, 5, Воскресенск, Московская область, Россия",55.321754,38.673102,0.07123220125
4681,7574,5478,"D. 2, UL. BUTINA          CHITA G     ","улица Бутина, 2, Чита, Забайкальский край, Россия, 672000",52.028372,113.495084,-0.1365300108
4682,7581,5478,"D. 3 A, UL. ELEVATORNAYA  ORENBURG G  ","Элеваторная улица, 3А, Оренбург, Россия, 460006",51.774564,55.07509,-0.1412481345
4683,7584,5478,"D. 116A, UL. SHELESTA     KHABAROVSK G","улица Шелеста, 116А, Хабаровск, Россия, 680042",48.520503,135.052576,0.07202226168
4684,7593,5478,"D. 64, UL. SOVETSKAYA     KINEL G     ","Советская улица, 64, Кинель, Самарская область, Россия, 446433",53.231085,50.644303,0.01753040129
4685,7597,5478,"D. 8, UL. VOROSHILOVA     KHABAROVSK G","улица Ворошилова, 8, микрорайон Южный, Хабаровск, Россия, 680051",48.385329,135.110724,0.01542092386
4686,7599,5478,"D. 1A, UL. ZHELEZNODOROZH RTISHCHEVO G","Железнодорожная улица, 1А, Ртищево, Саратовская область, Россия, 412031",52.261942,43.779144,-0.05938934725
4687,7602,5478,"D. 185A, SH. MOSKOVSKOE   SAMARA G    ","Московское шоссе, 185А, Самара, Россия",53.248745,50.220585,0.02046859014
4688,7605,5478,"D. 83, UL. HVALYNSKAYA    SYZRAN G    ","Хвалынская улица, 83, Сызрань, Самарская область, Россия, 446012",53.181175,48.395694,0.01850883637
4689,7607,5478,"D. 124, PR-KT POBEDY      PENZA G     ","проспект Победы, 124, Пенза, Россия, 440028",53.227549,44.936991,-0.01197651502
4690,7608,5478,"D. 4A, UL. KOMMUNISTICHES VYAZEMSKIY G","Коммунистическая улица, 4А, Вяземский, Хабаровский край, Россия, 682950",47.536009,134.753069,0.008231227702
4691,7610,5478,"UL. KOTOVSKOGO, VCH 62540 RTISHCHEVO G","улица Котовского, Ртищево, Саратовская область, Россия",52.273764,43.769918,-0.03653154352
4692,7611,5478,"D. 61, UL. SHEVCOVOI      BACHATSKIY P","улица Л. Шевцовой, 61, поселок городского типа Бачатский, Беловский городской округ, Кемеровская область, Россия",54.283307,86.098265,-0.06530278904
4693,7617,5478,"D. 43, UL. KOMSOMOL'SKAYA POKHVISTNEVO","улица Мира, 43, Похвистнево, Самарская область, Россия, 446453",53.647598,52.137806,-0.114048883
4694,7618,5478,"D. 70, UL. KIROVA         OSINNIKI G  ","улица Кирова, 70, Осинники, Кемеровская область, Россия, 652800",53.605999,87.331113,-0.03485649363
4695,7625,5478,"D. 13, UL. ZOI KOSMODEM'Y RTISHCHEVO G","деревня Ртищево, 13, городской округ Домодедово, Московская область, Россия",55.192127,37.899248,-0.09242769599
4696,7626,5478,"D. 17, KORP. 4, POM. 1, U NOVOKUZNETSK",,,,-0.0343375606
4697,7629,5478,"D. 24, UL. LENINA         KHABAROVSK G","улица Ленина, 24, Хабаровск, Россия, 680030",48.471061,135.074908,-0.04430679004
4698,7631,5478,"D. 2, UL. BUTINA          CHITA G     ","улица Бутина, 2, Чита, Забайкальский край, Россия, 672000",52.028372,113.495084,-0.01112671962
4699,7632,5478,"D. 39, B-R AMURSKII       KHABAROVSK G","Амурская улица, 37, Хабаровск, Россия",48.590162,135.07162,0.03813863548
4700,7643,5478,"D. 4, UL. LENINA          CHITA G     ","улица Ленина, 4, Чита, Забайкальский край, Россия, 672039",52.023595,113.527415,-0.1039432258
4701,7650,5478,"D. 5, UL. KRASNAYA        RTISHCHEVO G","Красная улица, 5, Ртищево, Саратовская область, Россия, 412031",52.257196,43.786789,0.04086329262
4702,7659,5478,"D. 49 A, UL. MELIORATIVNA ERSHOV G    ","Мелиоративная улица, 49А, Ершов, Саратовская область, Россия",51.360999,48.28645,-0.07762184837
4703,7665,5478,"D. 48, UL. KRASNAYA PRESN TYNDA G     ","улица Красная Пресня, 46, Тында, Амурская область, Россия, 676290",55.149944,124.744112,-0.03611485818
4704,7666,5478,"D. 12, UL. ZHELEZNODOROZH FEVRALSK PGT","Железнодорожная улица, 3А, посёлок городского типа Февральск, Селемджинский район, Амурская область, Россия",52.453032,130.846556,-0.04600921464
4705,7676,5478,"D. 9/11, PL. IM F.E.DZERZ SARATOV G   ","улица им. Исаева Н.В., 9, Саратов, Россия",51.582441,46.07398,-0.07921247438
4706,7684,5478,"D. 2, TRAKT UGORSKII      SURGUT G    ","Югорская улица, 12/4, Сургут, Ханты-Мансийский автономный округ, Россия, 628405",61.239951,73.459634,-0.08056121058
4707,7686,5478,"D. 7, PROEZD STANCIONNYI  SARATOV G   ","2-й Станционный проезд, 7, Саратов, Россия, 410004",51.519357,45.989368,-0.09027166789
4708,7689,5478,"D. 5, UL. PLEHANOVA       CHEREMKHOVO ","улица Плеханова, 5, Черемхово, Иркутская область, Россия, 665413",53.150766,103.069794,-0.0502435942
4709,7692,5478,UL. ORDZHONIKIDZE         ZALARI RP,"улица Орджоникидзе, посёлок городского типа Залари, Заларинский район, Иркутская область, Россия",53.568504,102.513369,0.002983689836
4710,7695,5478,"D. 55, UL. TIHAYA         ENGELS G    ","Тихая улица, 55, Энгельс, Саратовская область, Россия, 413100",51.496486,46.112913,-0.072735304
4711,7696,5478,"D. 3, UL. TANKISTOV       SARATOV G   ","улица Танкистов, 3, Саратов, Россия, 410005",51.547376,46.014539,-0.08669933977
4712,7711,5478,"D. 94, UL. GERCENA        TYUMEN G    ","улица Герцена, 94, Тюмень, Россия, 625000",57.146051,65.541954,-0.02245543466
4713,7714,5478,"D. 9A, UL. KAMERONA       XENYEVKA PGT","улица Камерона, 9, посёлок городского типа Ксеньевка, Могочинский район, Забайкальский край, Россия",53.559925,118.718842,0.02977155293
4714,7736,5478,"D. 101, UL. LENINGRADSKAY KARYMSKOE PG","Ленинградская улица, посёлок городского типа Боровский, Тюменский район, Тюменская область, Россия",57.046347,65.718869,0.0361261637
4715,7739,5478,"D. 127, UL. PARTIZANSKAYA BORZYA G    ","Партизанская улица, 127, Борзя, Забайкальский край, Россия, 674600",50.387319,116.548215,-0.08948147293
4716,7751,5478,"D. 51, UL. MASHINOSTROITE VORONEZH G  ","улица Машиностроителей, 51, Воронеж, Россия",51.674595,39.156611,-0.01091017178
4717,7752,5478,"D. 18, UL. LITVINOVA      IRKUTSK G   ","улица Литвинова, 18, Иркутск, Россия, 664003",52.281219,104.292985,-0.1109374231
4718,7757,5478,"D. 7, UL. SUHE-BATORA     IRKUTSK G   ","улица Сухэ-Батора, 7, Иркутск, Россия, 664011",52.287808,104.282232,-0.07544512891
4719,7759,5478,"D. 100, UL. PERVOMAISKAYA NOVOSIBIRSK ","Первомайская улица, 100, Новосибирск, Россия, 630080",54.96668,83.11098,-0.0008585760975
4720,7763,5478,"D. 25, UL. 1-YA STANCIONN ISKITIM G   ",,,,-0.01164149037
4721,7764,5478,"D. 65, UL. URICKOGO       VORONEZH G  ","улица Урицкого, 65, Воронеж, Россия, 394061",51.681592,39.198877,-0.1207100893
4722,7765,5478,"D. 1, UL. DUNAEVSKOGO     NOVOSIBIRSK ","улица Дунаевского, 1, Новосибирск, Россия, 630027",55.100051,82.972496,-0.01744216603
4723,7767,5478,"D. 28, UL. BILIMBAEVSKAYA EKATERINBURG","Билимбаевская улица, 28, Екатеринбург, Свердловская область, Россия, 620050",56.885643,60.511003,-0.1306866698
4724,7772,5478,"D. 108, UL. KARLA MARKSA  BARABINSK G ","улица Карла Маркса, 108, Барабинск, Новосибирская область, Россия, 632334",55.350146,78.346828,-0.1355067666
4725,7779,5478,"D. 196, UL. PERVOMAISKAYA NOVOSIBIRSK ","Первомайская улица, 196, Новосибирск, Россия",54.974365,83.07008,-0.04738277255
4726,7784,5478,"D. 4B, UL. PATRISA LUMUMB EKATERINBURG","улица Патриса Лумумбы, 4, Екатеринбург, Свердловская область, Россия, 620085",56.773553,60.599882,-0.01078096726
4727,7792,5478,"D. 36, UL. SVERDLOVA      IRKUTSK G   ","улица Свердлова, 36, Иркутск, Россия, 664011",52.286349,104.288233,-0.06102195534
4728,7794,5478,"D. 34, UL. ARTAMONOVA     VORONEZH G  ","улица Артамонова, 34, Воронеж, Россия, 394010",51.717608,39.268595,-0.1157487072
4729,7820,5478,"D. 10, UL. LINEINAYA      KAMARCHAGA P","Линейная улица, 9А, посёлок Камарчага, Манский район, Красноярский край, Россия",55.810688,93.684223,-0.1032633668
4730,7822,5478,"D. 20, UL. KIROVA         SHUMIKHA G  ","улица Кирова, 20, Шумиха, Курганская область, Россия, 641100",55.228341,63.286761,-0.07197949423
4731,7825,5478,"D. 26, SH. VARSHAVSKOE    MOSKVA G    ","Варшавское шоссе, 26, Москва, Россия, 117105",55.684508,37.621938,-0.05798030056
4732,7826,5478,"D. 26, SH. VARSHAVSKOE    MOSKVA G    ","Варшавское шоссе, 26, Москва, Россия, 117105",55.684508,37.621938,0.005360394549
4733,7827,5478,"D. 26, SH. VARSHAVSKOE    MOSKVA G    ","Варшавское шоссе, 26, Москва, Россия, 117105",55.684508,37.621938,0.02259420447
4734,7828,5478,"D. 26, SH. VARSHAVSKOE    MOSKVA G    ","Варшавское шоссе, 26, Москва, Россия, 117105",55.684508,37.621938,0.01378535295
4735,7845,5478,"D. 27, UL. SVERDLOVA      EKATERINBURG","улица Якова Свердлова, 27, Екатеринбург, Свердловская область, Россия",56.854404,60.603933,-0.09945717779
4736,7848,5478,"D. 184, UL. BEBELYA       EKATERINBURG","улица Бебеля, 184, Екатеринбург, Свердловская область, Россия, 620141",56.874385,60.553223,-0.08506207153
4737,7867,5478,"D. 205, UL. KUIBYSHEVA    DIMITROVGRAD","улица Куйбышева, 205, Димитровград, Ульяновская область, Россия",54.216315,49.622074,-0.08121487333
4738,7883,5478,"D. 43, UL. 10 LET OKTYABR OMSK G      ",,,,0.0184854342
4739,7891,5478,"D. 42, PR-KT USPENSKII    VERKHNYAYA P","Успенский проспект, 42, Верхняя Пышма, Свердловская область, Россия, 624091",56.976584,60.563015,-0.05868925628
4740,7905,5478,"D. 48, UL. LENINA         KHABAROVSK G","улица Ленина, 48, Хабаровск, Россия, 680030",48.477995,135.085356,0.0469338401
4741,7907,5478,"D. 43A, UL. SOVETSKAYA    TOMSK G     ","Советская улица, 43А, Томск, Россия, 634029",56.475529,84.952697,-0.08831171768
4742,7925,5478,"D. 109A, PR-KT MOSKOVSKII VORONEZH G  ","Московский проспект, 109А, Воронеж, Россия, 394077",51.712061,39.179024,-0.06901650791
4743,7940,5478,"D. 98A, PR-KT OKEANSKII   VLADIVOSTOK ","Океанский проспект, 98А, Владивосток, Приморский край, Россия, 690002",43.13292,131.904098,0.006285741964
4744,7941,5478,"D. 98A, PR-KT OKEANSKII   VLADIVOSTOK ","Океанский проспект, 98А, Владивосток, Приморский край, Россия, 690002",43.13292,131.904098,-0.009804744692
4745,7948,5478,"D. 19, STR. 1, UL. TRUFAN YAROSLAVL G ","улица Труфанова, 19, Ярославль, Россия, 150060",57.685748,39.765157,-0.009340525191
4746,7954,5478,"D. 146 A, UL. SUVOROVA    PENZA G     ","улица Суворова, 146А, Пенза, Россия, 440008",53.202578,44.996199,0.01376155915
4747,7955,5478,"D. 146 A, UL. SUVOROVA    PENZA G     ","улица Суворова, 146А, Пенза, Россия, 440008",53.202578,44.996199,0.03571344534
4748,7967,5478,"D. 158, KORP. 1, PR-KT KO MURMANSK G  ","158-й квартал, район Хамовники, Центральный административный округ, Москва, Россия",55.743036,37.592617,-0.07552640587
4749,7975,5478,"D. 19, STR. 1, UL. TRUFAN YAROSLAVL G ","улица Труфанова, 19, Ярославль, Россия, 150060",57.685748,39.765157,-0.03338280862
4750,7992,5478,"D. 43, UL. 10 LET OKTYABR OMSK G      ",,,,0.03393345748
4751,7993,5478,"D. 56/64, UL. KOMITETSKAY NOVOCHERKASS","жилой комплекс Клуб 56, район Кунцево, Западный административный округ, Москва, Россия",55.731521,37.4175,0.0157779037
4752,7995,5478,"D. 56/64, UL. KOMITETSKAY NOVOCHERKASS","жилой комплекс Клуб 56, район Кунцево, Западный административный округ, Москва, Россия",55.731521,37.4175,0.01017141094
4753,7997,5478,"D. 146 A, UL. SUVOROVA    PENZA G     ","улица Суворова, 146А, Пенза, Россия, 440008",53.202578,44.996199,0.01424807906
4754,8007,5478,"D. 48, UL. LENINA         KHABAROVSK G","улица Ленина, 48, Хабаровск, Россия, 680030",48.477995,135.085356,0.04331355874
4755,8017,5478,"D. 357, UL. SEVERNAYA     KRASNODAR G ","Северная улица, 357, Краснодар, Россия",45.038337,38.989408,-0.01493698484
4756,8024,5478,"D. 229A, UL. KOMSOMOL'SKA ORYEL G     ","Комсомольская улица, 229А, Орёл, Россия",52.941027,36.05038,-0.0284748085
4757,8030,5478,"D. 357, UL. SEVERNAYA     KRASNODAR G ","Северная улица, 357, Краснодар, Россия",45.038337,38.989408,-0.0103312592
4758,8058,5478,"D. 35, UL. MYASNICKAYA    MOSKVA G    ","Мясницкая улица, 35, Москва, Россия, 101000",55.766045,37.638081,0.04959512893
4759,8064,5478,"D. 35, UL. MYASNICKAYA    MOSKVA G    ","Мясницкая улица, 35, Москва, Россия, 101000",55.766045,37.638081,0.02818260654
4760,8099,5478,"D. 45, SH. MOSKOVSKOE     SAMARA G    ","Московское шоссе, 45, Самара, Россия",53.222821,50.191651,-0.01989199224
4761,8100,5478,"D. 45, SH. MOSKOVSKOE     SAMARA G    ","Московское шоссе, 45, Самара, Россия",53.222821,50.191651,0.01950858855
4762,8101,5478,"D. 45, SH. MOSKOVSKOE     SAMARA G    ","Московское шоссе, 45, Самара, Россия",53.222821,50.191651,0.01637851304
4763,8102,5478,"D. 1, UL. MURMANSKAYA     OLENEGORSK G","Мурманская улица, 1, Оленегорск, Мурманская область, Россия, 184530",68.138511,33.272412,0.01594670349
4764,8103,5478,"D. 1, UL. MURMANSKAYA     OLENEGORSK G","Мурманская улица, 1, Оленегорск, Мурманская область, Россия, 184530",68.138511,33.272412,0.009753932356
4765,8104,5478,"D. 8, UL. GRIGORENKO      LESOZAVODSK ","улица Григоренко, 8, Лесозаводск, Приморский край, Россия",45.462274,133.403108,0.08082343958
4766,8129,5478,"D. 1, STR. 4, UL. TELEVIZ KRASNOYARSK ","4-я Шинная улица, 1, микрорайон Шинников, Ленинский район, Красноярск, Россия, 660124",56.001715,93.040859,0.02068862452
4767,8142,5478,"D. 1, KORP. B, PL. POBEDY MOSKVA G    ","площадь Победы, 1, Москва, Россия, 121170",55.735008,37.520833,0.0009846290119
4768,8144,5478,"D. 1, KORP. B, PL. POBEDY MOSKVA G    ","площадь Победы, 1, Москва, Россия, 121170",55.735008,37.520833,0.00213698182
4769,8149,5478,"D. 59, UL. KARLA MARKSA   KURSK G     ","улица Карла Маркса, 59, Курск, Россия, 305029",51.758249,36.188407,0.009976872755
4770,8152,5478,"D. 5, UL. HMELEVA         STARYY OSKOL","улица Хмелёва, 5, Старый Оскол, Белгородская область, Россия, 309506",51.322347,37.818292,-0.02106853171
4771,8156,5478,"D. 26, UL. SHUHOVA        TULA G      ","улица Шухова, 26, Тула, Россия, 300004",54.208238,37.669046,-0.03157670419
4772,8165,5478,"D. 5U, UL. TUPOLEVA       VORONEZH G  ","улица Туполева, 5, Воронеж, Россия, 394028",51.642933,39.274138,-0.02533358262
4773,8166,5478,"D. 43, LIT. A, UL. RUSTAV SANKT-PETERB","КАД, 43-й километр, внешнее кольцо, Санкт-Петербург, Россия",59.816332,29.843696,-0.03770352889
4774,8172,5478,"D. 11, LIT. A, SH. VYBORG SANKT-PETERB",,,,-0.09280177701
4775,8176,5478,"D. 41, LIT. A, PR-KT MARS SANKT-PETERB","Московский проспект, 41, Санкт-Петербург, Россия",59.912693,30.31797,-0.01993043536
4776,8187,5478,"D. 28/32, UL. MOSKOVSKAYA NOVOMOSKOVSK","Московская улица, 28, Новомосковск, Тульская область, Россия, 301650",54.015723,38.297166,-0.08883420218
4777,8214,5478,"D. 34/25, UL. KOMSOMOL'SK NOVOMOSKOVSK","34-й квартал, район Хамовники, Центральный административный округ, Москва, Россия",55.749131,37.604861,-0.04710514748
4778,8222,5478,"D. 18/78, UL. MOLOKOVA    SOCHI G     ","улица Молокова, 18/78, микрорайон Адлер, Сочи, Краснодарский край, Россия",43.430395,39.924958,-0.04554976564
4779,8226,5478,"D. 1/1, UL. ATARBEKOVA    KRASNODAR G ","улица Атарбекова, 1/1, Фестивальный микрорайон, Краснодар, Россия, 350062",45.060153,38.942462,-0.02817495287
4780,8232,5478,"D. 1, UL. GRIGOR'EVA      NOVOROSSIYSK","улица Григорьева, 1, Новороссийск, Краснодарский край, Россия, 353925",44.669469,37.780149,-0.04894589734
4781,8244,5478,"D. 12A, UL. NOVOTORZHSKAY TVER G      ",,,,-0.08040465154
4782,8245,5478,"D. 12A, UL. NOVOTORZHSKAY TVER G      ",,,,-0.07790843048
4783,8246,5478,"D. 12A, UL. NOVOTORZHSKAY TVER G      ",,,,-0.06046316274
4784,8251,5478,"D. 89/164, UL.CHICHKANOVA TAMBOV G    ","улица Чичканова, 89, Тамбов, Россия, 392020",52.737945,41.450738,-0.09219612776
4785,8253,5478,"D. 34/25, UL. KOMSOMOL'SK NOVOMOSKOVSK","34-й квартал, район Хамовники, Центральный административный округ, Москва, Россия",55.749131,37.604861,-0.02093648479
4786,8275,5478,"D. 36, UL. SVERDLOVA      IRKUTSK G   ","улица Свердлова, 36, Иркутск, Россия, 664011",52.286349,104.288233,-0.0606920783
4787,8289,5478,"D. 15, UL. SUTYAGINA      KOPEYSK G   ","улица Сутягина, 15, Копейск, Челябинская область, Россия, 456601",55.120959,61.620593,-0.09544620376
4788,8295,5478,"D. 257, UL. ROSSIISKAYA   KRASNODAR G ","Российская улица, 257, Краснодар, Россия",45.087148,39.012404,0.03426423185
4789,8297,5478,"D. 116, UL. PUSHKINSKAYA  IZHEVSK G   ","Пушкинская улица, 116, Ижевск, Удмуртская Республика, Россия, 426077",56.834422,53.218452,-0.03458711499
4790,8298,5478,"D. 116, UL. PUSHKINSKAYA  IZHEVSK G   ","Пушкинская улица, 116, Ижевск, Удмуртская Республика, Россия, 426077",56.834422,53.218452,-0.04843573941
4791,8310,5478,"D. 26, TRAKT IRKUTSKII    TOMSK G     ","Иркутский тракт, 26, Томск, Россия, 634049",56.502832,85.006345,0.08609577413
4792,8311,5478,"D. 2A, PER. POCHTOVYI     LADUSHKIN G ","Почтовый переулок, 2А, Ладушкин, Калининградская область, Россия",54.570943,20.173745,-0.1023704776
4793,8330,5478,"D. 2/1, PR-KT RYBAKOV     PETROPAVLOVS","проспект Рыбаков, 2/1, Петропавловск-Камчатский, Камчатский край, Россия, 683024",53.05485,158.638985,0.01974576532
4794,8331,5478,"D. 2/1, PR-KT RYBAKOV     PETROPAVLOVS","проспект Рыбаков, 2/1, Петропавловск-Камчатский, Камчатский край, Россия, 683024",53.05485,158.638985,0.02107504131
4795,8336,5478,"D. 33, PR-KT MIRA         KOTLAS G    ","проспект Мира, 33, Котлас, Архангельская область, Россия, 165300",61.243575,46.642793,0.02546040484
4796,8351,5478,"D. 3, UL. HAR'KOVSKAYA    KURSK G     ","Харьковская улица, 3, Курск, Россия, 305018",51.674114,36.145359,-0.07162924414
4797,8353,5478,"D. 9, UL. CHELUSKINCEV    VOLOGDA G   ","улица Челюскинцев, 9, Вологда, Россия, 160001",59.217217,39.880222,-0.05107615682
4798,8355,5478,"D. 3, UL. HAR'KOVSKAYA    KURSK G     ","Харьковская улица, 3, Курск, Россия, 305018",51.674114,36.145359,-0.06625559425
4799,8356,5478,"D. 62, UL. IM MITROFANA S KRASNODAR G ","улица имени Толбухина, 62, Славянский микрорайон, Краснодар, Россия, 350047",45.070549,38.929652,-0.03877683207
4800,8375,5478,"D. 9, UL. CHELUSKINCEV    VOLOGDA G   ","улица Челюскинцев, 9, Вологда, Россия, 160001",59.217217,39.880222,-0.03927625396
4801,8376,5478,"D. 1, PER. MAGNITNYI      NOVOCHERKASS","Магнитный переулок, 1, Новочеркасск, Ростовская область, Россия",47.425314,40.05436,-0.03716045658
4802,2983,8083,"Leninskiy pr, 12       Norilsk        ","Ленинский проспект, 12, Норильск, Красноярский край, Россия, 663305",69.34518,88.209162,0.2186083167
4803,2987,8083,"Sosnovaya Alleya, 601  Zelenograd     ","Зеленоград, к601, Москва, Россия",55.989466,37.226329,0.1114643869
4804,2992,8083,"Lenina pr, 7           Yakutsk        ","проспект Ленина, 7, Якутск, Республика Саха (Якутия), Россия, 677000",62.032495,129.74453,0.1576562373
4805,3000,8083,"MAYAKOVSKOGO, 5A       Smolyaninovo   ","улица Маяковского, 5А, посёлок городского типа Смоляниново, Шкотовский район, Приморский край, Россия, 692830",43.281368,132.454019,0.07493001027
4806,3003,8083,"KIROVA, 48             Artem          ","улица Кирова, 48, Артём, Приморский край, Россия, 692760",43.355184,132.195377,0.1591435502
4807,3017,8083,"Kommunisticheskaya, 37 Melnikovo      ","Коммунистическая улица, 37к1, село Мельниково, Шегарский район, Томская область, Россия",56.562579,84.093728,0.1076373258
4808,3036,8083,"SHCHORSA, 35.1         Asino          ","улица имени Щорса, 35/1, город Асино, Томская область, Россия, 636840",57.000319,86.134727,0.08999406692
4809,3041,8083,"Lenina, 120            Ussuriysk      ","улица Ленина, 120, Уссурийск, Приморский край, Россия, 692519",43.798984,131.955598,0.1995837314
4810,3044,8083,"TASHKENTSKAYA, 90      Ivanovo        ","Ташкентская улица, 90, Иваново, Россия, 153032",56.971359,40.96333,0.207400602
4811,3047,8083,"KOMSOMOLSKIY PR.,66    Tomsk          ","Комсомольский проспект, 66, Томск, Россия, 634041",56.468046,84.982575,0.0595783326
4812,3048,8083,"SHkolnaya, 3a          Norilsk        ","Школьная улица, 3А, Норильск, Красноярский край, Россия, 663340",69.346991,87.763975,0.1790114318
4813,3052,8083,"Portovyy pr-d, 31      Murmansk       ","Портовый проезд, 31, Мурманск, Россия, 183038",68.973666,33.064955,0.0653022821
4814,3067,8083,"AVLOVSKIY TRAKT, 251 B Barnaul        ","Павловский тракт, 251, Барнаул, Алтайский край, Россия",53.343226,83.67965,0.1449505537
4815,3072,8083,"KLARY TSETKIN, 44 A    Penza          ","улица Клары Цеткин, 44А, Пенза, Россия",53.214879,45.053494,0.1248732281
4816,3077,8083,"PUSHKINA, 165          Abakan         ","улица Пушкина, 165, Абакан, Республика Хакасия, Россия, 655017",53.715141,91.433719,0.2186083167
4817,3079,8083,"ANNY SHCHETININOY,21   Vladivostok    ","улица Анны Щетининой, 21, микрорайон Снеговая Падь, Владивосток, Приморский край, Россия",43.16246,131.952373,0.2000338999
4818,3082,8083,"MALYY PR.,V.O.22       Sankt-Peterburg","Малый проспект Васильевского острова, 22, Санкт-Петербург, Россия, 199004",59.94577,30.27097,0.2064131375
4819,3085,8083,"KARLA MARKSA, 56       Tomsk          ","улица Карла Маркса, 56, Томск, Россия, 634009",56.503573,84.947155,0.121621294
4820,3091,8083,"AKADEMIKA KOROLEVA, 12 Moskva         ","улица Академика Королёва, 12, Москва, Россия, 127427",55.822878,37.606281,0.2186083167
4821,3092,8083,"LENINA, 15             OREKHOVO ZUEVO ","улица Ленина, 15, Орехово-Зуево, Московская область, Россия, 142600",55.797331,38.973894,0.1567951475
4822,3099,8083,"BUDENNOGO, 7A          Elista         ","улица С.М. Будённого, 7А, Элиста, Республика Калмыкия, Россия",46.318231,44.260605,0.1720688428
4823,3100,8083,"ULYANOVA, 80B          Sochi          ","улица Ульянова, 80, микрорайон Адлер, Сочи, Краснодарский край, Россия",43.431253,39.925452,0.180321453
4824,3107,8083,"RASNOARMEYSK.,63       Rostov-na-Donu ",,,,0.1703328473
4825,3111,8083,"Zagorodnaya, 3          Kurgan        ","Загородная улица, 3, Курган, Россия, 640023",55.483189,65.22263,0.1951991835
4826,3139,8083,"Svobody, 2             Yaroslavl      ","улица Свободы, 2/40, Ярославль, Россия, 150000",57.625518,39.882782,0.2186083167
4827,3145,8083,"LENINA, 6              Artem          ","площадь Ленина, 6, Артём, Приморский край, Россия",43.354325,132.17989,0.1905934369
4828,3155,8083,"DRUZHBY, 13 A          Kyzyl          ","улица Дружбы, 11, Кызыл, Республика Тыва, Россия, 667005",51.716335,94.479232,0.1648919144
4829,3159,8083,"Krupskoy, 24           Bor            ","улица Крупской, 24, Бор, Нижегородская область, Россия, 606440",56.356622,44.071824,0.1303810436
4830,3166,8083,"Pobedy pr, 67/2        Petropavlovsk-K","проспект Победы, 67/2, Петропавловск-Камчатский, Камчатский край, Россия, 683902",53.070598,158.588014,0.1921558002
4831,3176,8083,"Gagarina pr, 37/39     Nizhniy Novgoro","проспект Гагарина, 37к39, Нижний Новгород, Россия",56.251812,43.973854,0.1818350508
4832,3178,8083,"LENINA, 18             Kyzyl          ","улица Ленина, 18, Кызыл, Республика Тыва, Россия, 667000",51.721742,94.445177,0.06684760358
4833,3181,8083,"Olimpiyskaya, 35       Esto-Sadok     ","Олимпийская улица, 35, село Эстосадок, городской округ Сочи, Краснодарский край, Россия, 354392",43.671371,40.297543,0.08577067349
4834,3182,8083,"R.SVOBODNYY, 4         Ivanovo        ","район Меланжевого Комбината, Советский район, Иваново, Россия",56.993126,41.038626,0.07616414343
4835,3196,8083,"SAIBELYA, 45           Artem          ","улица Владимира Сайбеля, 45, Артём, Приморский край, Россия, 692756",43.396486,132.165463,0.1882712321
4836,3201,8083,"LENINA PROSP., 2       Tomsk          ","проспект Ленина, 2, Томск, Россия, 634028",56.456294,84.950362,0.1452873814
4837,3204,8083,"Rossiyskaya, 257       Krasnodar      ","Российская улица, 257, Краснодар, Россия",45.087148,39.012404,0.05164011482
4838,3205,8083,"ZEMLYANOY VAL, 9       Moskva         ","улица Земляной Вал, 9, Москва, Россия, 105064",55.76169,37.658536,0.15873262
4839,3214,8083,MASHINOSTROITELNAYA 29 Naberezhnyye CH,"Машиностроительная улица, 27, Набережные Челны, Республика Татарстан, Россия, 423800",55.713811,52.402971,0.1365587058
4840,3215,8083,"TALNAKHSKAYA, 47       Norilsk        ","Талнахская улица, 47, Норильск, Красноярский край, Россия, 663318",69.354445,88.206665,0.1773789843
4841,3231,8083,"B.MOSKOVSKAYA,8.2a     Sankt-Peterburg","Большая Московская улица, 8/2, Санкт-Петербург, Россия, 191002",59.926472,30.347983,0.1987886654
4842,3240,8083,B. YAKIMANKA 9         Moskva,"улица Большая Якиманка, 9, Москва, Россия, 119180",55.739696,37.615407,0.2038634319
4843,3242,8083,"SOVETSKAYA, 148, 45    Tambov         ","Советская улица, 148, Тамбов, Россия, 392020",52.734575,41.451097,0.1411580583
4844,3243,8083,"Nomto Ochirova, 16A    Elista         ","улица Номто Очирова, 16, Элиста, Республика Калмыкия, Россия, 358000",46.304418,44.268555,0.2186083167
4845,3255,8083,"MAGISTRALNAYA, 37 A    Kostroma       ","Магистральная улица, 37А, Кострома, Россия, 156011",57.73994,40.918153,0.1415891691
4846,3263,8083,"PETRA ALEKSEEVA, 64    Yakutsk        ","улица Петра Алексеева, 64, Якутск, Республика Саха (Якутия), Россия, 677005",62.043155,129.724956,0.162014148
4847,3265,8083,"Ulyanovskoye sh, 38    Syzran         ","Ульяновское шоссе, 38, Сызрань, Самарская область, Россия",53.180285,48.490906,0.0676499319
4848,3270,8083,"FEDORA POPOVA, 13, 6   Yakutsk        ","улица Федора Попова, 13/6, Якутск, Республика Саха (Якутия), Россия, 677000",62.044757,129.752749,0.1773887126
4849,3279,8083,"PR. GAGARINA, 29       Nizhniy Novgoro","проспект Гагарина, 29, Нижний Новгород, Россия, 603057",56.292053,43.979082,0.1379517655
4850,3288,8083,"SKLADOCHNAYA, 3        Moskva         ","Складочная улица, 3А, Москва, Россия, 127018",55.805027,37.599588,0.09618937338
4851,3291,8083,"PRAVOBEREZHNAYA, 38    Kyzyl          ","Правобережная улица, 38, Кызыл, Республика Тыва, Россия, 667002",51.720581,94.401609,0.1747395012
4852,3294,8083,"ORDZHONIKIDZE, 17      Yakutsk        ","улица Орджоникидзе, 17, Якутск, Республика Саха (Якутия), Россия, 677000",62.03152,129.736436,0.2186083167
4853,3296,8083,"KIROVA, 19             Artem          ","улица Кирова, 19, Артём, Приморский край, Россия",43.356278,132.184022,0.2120278382
4854,3310,8083,"LENINA, 76             Komsomolsk-na-A","проспект Ленина, 76, Комсомольск-на-Амуре, Хабаровский край, Россия, 681035",50.541188,136.969509,0.149072901
4855,3318,8083,"MORDOVTSEVA, 6         Vladivostok    ","улица Мордовцева, 6, Владивосток, Приморский край, Россия, 690091",43.11928,131.88438,0.2186083167
4856,3322,8083,"KIM YU CHENA, 26       KHabarovsk     ","улица Ким Ю Чена, 26, Хабаровск, Россия, 680000",48.486607,135.075842,0.2186083167
4857,3324,8083,"8-y mikrorayon, 67B    Elista         ","8-й микрорайон, 67, Элиста, Республика Калмыкия, Россия",46.304649,44.31109,0.1264092509
4858,3326,8083,"KRIZHIZHANOV,24/35/6   Moskva         ",,,,0.1967844039
4859,3328,8083,"RABOCHAYA, 1           Rybinsk        ","Рабочая улица, 1, Зачерёмушный район, Южный район, Рыбинск, Ярославская область, Россия, 152900",58.041729,38.860993,0.04257556013
4860,3330,8083,"LOMONOSOVA, 29         Velikiy Novgoro","улица Ломоносова, 29, Великий Новгород, Новгородская область, Россия, 173016",58.531493,31.242965,0.1229733407
4861,3336,8083,"Nazara Gubina, 2       CHita          ","улица Назара Губина, 2, посёлок Восточный, Чита, Забайкальский край, Россия, 672023",51.985019,113.26358,0.1211050877
4862,3342,8083,"PUSHKINA, 34           Gusinoozersk   ","улица Пушкина, 34, Гусиноозёрск, Селенгинский район, Республика Бурятия, Россия, 671160",51.288894,106.520996,0.1597520428
4863,3348,8083,"CHERNYAKOVSK., 76, 76B Kaliningrad    ",,,,0.08323994224
4864,3351,8083,"LENINSKIY, 161a        Sankt-Peterburg","Ленинский проспект, 161, Санкт-Петербург, Россия, 196066",59.851801,30.318913,0.1840019705
4865,3357,8083,"Artema, 12             Gubkin         ","улица Артёма, 10, Губкин, Белгородская область, Россия, 309182",51.29304,37.544485,0.05220581966
4866,3360,8083,"KRASN. RABOCHIY,33     Krasnoyarsk    ","проспект имени Газеты Красноярский Рабочий, 33, Красноярск, Россия, 660037",56.012169,92.971796,0.1664978194
4867,3375,8083,"NEGLINNAYA, 4          Moskva         ","Неглинная улица, 4, Москва, Россия, 109012",55.759912,37.621471,0.1474729903
4868,3378,8083,"KRYGINA, 23            Vladivostok    ","улица Крыгина, 23, Владивосток, Приморский край, Россия, 690065",43.089305,131.860862,0.1648946287
4869,3390,8083,"KARLA MARKSA, 18       Astrakhan      ","площадь Карла Маркса, 18, Астрахань, Россия, 414040",46.353561,48.053912,0.08294060664
4870,3396,8083,"LENINA, 113 B          Bor            ","улица Ленина, 113Б, Бор, Нижегородская область, Россия, 606440",56.3594,44.052304,0.1449529126
4871,3403,8083,"SAVUSHKINA, 118        Sankt-Peterburg","улица Савушкина, 118, Санкт-Петербург, Россия, 197374",59.987181,30.211987,0.09351280626
4872,3405,8083,"BOGOLUBOVA, 31         Dubna          ","проспект Боголюбова, 31, Дубна, Московская область, Россия, 141981",56.732035,37.150898,0.2186083167
4873,3414,8083,"SEROVA, 7A             Kyakhta        ","село Кяхта, Шигонский район, Самарская область, Россия",53.481127,48.747393,0.1683377882
4874,3420,8083,"ZARUBINA, 167          Saratov        ","улица Зарубина, 167, Саратов, Россия",51.541568,46.014206,0.1536814054
4875,3427,8083,"KRASNYY PR., 161       Novosibirsk    ","Красный проспект, 161, Новосибирск, Россия, 630049",55.061446,82.911402,0.2024416808
4876,3458,8083,"PR. LENINA, 166        Tomsk          ","проспект Ленина, 166, Томск, Россия, 634009",56.504705,84.948098,0.1434825467
4877,3468,8083,"LADYGINA, 15A          Vladivostok    ","улица Ладыгина, 15А, Владивосток, Приморский край, Россия, 690013",43.11878,131.951439,0.144996091
4878,3474,8083,"VARSHAVSKOE SH., 25A.6 Moskva         ","Варшавское шоссе, 25А, Москва, Россия, 117105",55.69386,37.62201,0.1222369815
4879,3483,8083,"KALININA, 10A          Kyzyl          ","улица Калинина, 10А, Кызыл, Республика Тыва, Россия",51.706687,94.430202,0.2076972174
4880,3484,8083,"2 MKRN, 13A            Elista         ","2-й микрорайон, 13А, Элиста, Республика Калмыкия, Россия",46.305906,44.299709,0.1538137696
4881,3490,8083,"SOVETSKAYA, 66         Lipetsk        ","Советская улица, 66, Липецк, Россия, 398001",52.605818,39.57793,0.2047630564
4882,3493,8083,"SVETLANSKA, 106        Vladivostok    ","Светланская улица, 106, Владивосток, Приморский край, Россия, 690001",43.111988,131.917537,0.1362322173
4883,3495,8083,"VELIKAYA, 22A          Velikiy Novgoro","Великая улица, 22А, Софийская сторона, Великий Новгород, Новгородская область, Россия, 173003",58.542739,31.267202,0.148426522
4884,3499,8083,"Dzhangara, 18          Elista         ","улица Джангара, 18, Элиста, Республика Калмыкия, Россия, 358005",46.31042,44.254263,0.1153596018
4885,3509,8083,"RDZHONIKIDZE,10.1      Yakutsk        ","улица Орджоникидзе, 10/1, Якутск, Республика Саха (Якутия), Россия, 677000",62.03344,129.73746,0.1433717248
4886,3554,8083,"PL. METALLURGOV, 10    Norilsk        ","площадь Металлургов, 10, Норильск, Красноярский край, Россия, 663318",69.358939,88.182985,0.2186083167
4887,3569,8083,"LENINSKIY PR.T, 81.2   Moskva         ","Ленинский проспект, 81/2, Москва, Россия, 119261",55.683244,37.539482,0.2186083167
4888,3572,8083,"LENINSKIY PR.T, 81.2   Moskva         ","Ленинский проспект, 81/2, Москва, Россия, 119261",55.683244,37.539482,0.1800878488
4889,3582,8083,"PRECHISTENKA, 40.2     Moskva         ","улица Пречистенка, 40/2с1, Москва, Россия, 119034",55.739052,37.586679,0.1704326375
4890,3587,8083,"PUSHKINA, 165          Abakan         ","улица Пушкина, 165, Абакан, Республика Хакасия, Россия, 655017",53.715141,91.433719,0.2186083167
4891,3589,8083,"PR. KULTURY, 41        Sankt-Peterburg","проспект Культуры, 41, Санкт-Петербург, Россия, 195276",60.053229,30.389692,0.08223211513
4892,3592,8083,"OSTASHKOVSKOE SH., 1   Mytishchi      ","Осташковское шоссе, 1, Мытищи, Московская область, Россия, 141031",55.897771,37.666072,0.1403613578
4893,3593,8083,"ADO KETSHKOVELI,65A    Krasnoyarsk    ","улица Ладо Кецховели, 65А, Красноярск, Россия, 660001",56.013985,92.812489,0.2125232565
4894,3594,8083,"CHAYKOVSKOGO, 56       YEkaterinburg  ","улица Чайковского, 56, Екатеринбург, Свердловская область, Россия, 620130",56.808915,60.619726,0.131011252
4895,3609,8083,"Pr.Revolyutsii,37      Voronezh       ","проспект Революции, 37, Воронеж, Россия, 394036",51.666926,39.206728,0.1930538906
4896,3617,8083,"KARLA MARKSA, 68       Kursk          ","улица Карла Маркса, 68, Курск, Россия, 305029",51.762129,36.184553,0.1201342908
4897,3638,8083,"BALKANSKAYA PL.,  5    Sankt-Peterburg","Балканская площадь, 5АБ, Санкт-Петербург, Россия, 192281",59.828337,30.378085,0.1481084864
4898,3641,8083,"Marshala Zhukova, 48c1 Moskva         ","проспект Маршала Жукова, 48к1, Москва, Россия, 123154",55.777783,37.465748,0.2186083167
4899,3649,8083,"RYAZANSKIY PR.,  2     Moskva         ","Рязанский проспект, 2, Москва, Россия, 109052",55.730365,37.737309,0.1259409291
4900,3673,8083,"UDALTSOVA, 42          Moskva         ","улица Удальцова, 42, Москва, Россия, 119607",55.683752,37.491063,0.1075448835
4901,3680,8083,"MICHURINSKIY PR., 9,1  Moskva         ","Мичуринский проспект, 9к1, Москва, Россия, 119192",55.700801,37.506442,0.2186083167
4902,3682,8083,"BORKOVSKAYA, 17        Tolyatti       ","Борковская улица, 17, Тольятти, Самарская область, Россия, 445043",53.570664,49.29259,0.09692124045
4903,3687,8083,"YUZHNOE SHOSSE, 5      Samara         ","Южное шоссе, 5, Самара, Россия",53.14038,50.173675,0.1135131547
4904,3703,8083,"MININA, 19             Nizhniy Novgoro","улица Минина, 19/6, Нижний Новгород, Россия, 603000",56.326393,44.022471,0.2186083167
4905,3705,8083,Shosse Moskovskoye  30 Nizhniy Novgoro,"Московское шоссе, 30, Нижний Новгород, Россия, 603002",56.317143,43.918473,0.1457559198
4906,3706,8083,"ILICHA, 6              Novosibirsk    ","улица Ильича, 6, микрорайон Академгородок, Советский район, Новосибирск, Россия, 630090",54.839064,83.095673,0.1181040821
4907,3708,8083,"DYBENKO, 30            Samara         ","улица Дыбенко, 30, Самара, Россия",53.207389,50.197903,0.1509326666
4908,3709,8083,"DYBENKO, 30            Samara         ","улица Дыбенко, 30, Самара, Россия",53.207389,50.197903,0.099652981
4909,3715,8083,"VATUTINA, 107          Novosibirsk    ","улица Ватутина, 107, Новосибирск, Россия, 630024",54.96408,82.936069,0.1120239441
4910,3716,8083,"VATUTINA, 107          Novosibirsk    ","улица Ватутина, 107, Новосибирск, Россия, 630024",54.96408,82.936069,0.1207484655
4911,3717,8083,"VATUTINA, 107          Novosibirsk    ","улица Ватутина, 107, Новосибирск, Россия, 630024",54.96408,82.936069,0.1483390104
4912,3723,8083,"KOSMONAVTOV PR.,45     Sankt-Peterburg","проспект Космонавтов, 45, Санкт-Петербург, Россия, 196233",59.851214,30.350148,0.172289625
4913,3736,8083,"OMAROVA B., 24         Rostov-na-Donu ",,,,0.1861896883
4914,3742,8083,66 KM MKAD             Moskva,"МКАД, 66-й километр, Москва, Россия",55.814836,37.39046,0.1327529373
4915,3744,8083,"ENTUZIASTOV SH,  12/2  Moskva         ","шоссе Энтузиастов, 12к2, Москва, Россия, 111024",55.747363,37.707098,0.1549346765
4916,3746,8083,"60 LET SSSR, 23 A      Lipetsk        ","проспект имени 60-летия СССР, 23А, Липецк, Россия",52.587044,39.53226,0.1791519853
4917,3748,8083,"GEROEV KHASANA, 108    Perm           ","улица Героев Хасана, 108, Пермь, Россия",57.946087,56.265421,0.1411033224
4918,3752,8083,"GEROEV KHASANA, 108    Perm           ","улица Героев Хасана, 108, Пермь, Россия",57.946087,56.265421,0.1571460535
4919,3770,8083,Stasova.182            Krasnodar,"улица Стасова, 182/1, Краснодар, Россия, 350075",45.026546,39.046244,0.1004823182
4920,3774,8083,"Novoye,34-4            Dolgoprudnyy   ","Новое шоссе, 34с4, микрорайон Павельцево, Долгопрудный, Московская область, Россия, 141720",55.971663,37.491602,0.1374232702
4921,3775,8083,"Burdenko, 1            KHimki         ","улица Бурденко, 1, Химки, Московская область, Россия, 141401",55.90305,37.450477,0.1981190742
4922,3780,8083,"MOZHAYSKOE SH., 19     Moskva         ","Можайское шоссе, 19, Москва, Россия, 121471",55.720276,37.43013,0.218018814
4923,3781,8083,"TSENTRALNAYA, 18A      Dubna          ","Центральная улица, 18А, Дубна, Московская область, Россия, 141983",56.757298,37.138456,0.2105029485
4924,3787,8083,"LENINGRADSKIY PR., 50  Yaroslavl      ","Ленинградский проспект, 50, Ярославль, Россия, 150044",57.685782,39.786887,0.1106543625
4925,3792,8083,"MARTENOVSKAY, 11,12    Moskva         ","Мартеновская улица, 11/12, Москва, Россия, 111399",55.756072,37.804781,0.1661385436
4926,3810,8083,"2Y YAMSKAYA, 4         Moskva         ","2-я Ямская улица, 4, Москва, Россия, 127018",55.794629,37.608293,0.2098013221
4927,3813,8083,"LENINA, 80             Abakan         ","проспект Ленина, 80, Абакан, Республика Хакасия, Россия, 655017",53.722819,91.445496,0.1262245396
4928,3818,8083,"LENINSKIY PR.,161      Sankt-Peterburg","Ленинский проспект, 161, Санкт-Петербург, Россия, 196066",59.851801,30.318913,0.1593099955
4929,3828,8083,"RESHETNEVA, 2          ZHeleznogorsk  ","улица Решетнева, 2, Железногорск, Красноярский край, Россия, 662972",56.261383,93.52974,0.1441539496
4930,3835,8083,"K.MARKSA, 34           Nazarovo       ","улица Карла Маркса, 34, Назарово, Красноярский край, Россия",56.012108,90.416152,0.2186083167
4931,3849,8083,"KOCHETOVA, 94          Kyzyl          ","улица Кочетова, 94, Кызыл, Республика Тыва, Россия, 667005",51.718115,94.426249,0.1964439649
4932,3865,8083,"KOMSOMOLSKAYA, 38      Novomoskovsk   ","Комсомольская улица, 38, Новомосковск, Тульская область, Россия, 301650",54.010681,38.29466,0.1766998644
4933,3875,8083,"Belyayeva,14a          Penza          ","улица Беляева, 14, Пенза, Россия, 440028",53.222918,44.980901,0.1043437814
4934,3883,8083,"SHAPOSHNIKOVA, 5       Nizhniy Novgoro","улица Героя Шапошникова, 5, Нижний Новгород, Россия, 603152",56.250627,43.976387,0.2186083167
4935,3886,8083,"Vokzalnaya,45          Komsomolsk-na-A","Вокзальная улица, 45, Комсомольск-на-Амуре, Хабаровский край, Россия, 681010",50.546729,136.989523,0.1856468265
4936,3889,8083,"LENINA PR., 217        Tomsk          ","проспект Ленина, 217, Томск, Россия, 634009",56.51226,84.943211,0.1779169929
4937,3891,8083,"Tomsk, Belinskogo, 63  Tomsk          ","улица Белинского, 63, Томск, Россия, 634034",56.460208,84.956156,0.2186083167
4938,3893,8083,"METALLURGOV, 35        Monchegorsk    ","проспект Металлургов, 35, Мончегорск, Мурманская область, Россия, 184511",67.938586,32.927917,0.1832852807
4939,3894,8083,"GVARDEYSKYY, 4         Nikel          ","Гвардейский проспект, 4, поселок городского типа Никель, Печенгский район, Мурманская область, Россия",69.407878,30.222219,0.1231889644
4940,3906,8083,"Kirova pr-t,257        Samara         ","проспект Кирова, 257, Самара, Россия, 443091",53.23917,50.238462,0.1796001946
4941,3909,8083,"VYBORNAYA, 211         Novosibirsk    ","Выборная улица, 211, Новосибирск, Россия, 630126",54.997419,83.055222,0.132067731
4942,3915,8083,"LIZY CHAYKINOY, 1      Omsk           ","улица Лизы Чайкиной, 1, Омск, Россия, 644021",54.965807,73.414915,0.07494980294
4943,3919,8083,"PR. REVOLYUTSII, 37    Voronezh       ","проспект Революции, 37, Воронеж, Россия, 394036",51.666926,39.206728,0.1905228728
4944,3921,8083,"KRASNOARMEYSKAY, 120   Kemerovo       ","Красноармейская улица, 120, Кемерово, Россия",55.351835,86.071953,0.1891453017
4945,3998,8083,"50-let. Oktyabrya, 28  Ulan-Ude       ","проспект 50 лет Октября, 28, Улан-Удэ, Республика Бурятия, Россия",51.839066,107.599854,0.128093585
4946,4000,8083,"BERINGA, 10            Tomsk          ","улица Беринга, 10, Томск, Россия, 634063",56.516258,85.03368,0.2057442548
4947,4002,8083,"STROITELEY, 17         Ulan-Ude       ","улица Строителей, 17, Улан-Удэ, Республика Бурятия, Россия, 670023",51.843896,107.514398,0.1811365799
4948,4021,8083,"POPOVA, 86             Barnaul        ","улица Попова, 86/260, Барнаул, Алтайский край, Россия, 656062",53.367642,83.675329,0.1613795322
4949,4047,8083,"PIRYATINSKAY, 18       Abakan         ","Пирятинская улица, 18, Абакан, Республика Хакасия, Россия, 655011",53.703262,91.402017,0.1538305557
4950,4050,8083,"TIHOOKEANSKAY, 13B     KHabarovsk     ","Тихоокеанский переулок, 7, Хабаровск, Россия",48.508781,135.042174,0.08237939105
4951,4053,8083,Pr Selmash 98/11       Rostov-na-Donu,"проспект Сельмаш, 98, Ростов-на-Дону, Россия, 344029",47.254381,39.76575,0.159858566
4952,4057,8083,"PER.TOPOGRAFICHES., 12 KHabarovsk     ","Топографический переулок, 12, Хабаровск, Россия, 680000",48.482923,135.072348,0.1564994128
4953,4069,8083,"KRASNOGVARDEYSKAYA, 42 Omsk           ","Красногвардейская улица, 42, Омск, Россия, 644099",54.992441,73.367044,0.08369888977
4954,4071,8083,"KIM YU CHENA, 26       KHabarovsk     ","улица Ким Ю Чена, 26, Хабаровск, Россия, 680000",48.486607,135.075842,0.2186083167
4955,4080,8083,"LOMONOSOVA, 81         Severodvinsk   ","улица Ломоносова, 81, Северодвинск, Архангельская область, Россия, 164500",64.550422,39.78562,0.1128368718
4956,4086,8083,"N.TERNOVSKAYA, 1       Penza          ",,,,0.1561782262
4957,4087,8083,"STOFATO, 12            Abakan         ","улица Стофато, 12, Абакан, Республика Хакасия, Россия, 655009",53.698789,91.403311,0.1956586476
4958,4106,8083,"LENINA, 15             OREKHOVO ZUEVO ","улица Ленина, 15, Орехово-Зуево, Московская область, Россия, 142600",55.797331,38.973894,0.1718065539
4959,4109,8083,"KIM U CHENA, 26        KHabarovsk     ","улица Ким Ю Чена, 26, Хабаровск, Россия, 680000",48.486607,135.075842,0.2186083167
4960,4114,8083,"VERSHININA, 76         Tomsk          ","улица Вершинина, 76, Томск, Россия, 634045",56.450712,84.96566,0.182548134
4961,4115,8083,"LENINGRADSKAY, 40      Progress pgt.  ","Ленинградская улица, 40, посёлок городского типа Прогресс, Амурская область, Россия, 676790",49.742854,129.675,0.1789097612
4962,4116,8083,"ZAGORODNAYA, 177       Blagoveshchensk","Загородная улица, 177, Благовещенск, Амурская область, Россия",50.285633,127.490226,0.1365727341
4963,4117,8083,"BRESTSKAYA, 2          Orenburg       ","Брестская улица, 2, Оренбург, Россия, 460047",51.836712,55.133777,0.1578714604
4964,4119,8083,"AMMOSOVA, 9            Yakutsk        ","улица Аммосова, 9, Якутск, Республика Саха (Якутия), Россия, 677018",62.026246,129.734999,0.1740969936
4965,4124,8083,"TOTMINA, 6             Krasnoyarsk    ","улица Тотмина, 6, микрорайон Северо-Западный, Красноярск, Россия",56.031553,92.775766,0.1967198441
4966,4129,8083,"BELINSKOGO, 82A        Kuznetsk       ","улица Белинского, 82А, Кузнецк, Пензенская область, Россия",53.118708,46.587197,0.1097171097
4967,4141,8083,"KIROVA, 48             Artem          ","улица Кирова, 48, Артём, Приморский край, Россия, 692760",43.355184,132.195377,0.1281542777
4968,4142,8083,"KRZHIZHANOVSKOGO, 2    Yakutsk        ","улица Кржижановского, 2, Загородный квартал, Якутск, Республика Саха (Якутия), Россия, 677004",62.059266,129.772917,0.1390058256
4969,4146,8083,"Lenina, 17             YElizovo       ","улица Ленина, 17, Елизово, Камчатский край, Россия, 684000",53.186997,158.384851,0.2186083167
4970,4150,8083,"NOVAYA, 4              Orenburg       ","Новая улица, 4, Оренбург, Россия, 460022",51.811284,55.091305,0.1211563338
4971,4154,8083,"YAMSKAYA, 76           Tyumen         ","Ямская улица, 76, Тюмень, Россия, 625001",57.162342,65.497605,0.1829395202
4972,4158,8083,"Gorkogo, 16            Sarapul        ","улица Горького, 16, Центральный район, Сарапул, Удмуртская Республика, Россия, 427960",56.476065,53.814655,0.05944067719
4973,4160,8083,"KHIMIKOV, 43           OMSK           ","улица Химиков, 43, микрорайон Городок Нефтяников, Омск, Россия, 644088",55.037629,73.289556,0.2186083167
4974,4175,8083,"VLASIKHINSKAYA, 65     Barnaul        ","Власихинская улица, 65, Барнаул, Алтайский край, Россия, 656006",53.326218,83.690492,0.09601044849
4975,4178,8083,"KRASNOY ARMII, 1       Ivanovo        ","улица Красной Армии, 1, Иваново, Россия, 153000",56.995048,40.978062,0.1748363518
4976,4192,8083,"URITSKOGO, 24          Kansk          ","улица Урицкого, 24, Канск, Красноярский край, Россия, 663600",56.20524,95.69644,0.1632507852
4977,4194,8083,"MIRA, 19               Krasnoyarsk    ","проспект Мира, 19, Красноярск, Россия, 660049",56.012637,92.885558,0.2131491795
4978,4195,8083,"VANEEVA, 2             Minusinsk      ","улица Ванеева, 2, Минусинск, Красноярский край, Россия, 662603",53.689673,91.674458,0.2186083167
4979,4198,8083,"SVOBODNIY, 79          Krasnoyarsk    ","Свободная улица, микрорайон Энергетики, Ленинский район, Красноярск, Россия",56.001831,93.029207,0.1751548932
4980,4199,8083,"P. SMORODINA, 13A      Lipetsk        ","улица Петра Смородина, 13А, Липецк, Россия",52.588658,39.535422,0.1952247941
4981,4216,8083,"MOSKOVSKIY, 171a       Sankt-Peterburg",,,,0.2014918648
4982,4219,8083,"GOR'KOGO, 55           Kaliningrad    ","улица Горького, 55, Калининград, Россия, 236029",54.727656,20.508682,0.1036944272
4983,4226,8083,"KULAKOVSKOGO, 48       Yakutsk        ","улица Кулаковского, 48, Якутск, Республика Саха (Якутия), Россия, 677013",62.016906,129.703944,0.1436291367
4984,4229,8083,"ENERGETIKOV, 2         Yakutsk        ","переулок Энергетиков, 2, Якутск, Республика Саха (Якутия), Россия, 677001",62.045892,129.764508,0.1305494704
4985,4239,8083,metro Rechnoy Vokzal   Novosibirsk,"метро Речной вокзал, Ленинская линия, Новосибирск, Россия",55.008573,82.937821,0.09253418455
4986,4240,8083,"VOYKOVA, 1B            Murom          ","улица Войкова, 1, Муром, Владимирская область, Россия, 602256",55.579943,42.036655,0.1916157961
4987,4243,8083,"SH.Petropavlovskoye,19 Petropavlovsk-K","Петропавловское шоссе, 19, Петропавловск-Камчатский, Камчатский край, Россия",52.976878,158.692021,0.1341395404
4988,4248,8083,"OYUNSKOGO, 5           Yakutsk        ","улица Ойунского, 5, Якутск, Республика Саха (Якутия), Россия, 677027",62.026811,129.715694,0.2062864762
4989,4252,8083,"CHEKHOVA, 37           YUzhno-Sakhalin","улица Чехова, 37, Южно-Сахалинск, Сахалинская область, Россия",46.95694,142.735373,0.2186083167
4990,4269,8083,"KUSTARNIY,1            TOMSK          ","Кустарный переулок, 1, микрорайон Телецентр, Томск, Россия, 634003",56.496145,84.965974,0.2092409989
4991,4273,8083,"KALININA, 69           Kazan          ","улица Калинина, 69, Вахитовский район, Казань, Республика Татарстан, Россия, 420043",55.783463,49.14841,0.2001798622
4992,4277,8083,"BOLSHEVISTSKAYA,52.1   Novosibirsk    ","Большевистская улица, 52/1, Новосибирск, Россия, 630083",54.994987,82.965875,0.1209603948
4993,4284,8083,"MOZHAYSKOE SH., 19     Moskva         ","Можайское шоссе, 19, Москва, Россия, 121471",55.720276,37.43013,0.1814857071
4994,4285,8083,"TVERSKAY, 15           Moskva         ","Тверской бульвар, 15с1, Москва, Россия, 123104",55.760986,37.600657,0.2186083167
4995,4299,8083,"LEBEDEVA, 1            Bolshoy Kamen  ","улица Лебедева, 1, Большой Камень, Приморский край, Россия",43.115457,132.340176,0.09240494313
4996,4300,8083,"LEBEDEVA, 1            Bolshoy Kamen  ","улица Лебедева, 1, Большой Камень, Приморский край, Россия",43.115457,132.340176,0.1007079516
4997,4303,8083,"Krasnoarmeyskaya, 88   CHelyabinsk    ","Красноармейская улица, 88, Челябинск, Россия, 454090",55.167858,61.412714,0.08835091129
4998,4305,8083,"Kosmonavtov SH, 393/1  Perm           ","шоссе Космонавтов, 393/1, Пермь, Россия, 614500",57.95178,56.118474,0.0356184768
4999,4320,8083,"LENINA, 31             KHorinsk       ","улица Ленина, 31, село Хоринск, Хоринский район, Республика Бурятия, Россия",52.159929,109.766528,0.106889784
5000,4325,8083,"Tushinskaya, 17        Moskva         ","Тушинская улица, 17, Москва, Россия, 125362",55.82666,37.44479,0.1193896136
5001,4352,8083,"Mik-on 4,16            Luchegorsk     ","посёлок городского типа Лучегорск, 2, Пожарский район, Приморский край, Россия",46.444951,134.30507,0.2116676031
5002,4371,8083,"PUGACHEVA,96           Saratov        ","улица имени Е.И. Пугачёва, 96, Саратов, Россия",51.535058,46.013901,0.1353198168
5003,4377,8083," Bakhturova, 12        Volgograd      ","улица Бахтурова, 12, Волгоград, Россия",48.528123,44.575958,0.07908239018
5004,4378,8083,"Pushkina , 165         Abakan         ","улица Пушкина, 165, Абакан, Республика Хакасия, Россия, 655017",53.715141,91.433719,0.1618690305
5005,4380,8083,"Moskovskiy pr, 129/1   Voronezh       ","Московский проспект, 129/1, Воронеж, Россия, 394005",51.717747,39.177533,0.1474715856
5006,4408,8083,"LENINGRADSKIY PR., 55  Moskva         ","Ленинградский проспект, 55, Москва, Россия, 125167",55.801369,37.525612,0.1358181766
5007,4416,8083,"LENINA, 220            YUzhno-Sakhalin","улица Ленина, 220, Южно-Сахалинск, Сахалинская область, Россия, 693020",46.958779,142.72921,0.1514732051
5008,4430,8083,"TSentralnaya, 19       Berezovka      ","Центральная улица, село Березовка, Майнский район, Ульяновская область, Россия",54.051202,47.62334,0.1845387936
5009,8527,32,"ESENINA, 15 A          Y-SAKHALINSK   ","улица Есенина, 15А, Южно-Сахалинск, Сахалинская область, Россия, 693013",46.930307,142.747428,0.08228272683
5010,8528,32,"PORTOVAYA, 10          KORSAKOV       ","Портовая улица, 10, Корсаков, Сахалинская область, Россия, 694020",46.619532,142.768287,0.02297445704
5011,8683,32,"KHIMKI, MOSKOVSKAYA, 14MOSCOW         ",,,,-0.1154414603
5012,8687,32,"MANEZHNAYA PL., 1, STR.MOSCOW         ","Кремль, вл1, Москва, Россия",55.751421,37.613359,-0.08762740266
5013,36,32,"KOMSOMOLSKAYA, 76      TOLYATTI       ","Комсомольская улица, 76, Тольятти, Самарская область, Россия, 445009",53.519311,49.416485,0.1333491693
5014,40,32,"TALNAKHSKAYA, 56       NORILSK        ","Талнахская улица, 56, Норильск, Красноярский край, Россия, 663318",69.356626,88.205551,0.1732718086
5015,41,32,"MOSKOVSKAYA, 2         KYZYL          ","Московская улица, 2, Кызыл, Республика Тыва, Россия, 667010",51.705247,94.40575,0.1545328149
5016,48,32,"SOLNECHNAYA, 18.3      KRASNODAR      ","Солнечная улица, 18/3, Краснодар, Россия",45.071466,39.0044,0.1527974602
5017,50,32,"VERESHCHAGINA, 45      CHEREPOVETS    ","улица Верещагина, 45, Череповец, Вологодская область, Россия, 162606",59.128145,37.91549,0.1512257298
5018,302,32,"BOLSH. MORSKAYA,14A    S.PETERBURG    ","Большая Морская улица, 14, Санкт-Петербург, Россия, 191186",59.935958,30.317674,-0.124396584
5019,305,32,"PR.100LET VLADIV,88    VLADIVOSTOK    ",,,,-0.06482870483
5020,310,32,"POKROVKA, 31.1         MOSCOW         ","улица Покровка, 31с1, Москва, Россия, 105062",55.760844,37.649409,-0.1212944231
5021,312,32,"VARSHAVSKOE, 1C.1.2    MOSCOW         ","Варшавское шоссе, 1с1, Москва, Россия, 117105",55.703987,37.626187,-0.06204000536
5022,1981,496.5,BATAREYNAYA 273           SLAVYANSK-N-,"Батарейная улица, 273, Славянск-на-Кубани, Краснодарский край, Россия, 353560",45.255846,38.115832,0.01624777489
5023,1983,496.5,KULIBINA 3                N.NOVGOROD,"улица Кулибина, 3, Нижний Новгород, Россия, 603022",56.307392,43.989053,-0.06326281557
5024,1986,496.5,SOVETSKAYA 107            KUTULIK,"Советская улица, 107, посёлок Кутулик, Аларский район, Иркутская область, Россия, 669451",53.351768,102.785064,-0.07081020358
5025,1996,496.5,KARLA MARKSA 1B           ZHUKOVKA,"улица Карла Маркса, 1, Жуковка, Брянская область, Россия, 242700",53.533292,33.726601,0.02823739979
5026,2004,496.5,KOVALYA 50A               KALININSKAYA,"улица Коваля, 50А, станица Калининская, Калининский район, Краснодарский край, Россия",45.485917,38.667928,-0.03767894398
5027,2009,496.5,LENINA 28                 SHALINSKOYE,"улица Ленина, 28, село Шалинское, Манский район, Красноярский край, Россия, 663510",55.719485,93.761523,-0.1082009779
5028,2019,496.5,VOLKOVA 16-B              NOVOMICHURIN,"улица Волкова, 16, Новомичуринск, Пронский район, Рязанская область, Россия, 391160",54.038894,39.7479,-0.107982461
5029,2024,496.5,KOMMUNAROV 89             ELETS,"улица Коммунаров, 89, Елец, Липецкая область, Россия, 399783",52.626256,38.474619,-0.02465160325
5030,2851,496.5,VESELOVSKOGO 45           SARANSK,"улица Веселовского, 45, Саранск, Республика Мордовия, Россия, 430021",54.225496,45.127192,-0.1185289809
5031,2881,496.5,SADOVAYA 19A              YADRIN,"Садовая улица, 19А, Ядрин, Чувашская Республика, Россия, 429060",55.946068,46.200328,-0.06310237735
5032,2883,496.5,VODOPIANOVA 17A           LIPETSK,"улица Водопьянова, 17А, Липецк, Россия, 398046",52.591285,39.544009,-0.04686416669
5033,2887,496.5,MENDELEEVA 47A            KURSK,"улица Менделеева, 47А, Курск, Россия, 305045",51.669769,36.074006,-0.02209702986
5034,2892,496.5,SOVETSKAYA 74             SCHERBAKUL,"Советская улица, 74, посёлок городского типа Шербакуль, Шербакульский район, Омская область, Россия, 646700",54.631358,72.397079,-0.07367858176
5035,2902,496.5,KIROVA 68                 TOMSK,"проспект Кирова, 68, Томск, Россия, 634012",56.461228,84.991289,-0.05493165459
5036,2910,496.5,SOVETSKAYA 17             SAKMARA,"Советская улица, 17, село Сакмара, Сакмарский район, Оренбургская область, Россия, 461420",51.983798,55.33553,-0.1058553871
5037,2917,496.5,WILLIAMSA 26              TULA,"улица Вильямса, 26, Тула, Россия, 300010",54.207911,37.68942,-0.07986037185
5038,2925,496.5,SREDNE-MOSKOVSKAYA 32B    VORONEZH,"Средне-Московская улица, 32, Воронеж, Россия, 394030",51.667864,39.197152,-0.05844331821
5039,2926,496.5,POLKA NORMANDI NEMAN 69   IVANOVO,"улица Полка Нормандия-Неман, 69, Иваново, Россия, 153043",57.030989,40.980155,-0.0906849085
5040,2932,496.5,POCHTOVAYA 21A            ODESSKOYE,"Почтовая улица, 21, село Одесское, Одесский район, Омская область, Россия, 646860",54.210823,72.96097,0.0219443068
5041,2933,496.5,NOVGORODSKAYA 37          ANDREAPOL,"Новгородская улица, 37, Андреаполь, Тверская область, Россия",56.6469,32.273099,-0.09366601722
5042,2937,496.5,LENINA 35                 OBOYAN,"улица Ленина, 35, Обоянь, Курская область, Россия",51.21096,36.269695,0.01075846107
5043,2938,496.5,LENINA 88A                OBOYAN,"улица Ленина, 88А, Обоянь, Курская область, Россия, 306230",51.212664,36.28706,0.006970162647
5044,2943,496.5,SOVETSKAYA 45             MEDVENKA,"Советская улица, 45, посёлок городского типа Медвенка, Медвенский район, Курская область, Россия, 307030",51.418249,36.110639,-0.09682053804
5045,2949,496.5,KORABELNAYA 41            ULAN-UDE,"Корабельная улица, 41, Улан-Удэ, Республика Бурятия, Россия, 670000",51.834842,107.573085,-0.02484719157
5046,2956,496.5,TSENTRALNAYA 11           VEYDELEVKA,"Центральная улица, 11, посёлок городского типа Вейделевка, Вейделевский район, Белгородская область, Россия, 309720",50.150135,38.443915,-0.07667260954
5047,2961,496.5,LENINA SQ. 5A             KSTOVO,"площадь Ленина, 5А, Кстово, Нижегородская область, Россия, 607657",56.150499,44.211296,-0.05681737569
5048,2962,496.5,RECHNAYA 1                MORSHANSK,"Речная улица, 1, Моршанск, Тамбовская область, Россия, 393959",53.43261,41.813962,0.04000991006
5049,2977,496.5,K.MARKSA 20               SVOBODNYY,"улица Карла Маркса, 20, Свободный, Амурская область, Россия",51.375822,128.135405,0.001297215822
5050,4454,496.5,LENINA 50                 PERM,"улица Ленина, 50, Пермь, Россия",58.011861,56.242253,0.0225076059
5051,4461,496.5,SVERDLOVA 4               ISETSKOYE,"улица Свердлова, 4, село Исетское, Исетский район, Тюменская область, Россия, 626380",56.475916,65.329395,-0.003277330547
5052,4462,496.5,LENINA 213                YU-SAKHALINS,"улица Ленина, 213, Южно-Сахалинск, Сахалинская область, Россия, 693020",46.954689,142.730917,0.02976280193
5053,4465,496.5,LENINA 117                KEMEROVO,"проспект Ленина, 117, Кемерово, Россия, 650056",55.344628,86.14672,-0.05635093729
5054,4476,496.5,KRASNOARMEYSKAYA 78       MELENKI,"Красноармейская улица, 78, Меленки, Владимирская область, Россия, 602102",55.339498,41.631164,0.0950231038
5055,4494,496.5,SALMYSHSKAYA 41           ORENBURG,"Салмышская улица, 41, Оренбург, Россия",51.827217,55.163215,-0.08157905807
5056,4522,496.5,50 LET OKTYABRYA 16/1     PETROPAVLOVS,"проспект 50 лет Октября, 16/1, Петропавловск-Камчатский, Камчатский край, Россия, 683024",53.056988,158.63505,0.0409361346
5057,4528,496.5,LUNACHARSKOGO 19B         VALDAY,"улица Луначарского, 19А, Валдай, Новгородская область, Россия, 175400",57.975584,33.252479,0.03828173745
5058,4547,496.5,RESPUBLIKANSKAYA 108      YAROSLAVL,"Республиканская улица, 108/1, Ярославль, Россия, 150000",57.622689,39.876961,-0.100121429
5059,4555,496.5,POBEDY 48                 KURSK,"проспект Победы, 48, Курск, Россия, 305014",51.781763,36.171851,-0.04921206352
5060,4557,496.5,GOGOLYA 2A                UZHUR,"улица Гоголя, 2А, Ужур, Красноярский край, Россия, 662252",55.316703,89.832229,-0.09532709975
5061,4560,496.5,BELINSKOGO 148            KUZNETSK,"улица Белинского, 148, Кузнецк, Пензенская область, Россия",53.111065,46.612888,-0.1064779891
5062,4567,496.5,OKTIABRSKAYA 51           SENGILEY,"Октябрьская улица, 51, Сенгилей, Ульяновская область, Россия",53.962615,48.792084,-0.04001134376
5063,4575,496.5,MINSKAYA 27               KUZNETSK,"Минская улица, 27, Кузнецк, Пензенская область, Россия, 442537",53.108233,46.567488,-0.0774633149
5064,4580,496.5,LENINA 62/1               YALUTOROVSK,"улица Ленина, 62С1, Ялуторовск, Тюменская область, Россия, 627014",56.657494,66.30749,-0.04640877141
5065,4590,496.5,SOVETSKAYA 33A            S. TERNOVKA,"Советская улица, 33А, село Терновка, Терновский район, Воронежская область, Россия",51.686512,41.589878,-0.09288684897
5066,4602,496.5,GASTELLO 30/11            TAMBOV,"улица Гастелло, 30, Тамбов, Россия, 392009",52.717646,41.415353,-0.05556884173
5067,4611,496.5,PERENSONA 33              KRASNOYARSK,"улица Перенсона, 33, Красноярск, Россия, 660049",56.015047,92.865921,0.003661506855
5068,4618,496.5,UL.VESNI 7B               KRASNOYARSK,"улица Весны, 7, микрорайон Взлётка, Советский район, Красноярск, Россия",56.037916,92.909669,-0.06129974759
5069,4622,496.5,SHOSSEYNAYA 8             KOZLOVKA,"Шоссейная улица, 8, Козловка, Чувашская Республика, Россия",55.839011,48.254748,-0.1006705315
5070,4623,496.5,"PR-T. KOMAROVA 2, KOR.2   OMSK        ","проспект Комарова, 2/2, Омск, Россия, 644119",54.997724,73.282701,-0.1029697731
5071,4625,496.5,KRASN.RABOCHIY 27         KRASNOYARSK,"проспект имени Газеты Красноярский Рабочий, 27, Красноярск, Россия, 660037",56.019888,93.005456,-0.09358685459
5072,4627,496.5,GAGARINA 68               MTSENSK,"улица Гагарина, 68, Мценск, Орловская область, Россия",53.27755,36.573793,-0.08947482733
5073,4629,496.5,GRAZHDANSKAYA 10          KOLOMNA,"Гражданская улица, 10, Коломна, Московская область, Россия, 140400",55.096523,38.760149,0.01586588852
5074,4637,496.5,KALININA 120              KHABAROVSK,"улица Калинина, 120, Хабаровск, Россия, 680000",48.480002,135.055801,0.01440743943
5075,4650,496.5,KOMSOMOLSKAYA 32          SUHOBUZIMSKO,"Комсомольская улица, 32, село Сухобузимское, Сухобузимский район, Красноярский край, Россия, 663040",56.50167,93.27743,-0.03201577774
5076,4653,496.5,BABUSHKINA 33             CHITA,"улица Бабушкина, 33, Чита, Забайкальский край, Россия, 672039",52.030549,113.521683,-0.0366591302
5077,4657,496.5,SOVETSKAYA 21             KARATUZSKOE,"Советская улица, 21, село Каратузское, Каратузский район, Красноярский край, Россия, 662850",53.603007,92.87485,-0.1161020806
5078,4663,496.5,ENGELSA 6                 SLOBODSKOY,"улица Энгельса, 6, Слободской, Кировская область, Россия, 613150",58.732932,50.181733,0.0860373142
5079,4664,496.5,BOYTSOV 9-DIVIZIYI 179    KURSK,"улица Бойцов 9-й Дивизии, 179, Курск, Россия, 305003",51.731209,36.152699,-0.1038205445
5080,4688,496.5,GORKOGO 37                MALINO,"улица Горького, 37, рабочий посёлок Малино, городской округ Ступино, Московская область, Россия, 142850",55.125757,38.16806,-0.00893982326
5081,4695,496.5,"POBEDY AVE, 27            PENZA       ","проспект Победы, 27, Пенза, Россия, 440011",53.21682,44.982114,-0.1101111626
5082,4696,496.5,PLEKHANOVA 19             PENZA,"улица Плеханова, 19, Пенза, Россия, 440000",53.200269,45.012082,-0.007819577747
5083,4702,496.5,SOVETSKAYA 7              BASHMAKOVO,"Советская улица, 7, поселок городского типа Башмаково, Башмаковский район, Пензенская область, Россия, 442060",53.210964,43.038159,-0.06189893565
5084,4717,496.5,TOMSKAYA 20               KISELIOVSK,"Томская улица, 20, Киселёвск, Кемеровская область, Россия, 652707",53.970767,86.723061,-0.04086659104
5085,8479,496.5,POYARKOVA 10              YAKUTSK,"улица Пояркова, 10, Якутск, Республика Саха (Якутия), Россия, 677000",62.038456,129.737397,0.04976505365
5086,8491,496.5,MIRA 7                    MOZHAYSK,"улица Мира, 7, Можайск, Московская область, Россия, 143200",55.505541,36.028983,-0.0149147543
5087,8495,496.5,SOVETSKAYA 25             S. MAYA,,,,-0.1184593731
5088,8507,496.5,HRUSTALNAYA 19B           ULYANOVSK,"Хрустальная улица, 19, Ульяновск, Россия, 432044",54.259553,48.335668,-0.07383090761
5089,8543,496.5,LENINA 142                BLAGOVESCHNS,"улица Ленина, 142, Благовещенск, Амурская область, Россия",50.259294,127.516331,-0.07337526021
5090,8544,496.5,LENINGRADSKAYA 100        PETROPAVLOVS,"Ленинградская улица, 100, Петропавловск-Камчатский, Камчатский край, Россия, 683003",53.037782,158.658541,-0.01047392734
5091,8555,496.5,BORISA BOGATKOVA 201      NOVOSIBIRSK,"улица Бориса Богаткова, 201, Новосибирск, Россия, 630089",55.035364,82.973745,-0.004055051664
5092,8561,496.5,RYDZINSKOGO 24/2          YAKUTSK,"улица Рыдзинского, 24/2, Якутск, Республика Саха (Якутия), Россия, 677005",62.048814,129.718703,-0.07190356463
5093,8569,496.5,OKTYABRSKAYA 8            UZLOVAYA,"Октябрьская улица, 8, Узловая, Тульская область, Россия, 301600",53.975374,38.157666,-0.09407090327
5094,8571,496.5,"LENINA AVE, 26A           CHELYABINSK ","проспект Ленина, 26А, Челябинск, Россия, 454007",55.161908,61.431345,-0.05460745515
5095,8579,496.5,GAGARINA 23               CHEBOKSARY,"улица Юрия Гагарина, 23, Чебоксары, Чувашская Республика, Россия",56.128009,47.265155,-0.109258928
5096,8580,496.5,PROSP. OKTYABRSKY 101     TVER,"Октябрьский проспект, 101, Тверь, Россия, 170043",56.815828,35.886573,-0.08136820331
5097,8586,496.5,YAROSHENKO 1              NIZHNIY NOVG,"улица Ярошенко, 1, Нижний Новгород, Россия, 603035",56.330156,43.854432,-0.1206616895
5098,8599,496.5,BUYKO 20A                 ULAN-UDE,"улица Буйко, 20А, Улан-Удэ, Республика Бурятия, Россия, 670002",51.848559,107.620246,-0.05110795642
5099,8602,496.5,RILENKOVA 61A             SMOLENSK,"улица Рыленкова, 61А, Смоленск, Россия, 214036",54.759358,32.105366,-0.05395832862
5100,8603,496.5,NOVOMOSKOVSKAYA 2/8       SMOLENSK,"Ново-Московская улица, 2/8, Смоленск, Россия, 214012",54.79429,32.055707,-0.06118382069
5101,8605,496.5,ZHORNITSKOGO 33           YAKUTSK,"улица Жорницкого, 33, Якутск, Республика Саха (Якутия), Россия, 677015",62.063304,129.715272,0.002322025099
5102,8609,496.5,LENINA 45                 VYAZNIKI,"улица Ленина, 45, Вязники, Владимирская область, Россия, 601443",56.239658,42.11603,0.03722502019
5103,8616,496.5,KHROMOVA 17/1             TVER,"улица Хромова, 17к1, Тверь, Россия, 170039",56.880415,35.845951,-0.09404913296
5104,8637,496.5,KIROVA 391                SAMARA,"проспект Кирова, 391, Самара, Россия, 443114",53.249979,50.224978,-0.09723538359
5105,8653,496.5,MOSKOVSKIY 89             BRYANSK,"Московский проспект, 89, Брянск, Россия, 241004",53.212382,34.441875,-0.1286170648
5106,8656,496.5,MOSKOVSKAYA 212           KALUGA,"Московская улица, 212, Калуга, Россия",54.530985,36.268743,0.0140591132
5107,8661,496.5,LENINA 31                 TARBAGATAY,"улица Ленина, 29, село Тарбагатай, Тарбагатайский район, Республика Бурятия, Россия",51.478281,107.371296,0.0624621691
5108,8668,496.5,SHAKHTAMANOVA 3A          KHASAVYURT,"Хасавюрт, 1А, Республика Дагестан, Россия",43.235416,46.577701,-0.07981619098
5109,8672,496.5,KOMSOMOLSKAYA 86          S. KRASNY YA,"Комсомольская улица, 86, село Красный Яр, Красноярский район, Самарская область, Россия, 446370",53.497076,50.387735,-0.08348655709
5110,8675,496.5,SH. KRIKKOVSKOE 20        KINGISEPP,"Крикковское шоссе, 20, Кингисепп, Ленинградская область, Россия, 188480",59.387921,28.611306,-0.05753215778
5111,8694,496.5,KRASNAYA 6                RTISHEVO,"Красная улица, 6, Ртищево, Саратовская область, Россия, 412031",52.25697,43.785279,-0.002359889748
5112,8707,496.5,ILYICHA 30                SHATURA,"проспект Ильича, 30, Шатура, Московская область, Россия, 140700",55.575307,39.536347,0.01458974267
5113,8721,496.5,DOLGORUKOVSKAYA 40        MOSKVA,"Долгоруковская улица, 40, Москва, Россия, 127006",55.778137,37.6024,0.05164011482
5114,8737,496.5,"LERMONTOVSKIY AVE, 2/1    MOSCOW      ","Лермонтовский проспект, 2к1, Москва, Россия, 109145",55.703961,37.84481,0.0267587627
5115,8738,496.5,OKTYABRSKAYA 24           YAKUTSK,"Октябрьская улица, 24, Якутск, Республика Саха (Якутия), Россия, 677027",62.028887,129.716089,0.03685856344
5116,8748,496.5,MOSKOVSKAYA 9/8           MELNIKOVO,"Московская улица, 9/8, село Мельниково, Шегарский район, Томская область, Россия",56.549998,84.090512,-0.1124131134
5117,8749,496.5,BELYAEVA 1                SMOLENSK,"улица Беляева, 1, Смоленск, Россия, 214012",54.792613,32.048341,-0.1205167593
5118,8754,496.5,LENINA 102                NACHALOVO,"улица Ленина, 102, село Началово, Приволжский район, Астраханская область, Россия, 416450",46.339545,48.211692,-0.05633335103
5119,8773,496.5,PARTIZANSKAYA 2           ARTEM,"Партизанская улица, 2, Артём, Приморский край, Россия, 692760",43.352221,132.175542,-0.007323223411
5120,8777,496.5,VOROVSKOGO 135            KIROV,"улица Воровского, 135, Киров, Россия",58.598578,49.605311,-0.08507428356
5121,8782,496.5,OKTYABRSKAYA 10A          KAMEN-RYBOLO,"Октябрьская улица, 10, село Камень-Рыболов, Ханкайский район, Приморский край, Россия, 692684",44.744383,132.045358,-0.009595047008
5122,8796,496.5,MKR.7 1A                  ELISTA,"7-й микрорайон, 1А, Элиста, Республика Калмыкия, Россия",46.304468,44.298011,-0.06755228558
5123,8803,496.5,LENINA 241                ELISTA,"улица В.И. Ленина, 241, Элиста, Республика Калмыкия, Россия",46.308228,44.264674,0.02246580151
5124,8805,496.5,PUSHKINA 59               TROITSKOE,"улица Пушкина, 59, село Троицкое, Липецкий район, Липецкая область, Россия, 398530",52.495802,39.51088,-0.03850392818
5125,8806,496.5,CHKALOVA 14               S. TROITSKOY,"улица Чкалова, 14, Шемуршинский район, Чувашская Республика, Россия",54.879583,47.567142,-0.09704291458
5126,7,496.5,SHELESTA 116A             KHABAROVSK,"улица Шелеста, 116А, Хабаровск, Россия, 680042",48.520503,135.052576,-0.04876920598
5127,15,496.5,LENINA 185                DYATKOVO,"улица Ленина, 185, Дятьково, Брянская область, Россия, 242603",53.60189,34.332083,-0.05228538771
5128,65,496.5,KRASNOARMEYSKAYA 102      KYZYL,"Красноармейская улица, 102, Кызыл, Республика Тыва, Россия, 667000",51.716977,94.439535,0.01794763976
5129,69,496.5,KOLOMEYTSEVA 13A          YASHKUL,"улица Коломейцева, 13, поселок Яшкуль, Яшкульский район, Республика Калмыкия, Россия, 359150",46.171941,45.352265,-0.03134548748
5130,79,496.5,DZERZHINSKOGO 57          KINTSY,"улица Дзержинского, 57, Клинцы, Брянская область, Россия, 243140",52.752844,32.247372,-0.0154044291
5131,91,496.5,PERVOMAYSKAYA 4           FEDOROVSKAYA,"Первомайская улица, 1, станица Фёдоровская, Абинский район, Краснодарский край, Россия, 353315",45.080122,38.464091,0.05433525589
5132,98,496.5,GORKOGO 122               VOLOGDA,"улица Горького, 122, Вологда, Россия, 160014",59.221569,39.912516,-0.009235077725
5133,130,496.5,SKORIKOVA 17              BELOGORSK,"улица Скорикова, 17, Белогорск, Амурская область, Россия, 676850",50.919277,128.480043,-0.06046316274
5134,134,496.5,KOCHETOVA 62              KYZYL,"улица Кочетова, 62, Кызыл, Республика Тыва, Россия, 667000",51.718969,94.43375,-0.03721889482
5135,138,496.5,STOLBOVAYA 54A/1          ULAN-UDE,"Столбовая улица, 54А, Улан-Удэ, Республика Бурятия, Россия, 670047",51.804602,107.634538,-0.1224080409
5136,146,496.5,SHKOTOVA 4                KHABAROVSK,"улица Шкотова, 4, Хабаровск, Россия, 680014",48.465147,135.120704,-0.08612291486
5137,147,496.5,SUSHEVSKIY VAL 46         MOSCOW,"улица Сущёвский Вал, 46, Москва, Россия, 127018",55.792696,37.612551,-0.03023011386
5138,327,1022,ABB 4 M. VAKHITOVA        KAZAN,"переулок Вахитова, Казань, Республика Татарстан, Россия",55.796127,49.106414,-0.08503765605
5139,371,1022,ABB 16 GARIFA AKHUNOVA    KAZAN,"улица Гарифа Ахунова, 16, Казань, Республика Татарстан, Россия, 420064",55.72814,49.175854,-0.07691743877
5140,382,1022,ABB 100 RIKHARDA ZORGE    KAZAN,"улица Рихарда Зорге, 100, Казань, Республика Татарстан, Россия, 420139",55.741733,49.221183,-0.08122054418
5141,1923,1022,ABB 69 CHISTOPOLSKAYA     KAZAN,"Чистопольская улица, 69, Казань, Республика Татарстан, Россия, 421001",55.81997,49.141565,-0.1254465834
5142,2014,1022,ABB 7A OKRUZHNOE SH.      ELABUGA,"Окружное шоссе, 7А, Елабуга, муниципальное образование город Елабуга, Республика Татарстан, Россия, 423606",55.757744,52.000588,-0.09635585705
5143,2882,1022,ABB 176 M.SEDINA          KRASNODAR,"улица Митрофана Седина, 176, микрорайон Центральный, Краснодар, Россия, 350015",45.040884,38.983003,-0.0567039155
5144,2929,1022,ABB 2 GAGARINA            NIZHNEKAMSK,"улица Гагарина, 2, Нижнекамск, Республика Татарстан, Россия, 423579",55.640243,51.836906,-0.1017527582
5145,4565,1022,"ABB 43A PUSHKINA          MUSLYUMOVO, ","улица Пушкина, 43А, село Муслюмово, Муслюмовский район, Республика Татарстан, Россия",55.302812,53.196246,-0.1098844996
5146,4720,1022,ABB 74-2 AVANGARDNAYA     KAZAN,"Авангардная улица, 74, Казань, Республика Татарстан, Россия, 420054",55.740705,49.144287,-0.1171315931
5147,34,1022,ABB 1 CHUJKOVA            KAZAN,"улица Маршала Чуйкова, 1, Казань, Республика Татарстан, Россия, 420094",55.836312,49.103566,-0.04738869558
5148,154,1022,ABB 35-2 PR.-BULACHNAYA   KAZAN,"Лево-Булачная улица, 34к1, Казань, Республика Татарстан, Россия, 420111",55.790251,49.108606,-0.06056223596
5149,314,1022,ABB METRO AMETEVO         KAZAN,"метро Аметьево, Центральная линия, Казань, Республика Татарстан, Россия",55.765169,49.166502,-0.1267623698
5150,343,1022,ABB 49-22A DOMOSTROIT     NAB.CHELNY,"деревня Тябердино-Челны, Рыбно-Слободский район, Республика Татарстан, Россия",55.646289,50.656457,-0.06802992992
5151,346,1022,ABB 52 20A MOSKOVSKIJ PR  NAB.CHELNY,"Московский проспект, 142, Набережные Челны, Республика Татарстан, Россия, 423827",55.749643,52.44512,-0.1004649648
5152,351,1022,ABB 33 A ADORATSKOGO      KAZAN,"улица Адоратского, 33А, Казань, Республика Татарстан, Россия, 420132",55.839117,49.14638,-0.03028979747
5153,353,1022,ABB 18A GIDROSTROITELEJ   NAB.CHELNY,"улица Гидростроителей, 18А, поселок ГЭС, Набережные Челны, Республика Татарстан, Россия, 423800",55.686432,52.294885,-0.118761681
5154,355,1022,"ABB 138A,K2 ORENBURGSKIJ  KAZAN       ","Оренбургский тракт, 138Ак2, Казань, Республика Татарстан, Россия",55.729757,49.189715,-0.1113302399
5155,1907,1022,ABB 126 LENINA UL         ALMETEVSK,"улица Ленина, 126, Альметьевск, Республика Татарстан, Россия, 423403",54.906606,52.257012,-0.1450012315
5156,1916,1022,ABB 21A KOL GALI B-R.     NAB.CHELNY,"бульвар Кол Гали, 21А, Набережные Челны, Республика Татарстан, Россия, 423814",55.718567,52.394688,-0.1136773871
5157,1922,1022,ABB 91 POBEDY PR.         KAZAN,"проспект Победы, 91, Казань, Республика Татарстан, Россия, 420140",55.768355,49.217176,-0.0723225541
5158,1937,1022,ABB 60 LENINA             ALMETEVSK,"улица Ленина, 60, Альметьевск, Республика Татарстан, Россия, 423450",54.899825,52.291984,-0.02204602993
5159,1942,1022,ABB 28-9 ALB. KAMALEEVA   KAZAN,"проспект Альберта Камалеева, 28, Казань, Республика Татарстан, Россия, 420081",55.786318,49.189876,-0.05683867702
5160,1946,1022,ABB 3 A.ABYAZOVA          DROZHZHANOE,"село Чувашское Дрожжаное, Дрожжановский район, Республика Татарстан, Россия",54.707848,47.525864,-0.1028150086
5161,1948,1022,ABB 115 PERVOMAJSKAYA     JOSHKAR-OLA,"Первомайская улица, 115, Йошкар-Ола, Республика Марий Эл, Россия, 424000",56.633199,47.884768,-0.09375251391
5162,1960,1022,ABB 55 STROITELEJ         NIZHNEKAMSK,"проспект Строителей, 55, Нижнекамск, Республика Татарстан, Россия",55.638318,51.796635,-0.1450012315
5163,220,1942,22 KARLA MARKSA STR.      EKATERINBURG,"улица Карла Маркса, 22, Екатеринбург, Свердловская область, Россия, 620026",56.830857,60.616671,-0.02862332059
5164,158,1942,13-1 REVOLYUTSII STR      PERM,"улица Революции, 13к1, Пермь, Россия",58.007284,56.260804,0.03512523044
5165,159,1942,39 KRUPSKOY               PERM,"улица Крупской, 39, Пермь, Россия, 614070",58.015203,56.28151,-0.006752774322
5166,226,1942,46 8 MARTA STR.           EKATERINBURG,"улица 8 Марта, 46, Екатеринбург, Свердловская область, Россия, 620014",56.829103,60.598939,0.03607847959
5167,231,1942,5 MALYSHEVA STR.          EKATERINBURG,"улица Малышева, 5, Екатеринбург, Свердловская область, Россия, 620014",56.832925,60.582302,0.008420215253
5168,256,1942,46 8 MARTA STR.           EKATERINBURG,"улица 8 Марта, 46, Екатеринбург, Свердловская область, Россия, 620014",56.829103,60.598939,0.04084152898
5169,260,1942,94 REPINA STR             EKATERINBURG,"улица Репина, 94, Екатеринбург, Свердловская область, Россия, 620043",56.817178,60.538536,0.007959757869
5170,261,1942,86 KOSMONAVTOV            EKATERINBURG,"проспект Космонавтов, 86, Екатеринбург, Свердловская область, Россия, 620135",56.906507,60.614911,-0.005402314554
5171,266,1942,16 MOLDAVSKAYA STR.       CHELYABINSK,"Молдавская улица, 16, Челябинск, Россия, 454014",55.190668,61.302859,0.04858816307
5172,273,1942,40 CHERNYAKHOVSKOGO STR.  EKATERINBURG,"улица Черняховского, 40, микрорайон Химмаш, Чкаловский район, Екатеринбург, Свердловская область, Россия, 620010",56.752575,60.706638,-0.02896318753
5173,289,1942,62 KIROVA STR.            CHELYABINSK,"улица Кирова, 62, Челябинск, Россия, 454084",55.174712,61.398251,-0.05920693654
5174,291,1942,83 LENINA AV.             MAGNITOGORSK,"проспект Ленина, 83, Магнитогорск, Челябинская область, Россия, 455044",53.402723,58.987622,-0.03899316459
5175,185,1942,108 KIROVA STR.           CHELAYBINSK,"улица Кирова, 108, Челябинск, Россия, 454091",55.16251,61.399508,-0.06220507113
5176,188,1942,35 DOVATORA STR.          CHELYABINSK,"улица Доватора, 35, Челябинск, Россия, 454048",55.145915,61.382458,0.03964366863
5177,195,1942,18A DARVINA STR.          CHELYABINSK,"улица Дарвина, 18А, Челябинск, Россия, 454087",55.128742,61.370385,-0.01668773191
5178,197,1942,15 CHERKASSKAYA STR       CHELYABINSK,"Черкасская улица, 15, Челябинск, Россия, 454036",55.230436,61.378371,0.02002895897
5179,203,1942,55/2 USHAKOVA STR.        PERM,"улица Адмирала Ушакова, 55/2, Пермь, Россия, 614109",58.026576,56.001972,-0.004129852596
5180,209,1942,87 KABELSCHIKOV STR       PERM,"улица Кабельщиков, 87, Пермь, Россия, 614112",58.11183,56.288705,-0.08734596731
5181,235,1942,150 PYATILETKI STR.       BEREZNIKI,"улица Пятилетки, 150, Березники, муниципальное образование Город Березники, Пермский край, Россия, 618426",59.392773,56.856467,-0.1356355934
5182,236,1942,105A GEROEV KHASANA STR.  PERM,"улица Героев Хасана, 105А, Пермь, Россия, 614025",57.966553,56.263633,0.02668311016
5183,237,1942,38 LASVINSKAYA STR.       PERM,"Ласьвинская улица, 38, Пермь, Россия, 614042",58.005548,55.937967,-0.10871765
5184,1678,1942,13 M.ULYANOVOY            IRKUTSK,"улица Марии Ульяновой, 13, Иркутск, Россия, 664002",52.340689,104.224893,-0.08732045753
5185,1717,1942,SOBORNAYA ST. 3           KEMEROVO,"Соборная улица, 3, Кемерово, Россия, 650004",55.343138,86.095507,-0.05271665261
5186,1811,1942,135 TELMANA STR.          GELENDZHIK,"улица Тельмана, 135, Геленджик, Краснодарский край, Россия",44.567877,38.09058,-0.008197763731
5187,1850,1942,10M KAMENOOSTROVSKIY AV.  S.-PETERSBUR,"Каменноостровский проспект, 10, Санкт-Петербург, Россия, 197101",59.958273,30.316982,-0.04487374781
5188,1883,1942,114-116 NEVSKIY AVE       S.-PETERSBUR,"Невский проспект, 114-116, Санкт-Петербург, Россия, 191025",59.931688,30.35905,0.03547509522
5189,1903,1942,11 N.OSTROVSKOGO ST       KEMEROVO,"улица Николая Островского, 11, Кемерово, Россия, 650991",55.362301,86.072025,-0.1002520327
5190,387,1942,2 K.MARKSA STR            IZHEVSK,"улица Карла Маркса, 2, Ижевск, Удмуртская Республика, Россия, 426032",56.820833,53.208903,-0.07407259314
5191,399,1942,41A GRAZHDANSKIY AV.      S.-PETERBURG,,,,-0.01985357746
5192,401,1942,25 INDUSTRIALNIY AV.      S.-PETERBURG,"Индустриальный проспект, 25, Санкт-Петербург, Россия, 195298",59.947023,30.477466,-0.04528740637
5193,403,1942,305 OBUKHOVSKOY OBORONY A S.-PETERBURG,,,,0.0592919661
5194,405,1942,64 SCHORSA STR.           BELGOROD,"улица Щорса, 64, Белгород, Россия",50.553535,36.562753,0.04168257182
5195,407,1942,100B GAGARINA STR.        LIPETSK,"улица Гагарина, 100, Липецк, Россия, 398016",52.621653,39.576466,-0.06026557993
5196,412,1942,84B POCHTOVAYA STR        BELGOROD,"Почтовая улица, 84, Белгород, Россия, 308013",50.585704,36.664711,-0.1450012315
5197,444,1942,122/126 SHELKOVICHNAYA    SARATOV,"Шелковичная улица, 122/126, Саратов, Россия, 410071",51.537977,45.983484,-0.008604024828
5198,445,1942,8/1 DOMOSTROITELEY        TYUMEN,"улица Домостроителей, 8/1, микрорайон Казачьи Луга, Тюмень, Россия",57.153195,65.643671,0.01174778559
5199,446,1942,9/1 KASHIRSKAYA STR       ROSTOV-ON-DO,"Каширская улица, 9/1, Ростов-на-Дону, Россия, 344091",47.198658,39.621202,-0.0010516452
5200,461,1942,12 NIKOLAEVA STR.         NOVOSIBIRSK,"улица Николаева, 12, Новосибирск, Россия, 630090",54.857844,83.111798,-0.01846198705
5201,474,1942,6/6 NARTOVA STR.          N.NOVGOROD,"улица Нартова, 6к6, Нижний Новгород, Россия, 603057",56.281426,43.99562,-0.08905785529
5202,478,1942,131 BOLSHEVITSKAYA        NOVOSIBIRSK,"Большевистская улица, 131, Новосибирск, Россия, 630083",54.999397,82.959857,-0.08644793592
5203,486,1942,23 SIBIRSKAYA STR.        GLAZOV,"Сибирская улица, 23, Глазов, Удмуртская Республика, Россия, 427628",58.133997,52.681538,-0.1142944599
5204,488,1942,3-10 NEVEZHINA STR.       KURGAN,"улица Тимофея Невежина, 3с10, Курган, Россия",55.428347,65.298062,-0.007634270465
5205,493,1942,255 UDMURTSKAYA STR       IZHEVSK,"Удмуртская улица, 255, Ижевск, Удмуртская Республика, Россия, 426011",56.868797,53.222378,-0.0939331781
5206,499,1942,VOKZALNAYA 4 B            RAMENSKOE MO,"Вокзальная улица, 4, Раменское, Московская область, Россия, 140100",55.566603,38.224537,0.04591699907
5207,503,1942,AEROPORT DOMODEDOVO       MOSKOVSK OBL,"аэропорт Домодедово, городской округ Домодедово, Московская область, Россия",55.414348,37.900479,0.08610672807
5208,521,1942,6-1 LENINSKIY AV.         MOSCOW,,,,0.1324164315
5209,524,1942,12A VOLOCHAEVSKAYA        MOSCOW,"Волочаевская улица, 12А, Москва, Россия, 111033",55.756032,37.682098,0.02292688512
5210,527,1942,22A KRASNAYA              SOLNECHNOGOR,"Красная улица, 22А, Солнечногорск, Московская область, Россия",56.175412,36.998939,0.01794088206
5211,531,1942,20 MOSKOVSKIY AVE         PUSHKINO,"Московский проспект, 20, Пушкино, Московская область, Россия, 141207",56.009154,37.849634,0.05123160745
5212,532,1942,8A SAYANSKAYA STR         MOSCOW,"Саянская улица, 8А, Москва, Россия, 111555",55.767053,37.829108,0.08769771212
5213,538,1942,9 TVERSKAYA STR.          MOSCOW,"Тверская улица, 9, Москва, Россия, 125009",55.759856,37.610548,-0.001043130223
5214,549,1942,2 KOMSOMOLSKAYA SQ.       MOSCOW,"Комсомольская площадь, 2, Москва, Россия, 107140",55.773611,37.65567,0.03830002614
5215,565,1942,102 lYUBLINSKAYA STR      MOSCOW,"Люблинская улица, 102А, Москва, Россия, 109369",55.652314,37.742232,0.01689131279
5216,581,1942,32 B. YAKIMANKA STR.      MOSCOW,"улица Малая Якиманка, 24, Москва, Россия, 119180",55.737223,37.617312,-0.05819853613
5217,588,1942,32-1 SADOVAYA-KUDRINSKAYA MOSCOW,"Садовая-Кудринская улица, 32с1, Москва, Россия, 123001",55.765412,37.590901,0.05885713175
5218,611,1942,74 LENINGRADSKIY PR.      MOSCOW,,,,0.05541592783
5219,612,1942,74 LENINGRADSKIY PR.      MOSCOW,,,,0.08632759655
5220,613,1942,74 LENINGRADSKIY PR.      MOSCOW,,,,0.1012331617
5221,614,1942,74 LENINGRADSKIY PR.      MOSCOW,,,,0.09403392551
5222,619,1942,13/1 MYASNITSKAYA ST.     MOSCOW,"квартал В-13, городской округ Волгодонск, Ростовская область, Россия",47.54,42.207164,0.07176805152
5223,620,1942,13/1 MYASNITSKAYA ST.     MOSCOW,"квартал В-13, городской округ Волгодонск, Ростовская область, Россия",47.54,42.207164,0.05387968469
5224,621,1942,13/1 MYASNITSKAYA ST.     MOSCOW,"квартал В-13, городской округ Волгодонск, Ростовская область, Россия",47.54,42.207164,0.08476615969
5225,642,1942,16/2 TVERSKAYA STR        MOSCOW,"Тверская улица, 16/2, Москва, Россия, 125009",55.764673,37.60629,0.01508647226
5226,643,1942,16/2 TVERSKAYA STR        MOSCOW,"Тверская улица, 16/2, Москва, Россия, 125009",55.764673,37.60629,0.01407003373
5227,644,1942,16/2 TVERSKAYA STR        MOSCOW,"Тверская улица, 16/2, Москва, Россия, 125009",55.764673,37.60629,-0.001184415493
5228,645,1942,16/2 TVERSKAYA STR        MOSCOW,"Тверская улица, 16/2, Москва, Россия, 125009",55.764673,37.60629,0.02203340822
5229,658,1942,36/1 MITINSKAYA STR       MOSCOW,"Митинская улица, 36к1, Москва, Россия, 125430",55.846694,37.361939,0.08086585019
5230,659,1942,36/1 MITINSKAYA STR       MOSCOW,"Митинская улица, 36к1, Москва, Россия, 125430",55.846694,37.361939,0.08038418102
5231,660,1942,36/1 MITINSKAYA STR       MOSCOW,"Митинская улица, 36к1, Москва, Россия, 125430",55.846694,37.361939,0.08825290476
5232,661,1942,36/1 MITINSKAYA STR       MOSCOW,"Митинская улица, 36к1, Москва, Россия, 125430",55.846694,37.361939,0.08981672508
5233,670,1942,2B MELNIKOVA PR.          KHIMKI,"проспект Мельникова, 2А, Химки, Московская область, Россия",55.901526,37.40893,-0.03241857749
5234,671,1942,2B MELNIKOVA PR.          KHIMKI,"проспект Мельникова, 2А, Химки, Московская область, Россия",55.901526,37.40893,0.007084750788
5235,701,1942,24/2 AZOVSKAYA ST.        MOSCOW,"квартал 24/3, 2, сельское поселение Никоновское, Раменский район, Московская область, Россия",55.340978,38.20172,0.09203361384
5236,702,1942,24/2 AZOVSKAYA ST.        MOSCOW,"квартал 24/3, 2, сельское поселение Никоновское, Раменский район, Московская область, Россия",55.340978,38.20172,0.06542801665
5237,703,1942,24/2 AZOVSKAYA ST.        MOSCOW,"квартал 24/3, 2, сельское поселение Никоновское, Раменский район, Московская область, Россия",55.340978,38.20172,0.06553380605
5238,709,1942,17 M.VASILEVSKOGO ST.     MOSCOW,"улица Маршала Василевского, 17, Москва, Россия, 123182",55.808923,37.462317,0.07411253946
5239,710,1942,17 M.VASILEVSKOGO STR.    MOSCOW,,,,0.0710088682
5240,711,1942,17 M.VASILEVSKOGO STR.    MOSCOW,,,,0.07388682312
5241,715,1942,11 BLVD.  DONSKOGO        MOSCOW,"бульвар Дмитрия Донского, 11, Москва, Россия, 117216",55.566807,37.576385,0.03567619985
5242,716,1942,11 BLVD.  DONSKOGO        MOSCOW,"бульвар Дмитрия Донского, 11, Москва, Россия, 117216",55.566807,37.576385,0.02011815482
5243,904,1942,20-2 DEKABRISTOV STR.     MOSKVA,"улица Декабристов, 20к2, Москва, Россия, 127273",55.862338,37.60894,0.06312835081
5244,910,1942,13A DMITROVSKOE H/W.      MOSKVA,"Дмитровское шоссе, 13А, Москва, Россия, 127434",55.81871,37.573501,0.0820582854
5245,911,1942,13A DMITROVSKOE HIGHWAY   MOSKVA,"Дмитровское шоссе, 13А, Москва, Россия, 127434",55.81871,37.573501,0.07588889122
5246,912,1942,13A DMITROVSKOE H/W.      MOSKVA,"Дмитровское шоссе, 13А, Москва, Россия, 127434",55.81871,37.573501,0.05600168906
5247,919,1942,7 NOSOVIKHINSKOE HIGHWAY  REUTOV,"Носовихинское шоссе, 7, Реутов, Московская область, Россия, 143965",55.745493,37.858986,0.02179232673
5248,957,1942,63 B.ORDYNKA STR.         MOSCOW,,,,-0.03849643724
5249,975,1942,31 ZELENODOLSKAYA STR.    MOSCOW,"Зеленодольская улица, вл31, Москва, Россия, 109443",55.707314,37.769998,0.02830459882
5250,1015,1942,10 NIKOLSKAYA STR.        MOSCOW,"Никольская улица, 10, Москва, Россия, 109012",55.757957,37.624534,-0.04397288289
5251,1366,1942,33 SVOBODNIY AV.          MOSCOW,"Свободный проспект, 33, Москва, Россия, 111558",55.752784,37.819307,0.03804684344
5252,1454,1942,40 LIT A FURSHTATSKAYA    SANKT-PETERS,"озеро Лит, Тазовский район, Ямало-Ненецкий автономный округ, Россия",67.5023,80.840713,-0.05973732234
5253,1483,1942,137B MOSKOVSKIY AV.       S.-PETERBURG,,,,-0.04728809564
5254,1647,1942,35 UZHNOE H/W.            N.NOVGOROD,"Южное шоссе, 35, Нижний Новгород, Россия, 603083",56.227945,43.863675,0.04058621641
5255,1689,1942,1-2 ZVENIGORODSKAYA STR.  SANKT-PETERB,"2-я Звенигородская улица, 1, Москва, Россия",55.761543,37.554214,-0.04285335043
5256,1697,1942,29 M. ZHUKOVA STR.        UFA,"улица Маршала Жукова, 29, Уфа, Республика Башкортостан, Россия, 450105",54.771741,56.058736,0.005842177329
5257,1706,1942,65 GAZOVIKOV STR.         TYUMEN,"улица Газовиков, 65, Тюмень, Россия, 625022",57.171591,65.557388,0.01140988077
5258,1724,1942,57 LENINA STR.            TYUMEN,"улица Ленина, 57, Тюмень, Россия, 625000",57.154771,65.533825,-0.06643460127
5259,1739,1942,16B ZAPSIBOVTSEV STR.     NOVOKUZNETSK,"проспект Запсибовцев, 16, Новокузнецк, Кемеровская область, Россия, 654054",53.89848,87.129549,0.03707664081
5260,1740,1942,36 MURAVEVA-AMURSKOGO STR KHABAROVSK,"улица Салтыкова-Щедрина, 36, Хабаровск, Россия, 680042",48.521851,135.040943,-0.006331020467
5261,1741,1942,36 MURAVEVA-AMURSKOGO STR KHABAROVSK,"улица Салтыкова-Щедрина, 36, Хабаровск, Россия, 680042",48.521851,135.040943,0.004704469996
5262,1742,1942,36 MURAVEVA-AMURSKOGO STR KHABAROVSK,"улица Салтыкова-Щедрина, 36, Хабаровск, Россия, 680042",48.521851,135.040943,-0.01349284233
5263,1744,1942,42 SUVOROVA               KHABAROVSK,"улица Суворова, 42, Хабаровск, Россия, 680051",48.391976,135.109853,-0.04740054365
5264,1753,1942,2/1 LIT A ENTUZIASTOV     OMSK,"улица Энтузиастов, 2/1А, микрорайон Городок Нефтяников, Омск, Россия, 644065",55.046992,73.277509,0.06290224807
5265,1759,1942,168 KOMINTERNA STR        NIZHNIY NOVG,"улица Коминтерна, 168, Нижний Новгород, Россия, 603003",56.349968,43.867017,0.01602564044
5266,1776,1942,6 OKTYABRYA AVE           UFA,"проспект Октября, 6, Уфа, Республика Башкортостан, Россия, 450001",54.742678,55.989135,-0.01921516908
5267,1777,1942,6 OKTYABRYA AVE           UFA,"проспект Октября, 6, Уфа, Республика Башкортостан, Россия, 450001",54.742678,55.989135,-0.02216632403
5268,1778,1942,6 OKTYABRYA AVE           UFA,"проспект Октября, 6, Уфа, Республика Башкортостан, Россия, 450001",54.742678,55.989135,0.003896563239
5269,1780,1942,1 TRUDA SQ.               NOVOSIBIRSK,"площадь Труда, 1, Новосибирск, Россия, 630108",54.99554,82.868453,0.01178963229
5270,1785,1942,61 BELINSKOGO STR         NIZHNIY NOVG,"улица Белинского, 61, Нижний Новгород, Россия, 603105",56.316614,44.018769,0.09234627485
5271,1786,1942,61 BELINSKOGO STR         NIZHNIY NOVG,"улица Белинского, 61, Нижний Новгород, Россия, 603105",56.316614,44.018769,0.06013361107
5272,1787,1942,193 MOSKOVSKIY AV.        S.-PETERBURG,,,,-0.01821783823
5273,1788,1942,193 MOSKOVSKIY AV.        S.-PETERBURG,,,,-0.0455040429
5274,1818,1942,54 MOSKOVSKAYA STR.       KRASNODAR,"Московская улица, 54, Краснодар, Россия, 350072",45.063037,39.00228,0.0551933182
5275,1819,1942,44 TOGLIATTI              NOVOKUZNETSK,,,,0.01678086422
5276,1826,1942,1V NIKITSKAYA STR.        KURSK,"Никитская улица, 1, Курск, Россия, 305029",51.75501,36.190275,-0.109064968
5277,1829,1942,74A MOSKOVSKIY AV.        SANKT-PETERB,,,,-0.004515877927
5278,1830,1942,74A MOSKOVSKIY AV.        SANKT-PETERB,,,,0.02517592795
5279,1844,1942,38 OPOLCHENSKAYA STR      VOLGOGRAD,"Ополченская улица, 38, Волгоград, Россия, 400088",48.796704,44.58902,-0.05038770771
5280,1851,1942,33 KUZNETSKIY AVE         KEMEROVO,"Кузнецкий проспект, 33, Кемерово, Россия, 650000",55.355787,86.064497,-0.01874144672
5281,1876,1942,25 PUSHKINA STR.          KURGAN,"улица Пушкина, 25, Курган, Россия, 640003",55.432214,65.319109,0.01990220049
5282,1877,1942,205A MENDELEEVA STR.      UFA,"улица Менделеева, 205А, Уфа, Республика Башкортостан, Россия, 450071",54.74141,56.026918,0.01564917832
5283,727,1942,PL KIROVA 2               TOMSK,,,,-0.01812319972
5284,742,1942,61 KRASNYT PUT STR        OMSK,"улица Красный Путь, 61, Омск, Россия, 644043",54.996097,73.356902,0.0548684189
5285,745,1942,93 TEMERNITSKAYA ST       ROSTOV-NA-DO,"Темерницкая улица, 93/33, Ростов-на-Дону, Россия",47.220273,39.718956,-0.04000620303
5286,748,1942,93 TEMERNITSKAYA ST       ROSTOV-NA-DO,"Темерницкая улица, 93/33, Ростов-на-Дону, Россия",47.220273,39.718956,-0.0205069787
5287,779,1942,76 PETERBURGSKAYA         KAZAN,"Петербургская улица, 76, Казань, Республика Татарстан, Россия, 420107",55.778097,49.139418,-0.01889544842
5288,803,1942,32 KRASNOARMEYSKIY        TULA,"Красноармейский проспект, 32, Тула, Россия, 300041",54.197963,37.593336,0.09503271676
5289,804,1942,32 KRASNOARMEYSKIY        TULA,"Красноармейский проспект, 32, Тула, Россия, 300041",54.197963,37.593336,0.1122686329
5290,806,1942,14/1 1905 GODA STR        TOMSK,"переулок 1905 года, 14/1, Томск, Россия, 634009",56.494083,84.950218,0.009059293871
5291,810,1942,18 GONCHAROVA STR.        ULYANOVSK,"улица Гончарова, 18, Ульяновск, Россия, 432000",54.313635,48.396386,0.06091377322
5292,814,1942,18 GONCHAROVA STR.        ULYANOVSK,"улица Гончарова, 18, Ульяновск, Россия, 432000",54.313635,48.396386,0.05372863733
5293,815,1942,18 GONCHAROVA STR.        ULYANOVSK,"улица Гончарова, 18, Ульяновск, Россия, 432000",54.313635,48.396386,0.04336024565
5294,830,1942,179/4 D. KOVALCHUK        NOVOSIBIRSK,"улица Дуси Ковальчук, 179/4, Новосибирск, Россия, 630082",55.060616,82.914114,0.02733185146
5295,836,1942,98A TIKHOOKEANSKIY        VLADIVOSTOK,,,,0.02119263167
5296,837,1942,98A TIKHOOKEANSKIY        VLADIVOSTOK,,,,0.0268357298
5297,838,1942,98A TIKHOOKEANSKIY        VLADIVOSTOK,,,,0.027361469
5298,849,1942,34 LENINA STR.            KURGAN,"улица Ленина, 32, Курган, Россия, 640018",55.440994,65.345637,0.05711958191
5299,874,1942,121 LENINA STR.           KRASNOYARSK,"улица Ленина, 121, Красноярск, Россия, 660017",56.01241,92.855356,0.02289463427
5300,878,1942,121 LENINA STR.           KRASNOYARSK,"улица Ленина, 121, Красноярск, Россия, 660017",56.01241,92.855356,0.05267360286
5301,989,1942,45/17 N.KRASNOSELSK       MOSCOW,,,,0.0348890477
5302,990,1942,45/17 N.KRASNOSELSK       MOSCOW,,,,0.04611507712
5303,991,1942,45/17 N.KRASNOSELSK       MOSCOW,,,,0.05162684434
5304,992,1942,45/17 N.KRASNOSELSK       MOSCOW,,,,0.04615735438
5305,1024,1942,ST SOVETSKAYA 9           ODINTSOVO,"Советская улица, 9, Одинцово, Московская область, Россия, 143007",55.673448,37.276967,-0.006693088937
5306,1036,1942,4 TIMME STR.              ARKHANGELSK,"улица Тимме, 4, Архангельск, Россия",64.543696,40.567891,-0.01296718351
5307,1078,1942,TVERSKAYA STR.58/6A       KOLPINO,"Тверская улица, 58/6, Колпино, Санкт-Петербург, Россия, 196655",59.735042,30.612438,-0.04235623159
5308,1096,1942,7A LIPETSKAYA STR         MOSCOW,"Липецкая улица, 7А, Москва, Россия, 115598",55.583632,37.682772,0.04967878281
5309,1098,1942,5/1 SUSCHEVSKIY VAL.      MOSCOW,"улица Сущёвский Вал, 5с1, Москва, Россия, 127018",55.794401,37.592042,-0.01567918941
5310,1102,1942,3 ROZY TRENINOY STR       TYUMEN,"улица Розы Трениной, 3, микрорайон Тюменский-1, Тюмень, Россия",57.108922,65.582136,0.05614872815
5311,1104,1942,12/2 ENTUZIASTOV HW       MOSCOW,"шоссе Энтузиастов, 12к2, Москва, Россия, 111024",55.747363,37.707098,0.05151701204
5312,1107,1942,51 MIRA STR               MYTISCHI,"улица Мира, с51, Мытищи, Московская область, Россия",55.919972,37.708527,0.07870604715
5313,1122,1942,19V RUSSKAYA STR.         VLADIVOSTOK,"Русская улица, 19, Владивосток, Приморский край, Россия, 690039",43.167642,131.911338,-0.01961673128
5314,1126,1942,2 AD.LAZAREVA STR.        MOSCOW,"улица Адмирала Лазарева, 2, Москва, Россия, 117042",55.547036,37.543237,0.0532102295
5315,1127,1942,14A ARHITEKTOROV AV       NOVOKUZNETSK,"проспект Архитекторов, 14А, Новокузнецк, Кемеровская область, Россия, 654011",53.892697,87.114331,0.02498737735
5316,1135,1942,299 LENINA STR.           STAVROPOL,"улица Ленина, 299, Ставрополь, Россия, 355003",45.038228,41.948278,0.01805564385
5317,1136,1942,36 CHEKISTOV STR.         KRASNODAR,"проспект Чекистов, 36, микрорайон Юбилейный, Краснодар, Россия, 350089",45.031744,38.917479,0.06600050327
5318,1144,1942,15 SORMOVSKOE H/W.        N.NOVGOROD,"Сормовское шоссе, 15, Нижний Новгород, Россия, 603074",56.320817,43.927438,-0.100121429
5319,1157,1942,30 ESENINA STR.           N.NOVGOROD,"улица Сергея Есенина, 30, жилой район Мещерское Озеро, Нижний Новгород, Россия, 603070",56.334218,43.936403,0.04559611454
5320,1163,1942,91-3 MIRA AV.             MOSCOW,"проспект Мира, 91к3, Москва, Россия, 129085",55.806894,37.635593,0.05444098485
5321,1195,1942,2A BOLSHEVIKOV AV.        S.-PETERBURG,"проспект Большевиков, 2, Санкт-Петербург, Россия, 193231",59.917885,30.473361,-0.0002273173894
5322,1200,1942,118 OBVODNOGO KANAL       S.-PETERBURG,"набережная Обводного канала, 118С, Санкт-Петербург, Россия, 190005",59.908101,30.307352,-0.04122318472
5323,1202,1942,126-3 MELNIKAYTE ST       TYUMEN,"улица Мельникайте, 126к3, Тюмень, Россия, 625007",57.127174,65.553507,0.01141945625
5324,1204,1942,111A LENINA AVE           ORSK,"проспект Ленина, 111А, микрорайон Новый город, Орск, Оренбургская область, Россия, 462429",51.254239,58.445443,-0.05577022447
5325,1207,1942,37A 50 LET GORODA STR     KISELEVSK,"улица 50 лет Города, 37А, Киселёвск, Кемеровская область, Россия, 652723",53.998383,86.547638,-0.01725585142
5326,1213,1942,192 KVARTAL               ANGARSK,"258-й квартал, 192, Ангарск, Иркутская область, Россия",52.510631,103.885294,-0.01489253325
5327,1216,1942,66 KOPYLOVA               KRASNOYARSK,"улица Копылова, 66, Красноярск, Россия, 660001",56.012798,92.815184,0.01049013639
5328,1222,1942,46 SHUMAKOVA STR.         BARNAUL,"улица Шумакова, 46, Барнаул, Алтайский край, Россия, 656058",53.335952,83.676604,0.01344756306
5329,1227,1942,52 RAZVEDCHIKOV ST        NOVOKUZNETSK,"улица Разведчиков, 52, Новокузнецк, Кемеровская область, Россия, 654002",53.783757,87.314781,-0.007927747574
5330,1233,1942,98 TREKHGORNAYA STR       KHABAROVSK,"Трёхгорная улица, 98, Хабаровск, Россия",48.546151,135.054058,0.06506288869
5331,1237,1942,18 MIRA AV.               ELABUGA,"проспект Мира, 18, Елабуга, муниципальное образование город Елабуга, Республика Татарстан, Россия, 423600",55.755059,52.015249,-0.09762246881
5332,1251,1942,51A IM.LENINA AV.         VOLZHSKIY,"проспект имени Ленина, 51А, Волжский, Волгоградская область, Россия, 404130",48.798739,44.745812,0.003441010754
5333,1252,1942,2-16 SOLNECHNAYA ST       SEVERSK,"Солнечная улица, 2/19, Северск, Томская область, Россия, 636019",56.583916,84.911878,-0.1031941369
5334,1261,1942,7 M.GORKOGO STR.          TULA,"улица Максима Горького, 7, Тула, Россия",54.21414,37.618875,0.03737414136
5335,1265,1942,215V R.LUKSENBURG         IRKUTSK,"улица Розы Люксембург, 215В, Иркутск, Россия, 664040",52.349299,104.178154,-0.02638348723
5336,1268,1942,59A LENINA AV.            KEMEROVO,"проспект Ленина, 59А, Кемерово, Россия, 650066",55.343609,86.095408,0.0076992073
5337,1273,1942,22 PARTSEZDA STR.         SAMARA,,,,-0.05963231079
5338,1281,1942,28/4 NEFTEZAVODSKAY       OMSK,"Нефтезаводская улица, 28/3, Омск, Россия, 644065",55.037325,73.267322,0.02171224143
5339,1291,1942,47A KRASNOARMEYSKIY       BARNAUL,"Красноармейский проспект, 47А, Барнаул, Алтайский край, Россия, 656049",53.335253,83.77541,0.02010519037
5340,1292,1942,41 RAB-KRESTYNSKAYA       VOLGOGRAD,"Рабоче-Крестьянская улица, 41, Волгоград, Россия, 400074",48.689674,44.488112,-0.0199129577
5341,1300,1942,56B KIROVA STR            TOMSK,"проспект Кирова, 56, Томск, Россия, 634012",56.467001,84.975964,-0.1203241444
5342,1305,1942,55 FEDYUNINSKOGO ST       TYUMEN,,,,0.02595090903
5343,1309,1942,4 LENIN. KOMSOMOLA        SOSNOVOBORSK,"улица Ленинского Комсомола, 4, Сосновоборск, Красноярский край, Россия, 662501",56.122846,93.338057,0.04241846135
5344,1310,1942,10-1 M.GORKOGO AV.        CHEBOKSARY,"проспект Максима Горького, 10к1, Чебоксары, Чувашская Республика, Россия, 428001",56.15073,47.198078,-0.0004697597522
5345,1322,1942,20 ENTUZIASTOV STR.       UFA,"улица Энтузиастов, 20, Уфа, Республика Башкортостан, Россия, 450096",54.757285,56.035847,-0.03752677607
5346,1358,1942,48/3 MIRA AV.             TOMSK,"проспект Мира, 48/3, Томск, Россия, 634057",56.517172,84.9767,-0.05870397595
5347,1361,1942,6 KURASHOVA STR.          YAKUTSK,"улица Курашова, 6, Якутск, Республика Саха (Якутия), Россия, 677000",62.030643,129.741494,0.002392670526
5348,1378,1942,10 LAZO                   SYZRAN,"улица Лазо, 10, Сызрань, Самарская область, Россия, 446029",53.107363,48.418538,-0.0166647415
5349,1393,1942,17/1 TYULENINA STR.       NOVOSIBIRSK,"улица Тюленина, 17/1, микрорайон Родники, Калининский район, Новосибирск, Россия, 630061",55.111191,82.941783,0.01517741366
5350,1395,1942,80 OBEDINENIYA STR.       NOVOSIBIRSK,"улица Объединения, 80, Новосибирск, Россия, 630027",55.095812,82.962489,-0.002236536242
5351,1396,1942,81 KRASNIY AVE            NOVOSIBIRSK,"Красный проспект, 81, Новосибирск, Россия, 630049",55.051247,82.913944,-0.008169862201
5352,1397,1942,81 KRASNIY AVE            NOVOSIBIRSK,"Красный проспект, 81, Новосибирск, Россия, 630049",55.051247,82.913944,-0.02510526242
5353,1399,1942,19 PROSVESCHENIYA AV.     S.-PETERBURG,"проспект Просвещения, 19, Санкт-Петербург, Россия, 194356",60.052703,30.331193,0.0214886078
5354,1407,1942,88/2 MALIY AV.            S.-PETERBURG,"Малый проспект Васильевского острова, 88к2, Санкт-Петербург, Россия, 199406",59.938748,30.229163,0.01385484177
5355,1412,1942,1. NOVOYASENEVSKIY AV.    MOSCOW,"Новоясеневский проспект, 1, Москва, Россия, 117588",55.619467,37.50928,0.03282180059
5356,1415,1942,15A SHKOTOVA              KHABAROVSK,"улица Шкотова, 15А, Хабаровск, Россия, 680014",48.469042,135.130756,0.06931869199
5357,1419,1942,7 GEROEV PANFILOVTSEV     MOSCOW,"улица Героев Панфиловцев, 7, Москва, Россия, 125480",55.857144,37.43207,-0.003130259851
5358,1457,1942,26 LENINSKAYA SLOBODA     MOSCOW,"улица Ленинская Слобода, 26, Москва, Россия, 115280",55.710124,37.654601,0.04634081317
5359,1463,1942,4A KAZANSKOE H/W.         NIZHNIY NOVG,"Казанское шоссе, 4А, Нижний Новгород, Россия, 603163",56.294591,44.077241,-0.06057749474
5360,1471,1942,18/40 SOKOLOVAYA STR.     SARATOV,"Соколовая улица, 18/40, Саратов, Россия, 410031",51.531175,46.06303,0.001201772645
5361,1482,1942,16-1 SNEZHNAYA STR.       MOSCOW,"Снежная улица, 16к1, Москва, Россия, 129323",55.851161,37.646013,0.06759982134
5362,1496,1942,164 B.KHMELNITSKOGO AVE   BELGOROD,"проспект Богдана Хмельницкого, 164, Белгород, Россия",50.642078,36.572086,-0.01189255658
5363,1499,1942,1 DZGOEVA STR             BELGOROD,"улица Дзгоева, 1, Белгород, Россия, 308009",50.585155,36.653455,-0.1003338266
5364,1502,1942,14 KOSMONAVTOV STR        GUBKIN,"улица Космонавтов, 14, Губкин, Белгородская область, Россия, 309183",51.279594,37.504349,-0.09335724515
5365,1505,1942,9B VATUTINA STR           BELGOROD,"улица Ватутина, 9, Белгород, Россия, 308013",50.587054,36.6444,-0.04422311233
5366,1506,1942,68 SLAVY AV.              BELGOROD,"проспект Славы, 68, Белгород, Россия, 308000",50.597501,36.589954,-0.03633475914
5367,1507,1942,68 SLAVY AV.              BELGOROD,"проспект Славы, 68, Белгород, Россия, 308000",50.597501,36.589954,-0.02357567857
5368,1510,1942,2 RESHETNEVA STR.         ZHELEZNOGORS,"улица Решетнева, 2, Железногорск, Красноярский край, Россия, 662972",56.261383,93.52974,-0.04020706863
5369,1515,1942,11A NEVSKAYA STR.         VOLGOGRAD,"Невская улица, 11А, Волгоград, Россия, 400087",48.717376,44.508019,-0.01496875922
5370,1522,1942,7 SKVORTSOVA-STEPANOVA    TVER,"улица Скворцова-Степанова, 7, Тверь, Россия, 170042",56.871158,35.887264,-0.02842128304
5371,1528,1942,68 TSENTRALNAYA STR.      ZHELEZNODORO,"Центральная улица, 68, микрорайон Кучино, Балашиха, Московская область, Россия, 143981",55.751766,37.951314,0.06294000009
5372,1529,1942,1A SVYATOOZERSKAYA STR.   MOSCOW,"Святоозёрская улица, 1А, Москва, Россия, 111675",55.714648,37.883572,0.06092339616
5373,1546,1942,45 VOROSHILOVA STR.       ARTEM,"улица Ворошилова, 45, Артём, Приморский край, Россия",43.39496,132.283645,-0.06494474736
5374,1549,1942,2 TVERSKOY AV.            TVER,"Тверской проспект, 2, Тверь, Россия, 170100",56.853031,35.907665,-0.05773406745
5375,1552,1942,146 OKTYABRSKIY AV.       LYUBERTSY,"Октябрьский проспект, 146, Люберцы, Московская область, Россия, 140005",55.679813,37.889519,0.01515246516
5376,1571,1942,38 OPOLCHENSKAYA STR      VOLGOGRAD,"Ополченская улица, 38, Волгоград, Россия, 400088",48.796704,44.58902,-0.04138128504
5377,1572,1942,157 B.GORNAYA STR.        SARATOV,,,,-0.06404803072
5378,1576,1942,28 DEGTYARNAYA STR.       SARATOV,"Дегтярная улица, 28, Саратов, Россия, 410004",51.51836,45.989916,-0.1238794178
5379,1581,1942,8 6.TSANOVA               TVER,"бульвар Цанова, 8к4, Тверь, Россия, 170033",56.830369,35.916549,-0.04774531559
5380,1586,1942,21 MOLODEZHNAYA STR       KHABAROVSK,"Молодёжная улица, 21, микрорайон имени Горького, Хабаровск, Россия, 680052",48.465493,135.179328,3.78E-05
5381,1588,1942,90-2A STACHEK AV.         S.-PETERBURG,"проспект Стачек, 90к2, Санкт-Петербург, Россия, 198096",59.867331,30.261367,-0.006215365786
5382,1594,1942,108A VITEBSKIY AV.        S.-PETERBURG,,,,-0.06289454387
5383,1604,1942,90-2A STACHEK AV.         S.-PETERBURG,"проспект Стачек, 90к2, Санкт-Петербург, Россия, 198096",59.867331,30.261367,-0.02871014863
5384,1606,1942,108A VITEBSKIY AV.        S.-PETERBURG,,,,-0.05388446358
5385,1607,1942,108A VITEBSKIY AV.        S.-PETERBURG,,,,-0.07264864338
5386,1611,1942,193 MOSKOVSKIY AV.        S.-PETERBURG,,,,-0.02341095692
5387,1612,1942,69A BABUSHKINA STR.       S.-PETERBURG,"улица Бабушкина, 69, Санкт-Петербург, Россия, 192171",59.877285,30.441749,0.01631057016
5388,1613,1942,85V NEVSKIY AV.           S.-PETERBURG,"Невский проспект, 85, Санкт-Петербург, Россия, 191036",59.930146,30.361952,-0.03695158974
5389,1615,1942,1/71A MARATA STR.         S.-PETERBURG,"улица Марата, 1/71, Санкт-Петербург, Россия, 191025",59.931201,30.354909,-0.008340294529
5390,1616,1942,24A KOLOMYAZSKIY AV.      S.-PETERBURG,"Коломяжский проспект, 24, Санкт-Петербург, Россия, 197348",60.002503,30.296509,-0.006956762855
5391,1617,1942,85V NEVSKIY AV.           S.-PETERBURG,"Невский проспект, 85, Санкт-Петербург, Россия, 191036",59.930146,30.361952,-0.04090318668
5392,1621,1942,24A KOLOMYAZSKIY AV.      S.-PETERBURG,"Коломяжский проспект, 24, Санкт-Петербург, Россия, 197348",60.002503,30.296509,0.01997699281
5393,1624,1942,30 NEVSKIY AV.            S.-PETERBURG,"Невский проспект, 30, Санкт-Петербург, Россия, 191186",59.935606,30.32804,-0.054573446
5394,1631,1942,3M CHERNORETSKIY PER.     S.-PETERBURG,"Чернорецкий переулок, 3, Санкт-Петербург, Россия, 191167",59.923482,30.383197,-0.10449003
5395,1633,1942,2A VOSSTANIYA SQ.         S.-PETERBURG,"площадь Восстания, 2, Санкт-Петербург, Россия, 191036",59.931621,30.360541,-0.007309503094
5396,1640,1942,2 SENNAYA SQ.             S.-PETERBURG,"Сенная площадь, 2А, Санкт-Петербург, Россия, 190031",59.927058,30.320458,-0.04160343495
5397,1645,1942,140A ENGELSA AV.          S.-PETERBURG,"проспект Энгельса, 140А, Санкт-Петербург, Россия",60.051419,30.332496,-0.03175188964
5398,1646,1942,52A ZAGORODNIY AV.        S.-PETERBURG,"Загородный проспект, 52А, Санкт-Петербург, Россия, 190013",59.920505,30.329792,-0.03213938463
5399,1648,1942,2 SENNAYA SQ.             S.-PETERBURG,"Сенная площадь, 2А, Санкт-Петербург, Россия, 190031",59.927058,30.320458,-0.01254376875
5400,1655,1942,19-1 VYBORGSKOE H/W.      S.-PETERBURG,"Выборгское шоссе, 19к1, Санкт-Петербург, Россия, 194355",60.056472,30.309894,-0.06143144412
5401,1657,1942,21A VERBNAYA STR.         SANKT-PETERB,"Вербная улица, 21, Санкт-Петербург, Россия, 197375",60.02254,30.29324,0.05228888111
5402,1672,1942,73 KOMMUNALNAYA STR.      PSKOV,"Коммунальная улица, 73, Псков, Россия, 180024",57.815645,28.276576,-0.0782501382
5403,373,3185.5,"Betankura ul., 1          N. Novgorod ","улица Бетанкура, 1, Нижний Новгород, Россия, 603070",56.339397,43.956211,-0.1161464214
5404,1933,3185.5,"Gagarina pr., 105A        N. Novgorod ","проспект Гагарина, 105А, Нижний Новгород, Россия, 603137",56.235105,43.951477,-0.1450012315
5405,1989,3185.5,MSK KIEVSKOE 1 A          MOSKVA,,,,-0.01743550045
5406,2044,3185.5,"TOVARNAJA, VL. 2          CHEHOV      ","Товарная улица, 2, Чехов, Московская область, Россия, 142301",55.146805,37.489077,-0.0722938793
5407,2045,3185.5,"NAHIMOVSK, 57             MOSKVA      ","Нахимовский проспект, 57, Москва, Россия, 117335",55.678326,37.561032,-0.04134962656
5408,2065,3185.5,"IVANA CHERNYH, 96-1       TOMSK       ","улица Ивана Черных, 96с1, Томск, Россия, 634063",56.521885,85.05798,0.0349804825
5409,2067,3185.5,"USOVA, 4A                 TOMSK       ","улица Усова, 4А, Томск, Россия, 634034",56.46443,84.953218,-0.005130585501
5410,2092,3185.5,"MIRA, 21                  TOMSK       ","проспект Мира, 21, Томск, Россия, 634057",56.515325,84.978236,-0.0297846538
5411,2102,3185.5,"SOVETSKAJA, 93A N.        NOVOTROICK  ","Советская улица, 93, Новотроицк, Оренбургская область, Россия, 462363",51.190998,58.284402,-0.05481197775
5412,2110,3185.5,DZHANGILDINA 13-1         ORENBURG,"улица Джангильдина, 13, Оренбург, Россия, 460052",51.832182,55.16167,-0.05244179841
5413,2116,3185.5,"AMURSKAJA, 50             ORENBURG    ","Амурская улица, 50, Оренбург, Россия",51.720481,55.121533,-0.09791858989
5414,2122,3185.5,"ODESSKAJA, 140            ORENBURG    ","Одесская улица, 140, Оренбург, Россия, 460026",51.793925,55.140308,-0.04919672971
5415,2125,3185.5,"LENINA, 62                IZOBILNYJ   ","улица Ленина, 62, Изобильный, Ставропольский край, Россия, 356140",45.372063,41.710827,-0.0683390003
5416,2133,3185.5,UFA PR.OKTJABRJA 34       UFA,"проспект Октября, 34, Уфа, Республика Башкортостан, Россия, 450059",54.749725,55.999978,-0.03723838881
5417,2144,3185.5,"Chernjahovskogo, 40       Ekaterinburg","улица Черняховского, 40, микрорайон Химмаш, Чкаловский район, Екатеринбург, Свердловская область, Россия, 620010",56.752575,60.706638,-0.09370204005
5418,2161,3185.5,M.STUDENCHESKAYA          NOVOSIBIRSK,"метро Студенческая, Ленинская линия, Новосибирск, Россия",54.989249,82.906802,-0.09147300087
5419,2169,3185.5,"24 SEVERNAYA, 125A        OMSK        ","24-я Северная улица, 125А, Омск, Россия, 644069",55.024259,73.385082,-0.0511588762
5420,2174,3185.5,"6 SHINNAJA, 18            OMSK        ","6-й Шинный проезд, поселок 40 лет Октября, Омск, Россия",54.953406,73.452905,-0.1291552724
5421,2178,3185.5,"HIMIKOV, 12               OMSK        ","улица Химиков, 12, микрорайон Городок Нефтяников, Омск, Россия, 644050",55.035545,73.290086,-0.06035667886
5422,2185,3185.5,MARKSA 45                 OMSK,"проспект Карла Маркса, 45, Омск, Россия, 644006",54.953633,73.388217,-0.03616258381
5423,2204,3185.5,"UL. HIMIKOV, 42           OMSK        ","улица Химиков, 42, микрорайон Городок Нефтяников, Омск, Россия, 644083",55.050592,73.299536,-0.04190111663
5424,2210,3185.5,"70LET OKTJABRJA, 19       OMSK        ","улица 70 лет Октября, 19, Омск, Россия, 644074",54.980885,73.321491,0.06622694518
5425,2215,3185.5,"MARKSA, 14                OMSK        ","проспект Карла Маркса, 14, Омск, Россия, 644010",54.971471,73.382172,-0.03769861098
5426,2225,3185.5,UL. GAGARINA. 34          ACHINSK,"улица Гагарина, 34, Ачинск, Красноярский край, Россия, 662153",56.257653,90.478297,-0.1101605679
5427,2228,3185.5,KRAS. RAB. 169            KRASNOJARSK,"проспект имени Газеты Красноярский Рабочий, 169, Красноярск, Россия, 660093",55.993791,92.896913,0.01421179268
5428,2232,3185.5,"9 MAJA, 12                KRASNOJARSK ","улица 9 Мая, 12, Красноярск, Россия, 660125",56.065344,92.925497,0.04627417564
5429,2239,3185.5,ZAVODSKAJA 8              ZELENOGORSK,"Заводская улица, 8, Зеленогорск, Красноярский край, Россия, 663690",56.107975,94.577526,-0.006609102737
5430,2245,3185.5,60 LET VLKS 84 ZHEL       ZHELEZNOGORS,"улица 60 лет ВЛКСМ, 84, Железногорск, Красноярский край, Россия, 662980",56.226704,93.504308,-0.01090723175
5431,2246,3185.5,KOROLEVA 6A ZHEL          ZHELEZNOGORS,"улица Королёва, 6, Железногорск, Красноярский край, Россия, 662970",56.236246,93.54794,-0.04511701183
5432,2276,3185.5,"43, UNIVERSITETSKIY       IRKUTSK     ","микрорайон Университетский, 43, Иркутск, Россия",52.254649,104.247692,-0.04839949008
5433,2277,3185.5,"26A, TERESHKOVOY ST       ULAN-UDE    ","улица Терешковой, 26А, Улан-Удэ, Республика Бурятия, Россия, 670031",51.809368,107.609978,-0.143636619
5434,2291,3185.5,"PR. MOLODEJNYJ, 2         KEMEROVO    ","Молодёжный проспект, 2, Кемерово, Россия, 650070",55.328596,86.124442,-0.06638765898
5435,2293,3185.5,"LKZ UL. KIROVA, 52        LENINSK-KUZN","улица Кирова, 46, Ленинск-Кузнецкий, Кемеровская область, Россия, 652519",54.632431,86.211848,0.0224123359
5436,2297,3185.5,"UL. DVUZHILNOGO, 32       KEMEROVO    ","улица Юрия Двужильного, 32, Кемерово, Россия",55.311292,86.090584,-0.1331484612
5437,2298,3185.5,"PR. SHAHTEROV, 54         KEMEROVO    ","проспект Шахтёров, 54, Кемерово, Россия, 650002",55.399699,86.117911,-0.06215785607
5438,2299,3185.5,"ULYANOVSKAY, 18           SAMARA      ","Ульяновская улица, 18, Самара, Россия, 443001",53.198769,50.110721,-0.1163464233
5439,2310,3185.5,"REVOLJUCIONNAJA, 52       TOLJATTI    ","Революционная улица, 52/34, Тольятти, Самарская область, Россия",53.521382,49.273456,-0.1285888916
5440,2311,3185.5,"LVA-JASHINA, 14           TOLJATTI    ","улица Льва Яшина, 14, Тольятти, Самарская область, Россия, 445047",53.544016,49.360044,-0.133580648
5441,2328,3185.5,KALININGRADSKIJ PR-       SVETLOGORSK,"Калининградский проспект, Светлогорск, Калининградская область, Россия",54.940541,20.142591,-0.04587095383
5442,2329,3185.5,"UL. AMMOSOVA, 18          YAKUTSK     ","улица Аммосова, 18, Якутск, Республика Саха (Якутия), Россия",62.029018,129.731531,0.03231146351
5443,2330,3185.5,"UL. AMMOSOVA, 18          YAKUTSK     ","улица Аммосова, 18, Якутск, Республика Саха (Якутия), Россия",62.029018,129.731531,0.01984847889
5444,2331,3185.5,"UL. AMMOSOVA, 18          YAKUTSK     ","улица Аммосова, 18, Якутск, Республика Саха (Якутия), Россия",62.029018,129.731531,-0.02720514097
5445,2336,3185.5,"UL. PETROVSKOGO, 13       YAKUTSK     ","улица Петровского, 13, Якутск, Республика Саха (Якутия), Россия, 677027",62.024541,129.710088,0.04164936107
5446,2350,3185.5,"PETRA ALEKSEEVA,83A       YAKUTSK     ","улица Петра Алексеева, 83А, Якутск, Республика Саха (Якутия), Россия, 677005",62.044272,129.718308,-0.00948336183
5447,2353,3185.5,"ORDZHONIKIDZE, 8          JAKUTSK     ","улица Орджоникидзе, 8, Якутск, Республика Саха (Якутия), Россия, 677000",62.033567,129.739571,0.02538284108
5448,2356,3185.5,"PROLETARSKAJA, 11         LENSK       ","Пролетарская улица, 11, Ленск, Республика Саха (Якутия), Россия, 678144",60.718471,114.925822,-0.05973732234
5449,2363,3185.5,"UL. AMMOSOVA, 18          YAKUTSK     ","улица Аммосова, 18, Якутск, Республика Саха (Якутия), Россия",62.029018,129.731531,-0.02708868428
5450,2373,3185.5,"UL.GORKOGO, D.178         BLAGOVESHENS","улица Горького, 174, Благовещенск, Амурская область, Россия",50.265887,127.533264,-0.07505071008
5451,2374,3185.5,"UL. LENINA, D.30          KHABAROVSK  ","улица Ленина, 30, Хабаровск, Россия, 680030",48.472184,135.077163,-0.04037246204
5452,2383,3185.5,"KARLA MARKSA, 20          SVOBODNIY   ","урочище Карла Маркса, Меленковский район, Владимирская область, Россия",55.294089,41.745906,-0.001632724194
5453,2384,3185.5,"VORONEZHSKAYA, D.47       KHABAROVSK  ","Воронежская улица, 47, Хабаровск, Россия, 680022",48.506728,135.06659,-0.108296272
5454,2389,3185.5,"LENINA, 113A              USSURIJSK   ","улица Ленина, 113А, Уссурийск, Приморский край, Россия, 692503",43.800441,131.954475,-0.005614348867
5455,2390,3185.5,"SVETLANSKAJA, 13          VLADIVOSTOK ","Светланская улица, 13, Владивосток, Приморский край, Россия, 690033",43.116529,131.882889,-0.08506207153
5456,2394,3185.5,KOSMICHESKIJ PR 3A        PETROPAVLOVS,"Космический проезд, 3А, Петропавловск-Камчатский, Камчатский край, Россия, 683009",53.055424,158.66191,-0.02480878298
5457,2396,3185.5,"UL.RUSSKAJA, 19V          VLADIVOSTOK ","Русская улица, 19, Владивосток, Приморский край, Россия, 690039",43.167642,131.911338,0.008989117057
5458,2397,3185.5,"NEJBUTA, D.51             VLADIVOSTOK ","улица Нейбута, 51, Владивосток, Приморский край, Россия",43.112916,131.96141,-0.02116152214
5459,2400,3185.5,"BORODINSKAYA, 14          VLADIVOSTOK ","Бородинская улица, 14, Владивосток, Приморский край, Россия, 690033",43.163677,131.918642,-0.06522764612
5460,2402,3185.5,"UL.OKTJABRSKAJA, 77       USSURIJSK   ","Октябрьская улица, 77, Уссурийск, Приморский край, Россия, 692519",43.796446,131.950325,0.02336717905
5461,2404,3185.5,"UL.LUKASHEVSKOGO, 5       PETROPAVLOVS","улица Лукашевского, 5, Петропавловск-Камчатский, Камчатский край, Россия, 683024",53.059072,158.634206,0.0156103219
5462,2418,3185.5,"UL.CHEREMUHOVAJA,15       VLADIVOSTOK ","Черёмуховая улица, 15, Владивосток, Приморский край, Россия, 690021",43.100365,131.903451,0.02221893707
5463,2421,3185.5,"ALLEYA TRUDA, D.35A       BOLSHOJ KAME","улица Аллея Труда, 35А, Большой Камень, Приморский край, Россия",43.110837,132.354037,0.04998376038
5464,2430,3185.5,"OKEANSKIJ PR-T,52A        VLADIVOSTOK ","Океанский проспект, 52А, Владивосток, Приморский край, Россия, 690106",43.129493,131.893219,-0.05396504883
5465,2446,3185.5,"UL. SOVETSKAYA, 6         NOGLIKI     ","Советская улица, 6, посёлок городского типа Ноглики, Сахалинская область, Россия, 694450",51.811757,143.151661,-0.08244272971
5466,2467,3185.5,STUDENOVSKAJA 124         LIPECK,"Студёновская улица, 124А, Липецк, Россия, 398007",52.626087,39.642618,-0.1327198316
5467,2468,3185.5,UL.KATUKOVA 16            LIPECK,"улица Катукова, 16, Липецк, Россия, 398036",52.583357,39.526968,-0.02719710111
5468,2483,3185.5,3 KRUTICKIJ P11           MOSKVA,,,,-0.02696848526
5469,2486,3185.5,"JAROSLAVSKOE SH.,69       MOSKVA      ","Ярославское шоссе, 69, Москва, Россия, 129337",55.867253,37.704206,-0.04247467685
5470,2490,3185.5,"1 OSTANKINSKAJA, 55       MOSKVA      ","1-я Останкинская улица, 55, Москва, Россия, 129515",55.824258,37.634524,-0.001837334577
5471,2498,3185.5,"PR-T MIRA, 108            MOSKVA      ","проспект Мира, 108, Москва, Россия, 129626",55.803535,37.63765,-0.0267568093
5472,2499,3185.5,ROSSOLIMO D17             MOSKVA,"улица Россолимо, 17, Москва, Россия, 119021",55.733346,37.577597,-0.02391424077
5473,2506,3185.5,KRASNOJ SOSNY 3           MOSKVA,"улица Красная Сосна, 3, Москва, Россия, 129337",55.850292,37.68509,0.05505349531
5474,2507,3185.5,LIHACHEVSKIJ 64           DOLGOPRUDNYJ,"Лихачёвский проспект, 64, Долгопрудный, Московская область, Россия, 141720",55.93127,37.494377,0.003812419685
5475,2513,3185.5,"RUSAKOVSKAJA, 13          MOSKVA      ","Русаковская улица, 13, Москва, Россия, 107140",55.784405,37.673421,0.04696384716
5476,2517,3185.5,TUL MENDELEEVSK. 11       TULA,"Менделеевская улица, 11, Тула, Россия, 300041",54.192685,37.621193,-0.09680523667
5477,2523,3185.5,"CENTRALNAJA, 3            ORENBURG    ","Центральная улица, 3, Оренбург, Россия, 460034",51.718963,55.112622,-0.06956674608
5478,2529,3185.5,"SELSKOHOZJAJST,15-1       MOSKVA      ",,,,-0.07152556837
5479,2534,3185.5,"B.PIROGOVSKAJA,27,2       MOSKVA      ","Большая Пироговская улица, 27с2, Москва, Россия, 119435",55.729341,37.568515,-0.09729712421
5480,2546,3185.5,"LENINSKIJ, 101            MOSKVA      ",,,,-0.002501045187
5481,2548,3185.5,LENINGRADSKIJ PR31A       MOSKVA,"Ленинградский проспект, 31А, Москва, Россия, 125284",55.7836,37.560197,-0.05966979061
5482,2556,3185.5,"ZEMLJANOJ VAL, D.29       MOSKVA      ","улица Земляной Вал, 29, Москва, Россия, 105064",55.757491,37.660808,-0.08797489229
5483,2577,3185.5,CHL POBEDY 115A           CHELJABINSK,"проспект Победы, 115А, Челябинск, Россия, 454081",55.185919,61.434237,-0.06535712643
5484,2581,3185.5,"KOSMONAVTOV, 13           PERVOURALSK ","проспект Космонавтов, 13, Первоуральск, Свердловская область, Россия, 623101",56.909844,59.931266,-0.08389091148
5485,2583,3185.5,PR-D ZARECHNYJ D.33       TJUMEN,"Заречный проезд, 33, Тюмень, Россия, 625022",57.173752,65.558322,-0.0437128095
5486,2585,3185.5,50 LET VLKSM D.63         TJUMEN,"улица 50 лет ВЛКСМ, 63, Тюмень, Россия, 625026",57.13369,65.561403,-0.04342657406
5487,2596,3185.5,50LET OKTJABRJA 14        TJUMEN,"улица 50 лет Октября, 14, Тюмень, Россия, 625048",57.152384,65.567179,-0.07216027196
5488,2604,3185.5,ALEBASHEVSKAJA D.19       TJUMEN,"Алебашевская улица, 19, Тюмень, Россия, 625022",57.170336,65.567431,-0.04936872677
5489,2607,3185.5,"TUL.OKTJABRSKA,205        TULA        ","Октябрьская улица, 205, Тула, Россия, 300062",54.228875,37.628307,-0.09434015471
5490,2623,3185.5,PUSHK.OKTJABRSKIJ 7       SANKT-PETERB,"Октябрьский бульвар, 7/29, Пушкин, Санкт-Петербург, Россия, 196607",59.724868,30.406266,-0.1040749916
5491,2625,3185.5,M-STR.SADOVAJA 22-2       SANKT-PETERB,,,,-0.0592478303
5492,2635,3185.5,"SIBIRSKAJA,104A           TOMSK       ","Сибирская улица, 104А, Томск, Россия, 634021",56.482662,85.006372,0.02988786876
5493,2638,3185.5,"KOMSOMOLSKIJ, 37          TOMSK       ","Комсомольский проспект, 37, Томск, Россия, 634061",56.481708,84.981066,0.01899290144
5494,2648,3185.5,"BERINGA,10                TOMSK       ","улица Беринга, 10, Томск, Россия, 634063",56.516258,85.03368,0.01291441027
5495,2655,3185.5,"VARENCOVOJ,11             IVANOVO     ","улица Варенцовой, 11, Иваново, Россия, 153000",56.994362,40.973579,0.119278943
5496,2657,3185.5,"BAZHENOVA, 2A             ZHUKOVSKIJ  ","улица Баженова, 2А, Жуковский, Московская область, Россия, 140188",55.604565,38.082064,-0.0539717699
5497,2663,3185.5,B.HMELNITSKOGO-164        BELGOROD,"улица имени Н.Б. Голицина, микрорайон Репное, Белгород, Россия",50.55789,36.530216,-0.06942637958
5498,2671,3185.5,"UL. RUSSKAYA, D.2K        VLADIVOSTOK ","Русская улица, 2А, Владивосток, Приморский край, Россия, 690039",43.164781,131.905661,0.02623551773
5499,2676,3185.5,"NCHK STROITELEJ, 21       NOVOCHEBOKSA","улица Строителей, 21, Новочебоксарск, Чувашская Республика, Россия, 429965",56.114044,47.457745,-0.06941281578
5500,2678,3185.5,CHB 9 PYATILET.16-1       CHEBOKSARY,"проспект 9-й Пятилетки, 16/1, Чебоксары, Чувашская Республика, Россия, 428027",56.096127,47.276968,-0.1150056568
5501,2685,3185.5,"27 VOLZ,MIRA,42A          VOLZHSKIJ   ","улица Мира, 42А, Волжский, Волгоградская область, Россия, 404127",48.775358,44.797672,-0.100121429
5502,2701,3185.5,ST.M.ZAELCOVSKAJA         NOVOSIBIRSK,"метро Заельцовская, Ленинская линия, Новосибирск, Россия",55.05941,82.912488,-0.0535767035
5503,2709,3185.5,"PR-T LENINA, 113          BARNAUL     ","проспект Ленина, 113, Барнаул, Алтайский край, Россия, 656002",53.360023,83.763409,-0.08140233803
5504,2713,3185.5,"PAVLOVSKIJ TR., 223       BARNAUL     ","Павловский тракт, 223, Барнаул, Алтайский край, Россия, 656064",53.340678,83.705521,-0.06074946475
5505,2735,3185.5,"UL.A.PETROVA, 219B        BARNAUL     ","улица Антона Петрова, 219, Барнаул, Алтайский край, Россия",53.358636,83.702063,-0.06308636068
5506,2737,3185.5,"UL.KROPOTKINA,199         NOVOSIBIRSK ","улица Кропоткина, 199, Новосибирск, Россия, 630105",55.056208,82.926116,-0.07389491903
5507,2739,3185.5,"GEROEV REVOLJUCII,3       NOVOSIBIRSK ","улица Героев Революции, 3, Новосибирск, Россия, 630037",54.972086,83.10118,-0.1114618401
5508,2743,3185.5,"GUBKINA, 1                OMSK        ","проспект Губкина, 1, Омск, Россия, 644040",55.061462,73.249994,-0.08000421911
5509,2761,3185.5,G.TJUMEN UL.RESPUBL       TJUMEN,,,,-0.09528250588
5510,2764,3185.5,SYK KURATOVA 50           SYKTYVKAR,"улица Куратова, 50, Центральный район, Сыктывкар, Республика Коми, Россия",61.66422,50.831323,-0.1402873204
5511,2766,3185.5,P.ZHELEZNJAKA 3A          KRASNOJARSK,"улица Партизана Железняка, 3А, Красноярск, Россия, 660022",56.026448,92.913981,-0.09793422195
5512,2767,3185.5,PERVOSTROITELEY 52        ZELENOGORSK,"улица Первостроителей, 52, Зеленогорск, Красноярский край, Россия",56.066429,94.613261,-0.06727820057
5513,2770,3185.5,SVOBODNYJ 79              KRASNOJARSK,"Свободная улица, микрорайон Энергетики, Ленинский район, Красноярск, Россия",56.001831,93.029207,-0.003135324346
5514,2776,3185.5,ZHELEZNODOR. 8            KRASNOJARSK,,,,0.01941669932
5515,2784,3185.5,UL. MIRA 56 ZAOZER        ZAOZERNYJ,"улица Мира, 56, Заозёрный, Красноярский край, Россия, 663960",55.957383,94.706775,0.01509717949
5516,2790,3185.5,UL. CENTRALNAJA 6         BEREZOVKA,"Центральная улица, 6, деревня Берёзовка, сельское поселение Берёзовский сельсовет, Арзамасский район, Нижегородская область, Россия",55.358683,43.857279,0.04371061485
5517,2793,3185.5,KURCHATOVA 54 ZHEL        ZHELEZNOGORS,"проспект Курчатова, 54, Железногорск, Красноярский край, Россия, 662970",56.232809,93.553159,0.03961247474
5518,2805,3185.5,CHERNYSHEVA 4             KRASNOJARSK,"улица Чернышева, 4, Красноярск, Россия",56.029199,92.743274,0.03755182934
5519,2814,3185.5,"UL.TITOVA,198             NOVOSIBIRSK ","улица Титова, 198, Новосибирск, Россия, 630120",54.98058,82.829152,-0.06190676283
5520,2824,3185.5,"UL.MJASNIKOVOJ,29         NOVOSIBIRSK ","улица Мясниковой, 29, Новосибирск, Россия, 630129",55.105156,82.934291,-0.003967490621
5521,2830,3185.5,"UL.SLAVSKOGO, 34.3        BELOKURIHA  ","улица Славского, 34к3, Белокуриха, Алтайский край, Россия",51.982345,84.966504,-0.05442406904
5522,2837,3185.5,BOGRADA 144A              KRASNOJARSK,"улица Бограда, 144А, Красноярск, Россия, 660021",56.006648,92.832773,-0.06864991588
5523,2841,3185.5,"KIM YU CHENA, 44          KHABAROVSK  ","улица Ким Ю Чена, 44, Хабаровск, Россия, 680021",48.49013,135.083146,0.006124882514
5524,8408,5478,"D. 2, LIT. A, PL. STACHEK SANKT-PETERB","площадь Стачек, 2, Санкт-Петербург, Россия, 190020",59.90117,30.274932,-0.07050000665
5525,8446,5478,"D. 10, UL. 70 LET OKTYABR TOLYATTI G  ","улица 70 лет Октября, 10, Тольятти, Самарская область, Россия, 445047",53.540618,49.356954,-0.03194527674
5526,8452,5478,"D. 37, UL. MARSHALA ZHUKO UFA G       ","улица Маршала Жукова, 37, Уфа, Республика Башкортостан, Россия, 450105",54.777697,56.067127,-0.02929273152
5527,8453,5478,"D. 12V, STR. 1, UL. OFICE TOLYATTI G  ","36Н-568, Ставропольский район, Самарская область, Россия",53.731987,49.408194,0.01910041393
5528,8455,5478,"D. 85, UL. LENINA         KRASNOE SELO","проспект Ленина, 85, Красное Село, Санкт-Петербург, Россия, 198320",59.729214,30.083303,-0.02024252331
5529,8457,5478,"D. 102, UL. K. LIBKNEHTA  KIROV G     ","улица Карла Либкнехта, 102, Ленинский район, Киров, Россия",58.580014,49.619163,-0.06610264787
5530,8459,5478,"D. 89A, PR-KT SHAHTEROV   KEMEROVO G  ","проспект Шахтёров, 89А, Кемерово, Россия, 650002",55.402674,86.116222,-0.06672573307
5531,8462,5478,"D. 17, PR-KT OKTYABR'SKII PSKOV G     ","Октябрьский проспект, 17, Псков, Россия, 180000",57.812984,28.346339,-0.1325676005
5532,8466,5478,"D. 18, PR-KT KURCHATOVA   VOLGODONSK G","проспект Курчатова, 18, Волгодонск, Ростовская область, Россия, 347380",47.519021,42.207577,-0.04281535892
5533,8467,5478,"D. 16, UL. PARIZHSKOI KOM IVANOVO G   ","улица Парижской Коммуны, 16, Иваново, Россия, 153003",56.99749,40.961021,-0.02333998786
5534,8469,5478,"D. 57, UL. KARLA MARKSA   TOLYATTI G  ","улица Карла Маркса, 57, Тольятти, Самарская область, Россия, 445011",53.510155,49.41459,-0.05280859398
5535,8470,5478,"D. 11, KORP. A, UL. MIRA  NOVOMOSKOVSK","улица Мира, 11А, Новомосковск, Тульская область, Россия",54.027101,38.25976,-0.01585023935
5536,8477,5478,"D. 9, UL. SHKOL'NAYA      GLINISHCHEVO","Школьная улица, 9, село Глинищево, Глинищевское сельское поселение, Брянский район, Брянская область, Россия, 241525",53.302381,34.09084,-0.05097452838
5537,4732,5478,"D. 154D, UL. GUSHINA      BARNAUL G   ","улица Гущина, 154, Барнаул, Алтайский край, Россия, 656063",53.37901,83.678356,-0.07087990451
5538,4738,5478,"D. 4, PR-KT MOSKOVSKII    BRYANSK G   ","Московский проспект, 4, Брянск, Россия, 241020",53.22039,34.381122,0.005276430414
5539,4740,5478,"D. 108, PR-KT KOMSOMOL'SK CHELYABINSK ",,,,-0.0474776219
5540,4745,5478,"D. 6, PR-KT BUTOMY        SEVERODVINSK","проспект Бутомы, 6, Северодвинск, Архангельская область, Россия, 164524",64.602145,39.814905,-0.1212210218
5541,4749,5478,"D. 53, PR-KT KRASNYI      NOVOSIBIRSK ","Красный проспект, 53, Новосибирск, Россия, 630091",55.039048,82.917321,-0.091569762
5542,4750,5478,"D. 1, UL. SOFIISKAYA      NOVOSIBIRSK ","Софийская улица, 1, Новосибирск, Россия, 630056",54.854372,82.974634,-0.1078404424
5543,4763,5478,"D. 1A, UL. PRUDSKAYA      NOVOALTAYSK ","Прудская улица, 1А, Новоалтайск, Алтайский край, Россия, 658080",53.421182,83.930944,-0.06480387218
5544,4770,5478,"D. 1, UL. ASTRAHANSKAYA   NARIMANOV G ","Астраханская улица, 1, Нариманов, Астраханская область, Россия, 416111",46.687946,47.852294,-0.05749618472
5545,4772,5478,"D. 45, SH. ANAPSKOE       NOVOROSSIYSK","Анапское шоссе, 45, Новороссийск, Краснодарский край, Россия, 353907",44.733569,37.749517,-0.0400010628
5546,4781,5478,"D. 142, UL. MALAHOVA      BARNAUL G   ","улица Малахова, 142, Барнаул, Алтайский край, Россия, 656006",53.336231,83.692711,-0.01846198705
5547,4782,5478,"D. 35V, UL. GEROEV STALIN YOSHKAR-OLA ",,,,-0.05825688707
5548,4791,5478,"D. 32A, UL. SVERDLOVA     TOLYATTI G  ","улица Свердлова, 32А, Тольятти, Самарская область, Россия, 445042",53.527785,49.301986,-0.05820582642
5549,4802,5478,"D. 120, UL. SOCIALISTICHE BIYSK G     ","Зональная улица, 120, Бийск, Алтайский край, Россия, 659314",52.557686,85.133115,-0.09261792979
5550,4810,5478,"D. 35, UL. LENINA         NEFTEKAMSK G","улица Ленина, 35, Нефтекамск, Республика Башкортостан, Россия, 452689",56.100801,54.226101,-0.1008438368
5551,4812,5478,"D. 5, UL. BABAEVSKAYA     KUMERTAU G  ","Бабаевская улица, 5, Кумертау, Республика Башкортостан, Россия, 453303",52.760365,55.807469,-0.06027316542
5552,4819,5478,"D. 41A, UL. GOR'KOGO      IGLINO S    ","улица Горького, 41А, село Иглино, Иглинский район, Республика Башкортостан, Россия, 452410",54.826448,56.40351,-0.09579015296
5553,4822,5478,"D. 17, UL. LENINA         TRUDOBELIKOV","улица Ленина, 17, Советский территориальный округ, муниципальное образование Город Тула, Тульская область, Россия",54.195024,37.608086,0.03971601108
5554,4825,5478,"D. 38, PER. MOPROVSKII    BIYSK G     ","Мопровский переулок, 38, Бийск, Алтайский край, Россия",52.547463,85.222668,-0.09214014473
5555,4832,5478,"D. 9/2, UL. TUAPSINSKAYA  SOCHI G     ","Туапсинская улица, 9/2, Сочи, Краснодарский край, Россия",43.593536,39.738908,-0.0769592267
5556,4840,5478,"D. 3, UL. UL'YANOVA       BRYANSK G   ","улица Ульянова, 3, Брянск, Россия, 241035",53.297532,34.306176,-0.03102436429
5557,4843,5478,"D. 17, UL. METALLISTOV    ULYANOVSK G ","улица Металлистов, 17, Ульяновск, Россия, 432007",54.330859,48.483334,0.006568157856
5558,4844,5478,"D. 52, UL. 8 MARTA        EKATERINBURG","улица 8 Марта, 52, Екатеринбург, Свердловская область, Россия",56.827532,60.601715,-0.01757231573
5559,4845,5478,"D. 1, PER. NEV'YANSKII    EKATERINBURG","Невьянский переулок, 1, микрорайон Вокзальный, Железнодорожный район, Екатеринбург, Свердловская область, Россия, 620107",56.857559,60.601598,-0.1059829628
5560,4851,5478,"D. 30, UL. KOSMONAVTOV    VOLGOGRAD G ","улица Космонавтов, 30, Волгоград, Россия, 400094",48.763583,44.508782,-0.04958452501
5561,4853,5478,"D. 13, UL. 25 OKTYABRYA   VYAZMA G    ","улица 25 Октября, 13, Вязьма, Смоленская область, Россия, 215110",55.205003,34.299429,-0.01667130915
5562,4861,5478,"D. 15, UL. LENINA         LIKINO-DULEV","улица Ленина, 15, Ликино-Дулёво, городской округ Ликино-Дулёво, Московская область, Россия, 142670",55.701298,38.958344,0.009155382842
5563,4862,5478,"D. 53, UL. KRASNAYA       PENZA G     ","Красная улица, 53, Пенза, Россия, 440026",53.182789,45.006467,-0.07048154575
5564,4890,5478,"D. 18, KORP. 1, UL. NOVOS NOVOKUZNETSK","улица Ново-Горбуново, 16, Новокузнецк, Кемеровская область, Россия, 654063",53.736776,87.038522,-0.07341429935
5565,4918,5478,"D. 27, UL. BAKALINSKAYA   UFA G       ","Бакалинская улица, 27, Уфа, Республика Башкортостан, Россия, 450022",54.717324,55.984599,-0.05812568928
5566,4921,5478,UL. KRASNYI PROSPEKT      NOVOSIBIRSK,,,,-0.05923667427
5567,4925,5478,"D. 71, UL. KRASNOARMEISKA BRYANSK G   ","Красноармейская улица, 71, Брянск, Россия, 241019",53.239833,34.345315,-0.01769944188
5568,4945,5478,"D. 18, PR-KT STROITELEI   PROKOPYEVSK ","проспект Строителей, 18, Прокопьевск, Кемеровская область, Россия, 653052",53.874981,86.622665,-0.08090956108
5569,4947,5478,UL. KIROVA                NOVOSIBIRSK,,,,0.00371704036
5570,4953,5478,"D. 11, UL. TRUDOVAYA      NOGINSK G   ","Трудовая улица, 11, Ногинск, Богородский городской округ, Московская область, Россия, 142400",55.853461,38.440582,-0.04019158989
5571,4963,5478,"D. 56A, UL. PARTIZANSKAYA SAMARA G    ","Партизанская улица, 56А, Самара, Россия, 443093",53.196536,50.158826,0.001575560716
5572,4965,5478,"D. 5, UL. KAZAHSKAYA      VOLGOGRAD G ","Казахская улица, 5, Волгоград, Россия, 400002",48.675523,44.450248,-0.04648439462
5573,4970,5478,"D. 39/126, UL. KARLA MARK ULYANOVSK G ","улица Карла Маркса, 39, Ульяновск, Россия, 432001",54.323135,48.385812,-0.03086454219
5574,4978,5478,"D. 2, UL. BARHATOVOI      OMSK G      ","улица Бархатовой, 2, микрорайон Заозёрный, Омск, Россия, 644110",55.048611,73.325829,-0.01057607298
5575,5005,5478,"D. 64, UL. 12 DEKABRYA    OMSK G      ","улица 12 Декабря, 64, Омск, Россия, 644103",54.945547,73.339241,-0.09763801223
5576,5011,5478,"D. 41, PR-KT SHINNIKOV    NIZHNEKAMSK ","проспект Шинников, 41, Нижнекамск, Республика Татарстан, Россия",55.653335,51.826863,-0.08572565368
5577,5013,5478,"D. 43V, UL. UBILEINAYA    PSKOV G     ","Юбилейная улица, 43, Псков, Россия, 180002",57.80782,28.313559,-0.108852443
5578,5022,5478,"D. 237, UL. GOR'KOGO      BLAGOVESHCHE","улица Горького, 235, Благовещенск, Амурская область, Россия",50.269526,127.50406,0.0177241714
5579,5028,5478,"D. 173, UL. LENINA        YUZHNO-SAKHA","улица Ленина, 173, Южно-Сахалинск, Сахалинская область, Россия",46.957845,142.73063,0.0122646998
5580,5031,5478,"D. 15, UL. NAHIMOVA       TOMSK G     ","улица Нахимова, 15, Томск, Россия, 634045",56.454717,84.973367,0.0001615859203
5581,5044,5478,"D. 15A, UL. KLUBNAYA      FOKINO G    ","Клубная улица, 15А, Фокино, Приморский край, Россия, 692880",42.974076,132.408744,0.009125374079
5582,5046,5478,"D. 1, MKAD 91 KM          MYTISHCHI G ","МКАД, 91-й километр, 1, Москва, Россия",55.897872,37.667043,-0.02274984972
5583,5081,5478,"D. 40, UL. LESKOVA        NIZHNIY NOVG","улица Лескова, 40, Нижний Новгород, Россия, 603083",56.233534,43.856552,-0.0620086235
5584,5091,5478,"D. 40, KORP. 1, UL. SEM'I NOVOSIBIRSK ","Новосибирск (Толмачёво) терминал А, аэропорт Новосибирск (Толмачёво), Новосибирская область, Россия",55.009559,82.667455,-0.07662585837
5585,5092,5478,"D. 1/1, UL. MITROFANOVA   BIYSK G     ","улица Михаила Митрофанова, 1/1, Бийск, Алтайский край, Россия",52.523838,85.181031,-0.06231540635
5586,5112,5478,"D. 28, LIT. A, PR-KT MOSK SANKT-PETERB","М-10 Россия, 40-й километр, Зеленоград, Москва, Россия",56.013694,37.208884,-0.05006245243
5587,5113,5478,"D. 28, LIT. A, PR-KT MOSK SANKT-PETERB","М-10 Россия, 40-й километр, Зеленоград, Москва, Россия",56.013694,37.208884,-0.1028150086
5588,5117,5478,"D. 2, LIT. G, PR-KT NEVSK SANKT-PETERB","Невский проспект, 148А, Санкт-Петербург, Россия, 191024",59.928568,30.372372,-0.05079715444
5589,5130,5478,"D. 22, UL. ARTILLERIISKAY KALININGRAD ","Артиллерийская улица, 22, Калининград, Россия, 236016",54.732096,20.539916,-0.02792162986
5590,5138,5478,"D. 116A, UL. KRUPSKOI     POLYSAEVO G ","улица Крупской, 116А, Полысаево, Кемеровская область, Россия, 652560",54.603785,86.276491,-0.105276131
5591,5141,5478,"D. 27, UL. GAGARINA U.    CHEBOXARY G ","улица Юрия Гагарина, 27, Чебоксары, Чувашская Республика, Россия",56.128927,47.267868,-0.1111989715
5592,5142,5478,"D. 20A, UL. STUDENECKAYA  TAMBOV G    ","Студенецкая улица, 20, Тамбов, Россия, 392000",52.726859,41.44692,-0.01861175454
5593,5150,5478,"D. 1, UL. ZVEZDNAYA       PENZA G     ","Звёздная улица, 9, Пенза, Россия, 440015",53.266732,44.999918,-0.07511119581
5594,5152,5478,"D. 24, UL. TURCHINSKOGO   KRASNAYA POL","улица Турчинского, 24, посёлок городского типа Красная Поляна, городской округ Сочи, Краснодарский край, Россия, 354392",43.676183,40.200355,-0.08097725373
5595,5158,5478,"D. 26/4, UL. YANKI KUPALY NIZHNIY NOVG","улица Янки Купалы, 26, Нижний Новгород, Россия, 603142",56.233824,43.844901,0.001681866387
5596,5159,5478,"D. 23A, UL. LAZO          SYZRAN G    ","улица Лазо, 23А, Сызрань, Самарская область, Россия, 446009",53.111638,48.42303,-0.128673457
5597,5167,5478,"D. 28A, PER. FRUKTOVYI    TOMSK G     ","Фруктовый переулок, 28А, Томск, Россия",56.479103,85.009965,-0.0671741655
5598,5178,5478,"D. 1, UL. MAISKAYA        TULA G      ","Майская улица, 1, Тула, Россия, 300010",54.21156,37.693812,0.01377254225
5599,5179,5478,"D. 59, UL. SOVETSKAYA     TULA G      ","Советская улица, 59, Тула, Россия, 300041",54.190404,37.624256,-0.05053851343
5600,5194,5478,"D. 17, UL. 10 LET OKTYABR IZHEVSK G   ",,,,-0.03849144389
5601,5195,5478,"D. 130, UL. PUSHKINSKAYA  IZHEVSK G   ","Пушкинская улица, 130, Ижевск, Удмуртская Республика, Россия, 426077",56.836667,53.21785,-0.08541738827
5602,5205,5478,"D. 58/4B, UL. KARLA MARKS SEVERODVINSK","улица Карла Маркса, 58, Северодвинск, Архангельская область, Россия, 164514",64.55455,39.765552,-0.02510912393
5603,5206,5478,"D. 4, UL. LYAHOVA         ASTRAKHAN G ","улица Ляхова, 4/1, Астрахань, Россия, 414040",46.360315,48.050175,-0.1041718322
5604,5236,5478,"D. 60, UL. SALMYSHSKAYA   ORENBURG G  ","Салмышская улица, 60, Оренбург, Россия, 460060",51.815722,55.173069,-0.04463161483
5605,5239,5478,"D. 100, UL. PISKUNOVA     IRKUTSK G   ","улица Пискунова, 100, Иркутск, Россия, 664047",52.270397,104.318183,-0.08089828752
5606,5241,5478,"D. 8G, PR-T. LENINA       MONCHEGORSK ","проспект Ленина, 8А, Мончегорск, Мурманская область, Россия, 184511",67.930577,32.933478,-0.01340640545
5607,5248,5478,"D. 42, UL. BORISENKO      VLADIVOSTOK ","улица Борисенко, 42, Владивосток, Приморский край, Россия",43.097606,131.954044,0.04994539302
5608,5254,5478,"D. 93, UL. ANOHINA        CHITA G     ","улица Анохина, 93, Чита, Забайкальский край, Россия, 672000",52.032616,113.495183,0.01213642365
5609,5257,5478,"D. 54, PR-KT OKTYABR'SKII PSKOV G     ","Октябрьский проспект, 54, Псков, Россия, 180004",57.810016,28.361035,-0.0417892865
5610,5260,5478,"D. 10, UL. MIRA           ZHELEZNOGORS","улица Мира, 10, Железногорск, Курская область, Россия, 307177",52.328296,35.376905,-0.001282077417
5611,5264,5478,"D. 50, UL. URICKOGO       YAROSLAVL G ","улица Урицкого, 50, Ярославль, Россия, 150044",57.681841,39.794478,-0.09940890508
5612,5267,5478,"D. 22, UL. 10 KRASNOARMEI SANKT-PETERB",,,,-0.09417989153
5613,5270,5478,"7/3, KV-L 108-I           ANGARSK G   ","108-й квартал, 7, Ангарск, Иркутская область, Россия",52.542649,103.899388,-0.08572565368
5614,5274,5478,"D. 22, UL. MIRA           KURCHATOV G ","улица Мира, 22, Курчатов, Курская область, Россия, 307250",51.654528,35.681883,-0.1064227532
5615,5293,5478,"D. 49, UL. SOVETSKAYA     KRASNOE-NA-V","Советская улица, 49А, поселок городского типа Красное-на-Волге, Красносельский район, Костромская область, Россия, 157940",57.51372,41.233211,7.36E-05
5616,5296,5478,"D. 3, UL. NIL'SKAYA       VOLGOGRAD G ","Нильская улица, 3, микрорайон Ангарский, Волгоград, Россия, 400081",48.715848,44.482462,-0.09367321979
5617,5298,5478,"D. 45, UL. TRAKTORNAYA    VLADIMIR G  ","Тракторная улица, 45, Владимир, Россия, 600005",56.1492,40.387096,0.02589728067
5618,5299,5478,"D. 20, UL. MIRA           KABARDINKA S","улица Мира, 20, село Кабардинка, муниципальное образование Город Геленджик, Краснодарский край, Россия, 353480",44.645239,37.933258,-0.06086059154
5619,5324,5478,"D. 7, UL. RESPUBLIKANSKAY YAROSLAVL G ","Республиканская улица, 7, Ярославль, Россия, 150003",57.637087,39.882764,-0.07715817857
5620,5333,5478,"D. 112, UL. SVETLANSKAYA  VLADIVOSTOK ","Светланская улица, 112, Владивосток, Приморский край, Россия, 690005",43.112087,131.925882,0.01862068716
5621,5341,5478,"D. 28, UL. MOSKOVSKAYA    NOVOMOSKOVSK","Московская улица, 28, Новомосковск, Тульская область, Россия, 301650",54.015723,38.297166,-0.09406364549
5622,5350,5478,"D. 43, PR-KT 60 LET OKTYA KRASNOYARSK ",,,,-0.03169050768
5623,5353,5478,"D. 43, STR. 1, UL. PRAVO- KAZAN G     ","Право-Булачная улица, 5, Казань, Республика Татарстан, Россия, 420111",55.794765,49.105929,-0.06253678057
5624,5358,5478,"D. 108, UL. ZAVOIKO       ELIZOVO G   ","улица Завойко, 104, Елизово, Камчатский край, Россия, 684007",53.151322,158.371206,-0.002261432603
5625,5363,5478,"D. 65, PR-KT KIROVA       TOMSK G     ","проспект Кирова, 65, Томск, Россия, 634012",56.460914,84.98854,-0.05291386898
5626,5371,5478,"D. 90, UL. ULIUSA FUCHIKA KAZAN G     ","улица Юлиуса Фучика, 90, Казань, Республика Татарстан, Россия, 420140",55.763478,49.233274,-0.09275929308
5627,5385,5478,"D. 62A, PR-KT CIOLKOVSKOG DZERZHINSK G","проспект Циолковского, 62А, Дзержинск, Нижегородская область, Россия, 606037",56.22794,43.409748,0.02637795935
5628,5387,5478,"D. 217, PR-KT LENINA      TOMSK G     ","проспект Ленина, 217, Томск, Россия, 634009",56.51226,84.943211,-0.02727352996
5629,5393,5478,"D. 12, UL. PARKOVAYA      ZELENOGORSK ","Парковая улица, 12, Зеленогорск, Красноярский край, Россия, 663690",56.107875,94.567168,-0.1291552724
5630,5397,5478,"D. 336A, UL. MOSKOVSKAYA  KALUGA G    ","Московская улица, 336А, Калуга, Россия",54.57876,36.254388,-0.0747192885
5631,5416,5478,"D. 32, UL. TRUDA          IZHEVSK G   ","улица Труда, 32, Ижевск, Удмуртская Республика, Россия, 426067",56.86244,53.286365,-0.1021157329
5632,5418,5478,"D. 9, UL. 40 LET VLKSM    NOVOKUZNETSK","улица 40 лет ВЛКСМ, 9, Новокузнецк, Кемеровская область, Россия, 654031",53.833969,87.186053,-0.01235903501
5633,5421,5478,"D. 7, UL. MOLODOGVARDEICE CHELYABINSK ","улица Молодогвардейцев, 7, Челябинск, Россия, 454901",55.204793,61.327311,-0.005757961618
5634,5426,5478,"D. 47, UL. GOGOLYA        BARNAUL G   ","улица Гоголя, 47/10, Барнаул, Алтайский край, Россия, 656056",53.33415,83.793341,-0.07392448932
5635,5429,5478,"D. 7, UL. KIROVA          ASTRAKHAN G ","улица Кирова, 7/28, Астрахань, Россия, 414000",46.352547,48.037589,-0.003751792404
5636,5437,5478,"D. 1, UL. KLUBNAYA        YAROSLAVL G ","Клубная улица, 1, Ярославль, Россия, 150008",57.607301,39.946473,-0.0102876633
5637,5438,5478,UL. 120-I DIVIZII         GATCHINA G,"улица 120-й Гатчинской Дивизии, Гатчина, Ленинградская область, Россия",59.571017,30.054351,-0.02018276633
5638,5447,5478,"D. 29 A, UL. KAHOVKA      MOSKVA G    ","улица Каховка, 29А, Москва, Россия, 117461",55.656336,37.569584,0.01593616951
5639,5448,5478,"D. 125, UL. LENINA        KRASNOYARSK ","улица Ленина, 125, Красноярск, Россия, 660009",56.012164,92.851754,-0.01568241157
5640,5452,5478,"D. 75, UL. TOREZA         NOVOKUZNETSK","улица Тореза, 75, Новокузнецк, Кемеровская область, Россия, 654059",53.825233,87.163379,-0.023725879
5641,5463,5478,"D. 13A, UL. KORTUNOVA     OKTYABRSKIY ","улица Кортунова, 5Б, Октябрьский, Республика Башкортостан, Россия",54.479523,53.506066,-0.1450012315
5642,5464,5478,"D. 30, UL. BOL'SHAYA MORS SANKT-PETERB",,,,-0.08033769862
5643,5467,5478,"D. 7/5, UL. STRAZH REVOLU NIZHNIY NOVG","улица Страж Революции, 7/5, Нижний Новгород, Россия, 603157",56.335934,43.881354,-0.04605538326
5644,5471,5478,"D. 1, STR. 6, SH. VARSHAV MOSKVA G    ","улица Ш-2, 8А/1, Особая экономическая зона Алабуга, Елабужский район, Республика Татарстан, Россия",55.833814,52.029352,-0.07462926565
5645,5491,5478,"D. 14/2, UL. K. MARKSA    TUAPSE G    ","улица Карла Маркса, 14, Туапсе, Краснодарский край, Россия",44.098107,39.077739,-0.09042032772
5646,5500,5478,D. 24A                    GORKI-10 P,"посёлок Горки-10, 24А, Одинцовский район, Московская область, Россия",55.706431,37.022618,-0.05293363175
5647,5508,5478,"D. 13, UL. PORTOVAYA      MAGADAN G   ","Портовая улица, 13, Магадан, Россия",59.564412,150.793072,-0.07594495295
5648,5516,5478,"D. 8, UL. KOMMUNISTICHESK SYKTYVKAR G ","Коммунистическая улица, 8, Сыктывкар, Республика Коми, Россия",61.668323,50.834332,-0.05696666831
5649,5539,5478,"D. 1, UL. ARTILLERIISKAYA SANKT-PETERB","Артиллерийская улица, 1, Санкт-Петербург, Россия, 191014",59.941615,30.351693,-0.07879941193
5650,5547,5478,"D. 10, UL. BASTIONNAYA    TAMBOV G    ","Бастионная улица, 8, Тамбов, Россия, 392028",52.734346,41.392706,0.004481791937
5651,5549,5478,"D. 65, UL. VLASIHINSKAYA  BARNAUL G   ",,,,-0.02176279816
5652,5554,5478,"D. 3, MKR. UZHNYI         STARYY OSKOL","микрорайон Южный, 3, Старый Оскол, Белгородская область, Россия",51.283684,37.832036,-0.1174490058
5653,5560,5478,"D. 127, UL. PRUDOVAYA 1-Y NOGINSK G   ","1-я Прудовая улица, Ногинск, Богородский городской округ, Московская область, Россия",55.872642,38.431913,-0.008877579512
5654,5563,5478,"D. 6, UL. NOVAYA          ZELENOKUMSK ","Новая улица, 6, Зеленокумск, Советский городской округ, Ставропольский край, Россия, 357910",44.409122,43.885244,-0.09745179675
5655,5570,5478,"D. 4, STR. 2, SH. SIMFERO CHEKHOV G   ","улица Ш-2, 8А/1, Особая экономическая зона Алабуга, Елабужский район, Республика Татарстан, Россия",55.833814,52.029352,-0.03328331914
5656,5575,5478,"D. 122, PR-KT LENINA      TULA G      ","проспект Ленина, 122, Тула, Россия, 300026",54.152641,37.58349,-0.001138090159
5657,5579,5478,"D. 28/21, UL. CHKALOVA    YAROSLAVL G ","улица Чкалова, 28/21, Ярославль, Россия, 150043",57.637931,39.840516,-0.02336985778
5658,5583,5478,"D. 76, UL. PETRA ALEKSEEV YAKUTSK G   ","улица Петра Алексеева, 76, Якутск, Республика Саха (Якутия), Россия, 677015",62.052074,129.706998,-0.04188512619
5659,5587,5478,"D. 9A, UL. LAZAREVA       NOVOSIBIRSK ","улица Лазарева, 9А, Новосибирск, Россия, 630084",55.067953,82.974095,-0.0207479179
5660,5588,5478,"D. 244, UL. TURGENEVA     ANAPA G     ","улица Тургенева, 244к2, Анапа, Краснодарский край, Россия, 353440",44.894639,37.32845,-0.05863041915
5661,5593,5478,"D. 23, UL. CHERVISHEVSKII TYUMEN G    ","СОПК Монтажник-II, 21, Нижневартовский район, Ханты-Мансийский автономный округ, Россия",61.001378,76.57473,-0.00644153558
5662,5611,5478,"D. 28, UL. DZERZHINSKOGO  MAGADAN G   ","улица Дзержинского, 28, Магадан, Россия, 685000",59.565347,150.795489,-0.06130748523
5663,5613,5478,"D. 16, MKR. UZHNYI        ISKITIM G   ","микрорайон Южный, 16, Искитим, Новосибирская область, Россия",54.613536,83.276369,-0.02634788361
5664,5615,5478,"D. 21 V, UL. NOVOSELOV    RYAZAN G    ","улица Новосёлов, 21, район Дашково-Песочня, Октябрьский административный округ, Рязань, Россия, 390037",54.610814,39.80206,-0.03563526521
5665,5634,5478,"D. 6A, UL. DOROZHNAYA     NAGORNYY P  ","Дорожная улица, 6, село Нагорное, Бахчисарайский район, Республика Крым, Россия",44.579975,33.991918,-0.03894781127
5666,5635,5478,STROENIE 1                KRASNYY BOR,"посёлок Красный Бор, с1, Ярославский район, Ярославская область, Россия",57.640122,39.966065,0.03570864096
5667,5637,5478,"D. 14/1, UL. KLUCH-KAMYSH NOVOSIBIRSK ","14-й квартал, к1, микрорайон Люберецкие Поля, район Некрасовка, Юго-Восточный административный округ, Москва, Россия",55.71877,37.953686,-0.01504191394
5668,5641,5478,"D. 1, UL. ANDREEVSKAYA    SPASSK-DALNI","Андреевская улица, 1, Спасск-Дальний, Приморский край, Россия, 692245",44.604739,132.824278,0.09701015412
5669,5681,5478,"D. 41, PR-KT STROITELEI   NIZHNEKAMSK ","проспект Строителей, 41, Нижнекамск, Республика Татарстан, Россия",55.634979,51.805025,-0.04806237417
5670,5682,5478,"D. 114, UL. SPESHILOVA    PERM G      ","улица Спешилова, 114, Пермь, Россия, 614013",58.03957,56.190906,-0.04020190854
5671,5684,5478,"D. 9, UL. POLEVAYA        SAMARA G    ","Полевая улица, 9, Самара, Россия, 443100",53.206439,50.121654,-0.0146045191
5672,5707,5478,"D. 11, UL. NEVSKOGO       KOTLAS G    ","улица Невского, 11, Котлас, Архангельская область, Россия, 165300",61.249989,46.63222,0.01771399093
5673,5711,5478,"D. 36, PR-KT LENINA       IVANOVO G   ","проспект Ленина, 36, Иваново, Россия, 153000",56.998563,40.974604,-0.05723075352
5674,5712,5478,"D. 36, PR-KT LENINA       IVANOVO G   ","проспект Ленина, 36, Иваново, Россия, 153000",56.998563,40.974604,-0.01454458476
5675,5713,5478,"D. 36, PR-KT LENINA       IVANOVO G   ","проспект Ленина, 36, Иваново, Россия, 153000",56.998563,40.974604,-0.03074822403
5676,5714,5478,"D. 36, PR-KT LENINA       IVANOVO G   ","проспект Ленина, 36, Иваново, Россия, 153000",56.998563,40.974604,-0.02059897094
5677,5716,5478,"D. 32, UL. 8 MARTA        IVANOVO G   ","улица 8 Марта, 32, Иваново, Россия, 153037",57.005529,40.985302,0.05130644399
5678,5735,5478,"D. 13V, UL. VLADIMIRA NEV VORONEZH G  ","улица Владимира Невского, 13, Воронеж, Россия, 394088",51.707027,39.147017,-0.0744098627
5679,5743,5478,"D. 60A, UL. RYABIKOVA     ULYANOVSK G ","улица Рябикова, 60А, Ульяновск, Россия, 432045",54.27752,48.291705,-0.07528295453
5680,5750,5478,"D. 1, PR-KT MIRA          SURGUT G    ","проспект Мира, 1, Сургут, Ханты-Мансийский автономный округ, Россия, 628403",61.262497,73.378668,-0.1027292267
5681,5766,5478,"D. 9, PR-KT PACAEVA       DOLGOPRUDNYY","проспект Пацаева, 9, Долгопрудный, Московская область, Россия, 141707",55.947812,37.499381,0.01596425538
5682,5767,5478,"D. 9, PR-KT PACAEVA       DOLGOPRUDNYY","проспект Пацаева, 9, Долгопрудный, Московская область, Россия, 141707",55.947812,37.499381,0.03681624924
5683,5768,5478,"D. 9, PR-KT PACAEVA       DOLGOPRUDNYY","проспект Пацаева, 9, Долгопрудный, Московская область, Россия, 141707",55.947812,37.499381,0.03903537223
5684,5769,5478,"D. 9, PR-KT PACAEVA       DOLGOPRUDNYY","проспект Пацаева, 9, Долгопрудный, Московская область, Россия, 141707",55.947812,37.499381,0.02468545671
5685,5784,5478,"D. 2, PR-KT NIKOL'SKII    KOLTSOVO RP ","Никольский проспект, 2, рабочий посёлок Кольцово, Новосибирская область, Россия, 630559",54.938943,83.188406,0.005590064907
5686,5785,5478,"D. 2, PR-KT NIKOL'SKII    KOLTSOVO RP ","Никольский проспект, 2, рабочий посёлок Кольцово, Новосибирская область, Россия, 630559",54.938943,83.188406,-0.008897376273
5687,5794,5478,"D. 66, UL. MOSKOVSKAYA    SARATOV G   ","Московская улица, 66, Саратов, Россия, 410012",51.533747,46.036817,-0.1231639062
5688,5795,5478,"D. 66, UL. MOSKOVSKAYA    SARATOV G   ","Московская улица, 66, Саратов, Россия, 410012",51.533747,46.036817,-0.109943534
5689,5802,5478,"D. 16, UL. BALTIISKAYA    BARNAUL G   ","Балтийская улица, 16, Барнаул, Алтайский край, Россия, 656006",53.335581,83.684662,-0.02403893379
5690,5847,5478,"D. 15, SH. IGNAT'EVSKOE   BLAGOVESHCHE","Игнатьевское шоссе, 15, Благовещенск, Амурская область, Россия",50.295889,127.514489,-0.002027875372
5691,5876,5478,"D. 26, UL. LIMONOVA       ULAN-UDE G  ","улица Лимонова, 20, Улан-Удэ, Республика Бурятия, Россия, 670002",51.842232,107.613635,-0.08628517183
5692,5885,5478,"D. 14, UL. LENINA         ZELENOGORSK ","улица Ленина, 14, Зеленогорск, Красноярский край, Россия, 663693",56.109978,94.582493,-0.07249493522
5693,5909,5478,"D. 1, UL. PRIVOKZAL'NAYA  VALUYKI G   ","Новая улица, 1, Валуйки, Белгородская область, Россия",50.178428,38.12256,-0.06275909982
5694,5921,5478,"D. 3, UL. LAZO            KOMSOMOLSK-N","улица Лазо, 3, Комсомольск-на-Амуре, Хабаровский край, Россия, 681014",50.593579,137.067183,0.008657003772
5695,5926,5478,"D. 2, PR-KT SHEKSNINSKII  CHEREPOVETS ","Шекснинский проспект, 2, Череповец, Вологодская область, Россия, 162626",59.092436,37.917673,-0.05345011406
5696,5934,5478,"D. 82, UL. LENINA         KALUGA G    ","улица Ленина, 82, Калуга, Россия, 248001",54.512141,36.262311,-0.02863158369
5697,5941,5478,"D. 26/63, UL. SVOBODY     YAROSLAVL G ","улица Свободы, 26, Ярославль, Россия, 150000",57.625764,39.877626,-0.06126107661
5698,5942,5478,"D. 26/63, UL. SVOBODY     YAROSLAVL G ","улица Свободы, 26, Ярославль, Россия, 150000",57.625764,39.877626,-0.01986055986
5699,5943,5478,"D. 26/63, UL. SVOBODY     YAROSLAVL G ","улица Свободы, 26, Ярославль, Россия, 150000",57.625764,39.877626,-0.02493563898
5700,5944,5478,"D. 26/63, UL. SVOBODY     YAROSLAVL G ","улица Свободы, 26, Ярославль, Россия, 150000",57.625764,39.877626,-0.02838425916
5701,5945,5478,"D. 43, UL. HOHRYAKOVA     EKATERINBURG","улица Хохрякова, 43, Екатеринбург, Свердловская область, Россия, 620014",56.830527,60.594079,-0.05963231079
5702,5946,5478,"D. 43, UL. HOHRYAKOVA     EKATERINBURG","улица Хохрякова, 43, Екатеринбург, Свердловская область, Россия, 620014",56.830527,60.594079,-0.05339025787
5703,5947,5478,"D. 51, UL. NEIBUTA        VLADIVOSTOK ","улица Нейбута, 51, Владивосток, Приморский край, Россия",43.112916,131.96141,0.002812283348
5704,5951,5478,"D. 48, UL. LENINA         TYAZHINSKIY ","улица Ленина, 48, поселок городского типа Тяжинский, Тяжинский район, Кемеровская область, Россия, 652240",56.106007,88.512559,-0.1111384975
5705,5952,5478,"D. 81, SH. MOZHAISKOE     ODINTSOVO G ","Можайское шоссе, 81, Одинцово, Московская область, Россия, 143007",55.678991,37.283507,0.03936672753
5706,5953,5478,"D. 81, SH. MOZHAISKOE     ODINTSOVO G ","Можайское шоссе, 81, Одинцово, Московская область, Россия, 143007",55.678991,37.283507,-0.04332785797
5707,5954,5478,"D. 81, SH. MOZHAISKOE     ODINTSOVO G ","Можайское шоссе, 81, Одинцово, Московская область, Россия, 143007",55.678991,37.283507,-0.003749229941
5708,5955,5478,"D. 81, SH. MOZHAISKOE     ODINTSOVO G ","Можайское шоссе, 81, Одинцово, Московская область, Россия, 143007",55.678991,37.283507,0.004282321326
5709,5959,5478,"D. 2, UL. ZHELEZNODOROZHN VANINO RP   ","городское поселение Рабочий Посёлок Ванино, Ванинский район, Хабаровский край, Россия",49.097434,140.232523,-0.03183091576
5710,5976,5478,"D. 6, UL. 40 LET KOMSOMOL NOVOSIBIRSK ","улица 30 лет Октября, 40, Новосибирск, Россия, 630123",55.070654,82.891109,0.04483859637
5711,5984,5478,"D. 3 A, UL. GENERALA BELO NOVOMOSKOVSK","улица Генерала Белова, 3А, Новомосковск, Тульская область, Россия, 301666",54.028715,38.314342,-0.06088361292
5712,5990,5478,"D. 11, UL. STANISLAVSKOGO NOVOSIBIRSK ","улица Станиславского, 11, Новосибирск, Россия, 630054",54.984775,82.871885,-0.02677674201
5713,5992,5478,"D. 5, UL. UBILEINAYA      BELOVO G    ","Юбилейная улица, 5, Белово, Кемеровская область, Россия, 652612",54.411149,86.310914,-0.02502423686
5714,6014,5478,"D. 68/70, STR. 1, UL. BUT MOSKVA G    ","улица 800-летия Москвы, 1А, Москва, Россия, 127591",55.879995,37.548923,-0.01575657639
5715,6023,5478,"D. 153A, SH. MOZHAISKOE   ODINTSOVO G ","Можайское шоссе, 153А, Одинцово, Московская область, Россия, 143005",55.686107,37.303099,-0.01713311537
5716,6024,5478,"D. 153A, SH. MOZHAISKOE   ODINTSOVO G ","Можайское шоссе, 153А, Одинцово, Московская область, Россия, 143005",55.686107,37.303099,-0.006943138733
5717,6025,5478,"D. 153A, SH. MOZHAISKOE   ODINTSOVO G ","Можайское шоссе, 153А, Одинцово, Московская область, Россия, 143005",55.686107,37.303099,0.04290194531
5718,6031,5478,"D. 2, UL. 9 MAYA          TULA G      ","улица 9 Мая, 2, Тула, Россия, 300028",54.165009,37.584622,-0.04668854308
5719,6047,5478,"D. 33, UL. MIRA           KAZAN G     ","улица Мира, 33, посёлок Дербышки, Казань, Республика Татарстан, Россия, 420071",55.863661,49.222503,-0.03829210123
5720,6048,5478,"D. 33, UL. MIRA           KAZAN G     ","улица Мира, 33, посёлок Дербышки, Казань, Республика Татарстан, Россия, 420071",55.863661,49.222503,-0.05169656157
5721,6051,5478,"D. 14, PR-KT LENINA       BEREZOVSKIY ","проспект Ленина, 14, Берёзовский, Кемеровская область, Россия, 652420",55.668782,86.276032,-0.1118076057
5722,6053,5478,"D. 10, UL. GRINA          SLOBODSKOY G","улица Грина, 10, Слободской, Кировская область, Россия, 613150",58.72393,50.1807,0.03852468093
5723,6081,5478,"D. 15, UL. PROLETARSKAYA  KIROV G     ","Пролетарская улица, 15, Первомайский район, Киров, Россия",58.589818,49.679467,0.00399161464
5724,6100,5478,"D. 9, UL. OKTYABR'SKOI RE SMOLENSK G  ",,,,-0.0514526351
5725,6110,5478,UL. LENINA                SVETLOGORSK,"улица Ленина, Светлогорск, Калининградская область, Россия",54.944119,20.15188,0.02294530521
5726,6114,5478,"D. 23, UL. KLUBNAYA       FOKINO G    ","Клубная улица, 23, Фокино, Приморский край, Россия, 692880",42.97496,132.408924,-0.01778324706
5727,6125,5478,"D. 68/70, STR. 1, UL. BUT MOSKVA G    ","улица 800-летия Москвы, 1А, Москва, Россия, 127591",55.879995,37.548923,-0.06721748819
5728,6131.5,5478,"5, SH. LENINGRADSKOE      KHIMKI G    ","Ленинградское шоссе, вл5, Химки, Московская область, Россия",55.88876,37.433526,-0.02319833923
5729,6139,5478,"D. 11, UL. STANISLAVSKOGO NOVOSIBIRSK ","улица Станиславского, 11, Новосибирск, Россия, 630054",54.984775,82.871885,0.006285741964
5730,6145,5478,"D. 27, UL. MIRA           TSENTRALNYY ","улица Мира, 27, Мытищи, Московская область, Россия, 141008",55.91523,37.726843,0.05446277524
5731,6146,5478,"D. 27, UL. MIRA           TSENTRALNYY ","улица Мира, 27, Мытищи, Московская область, Россия, 141008",55.91523,37.726843,0.03827945091
5732,6147,5478,"D. 27, UL. MIRA           TSENTRALNYY ","улица Мира, 27, Мытищи, Московская область, Россия, 141008",55.91523,37.726843,0.008251581883
5733,6151,5478,"D. 11B, UL. BRUSNEVA      STAVROPOL G ","улица Бруснева, 11, микрорайон №17, Ставрополь, Россия",45.064699,41.931462,0.06587681798
5734,6154,5478,"D. 25, MKR. CENTRAL'NYI   VILYUCHINSK ","микрорайон Центральный, 25, Вилючинск, Камчатский край, Россия",52.933228,158.400006,-0.04811640655
5735,6170,5478,"17 V, UL. RUDNICHNAYA     NOVOMOSKOVSK","Рудничная улица, 17, Новомосковск, Тульская область, Россия, 301661",54.042944,38.249681,-0.1313952278
5736,6185,5478,"D. 1, PL. LENINA          NOVODVINSK G","площадь Ленина, 1, Новодвинск, Архангельская область, Россия, 164901",64.41378,40.819797,-0.05399193831
5737,6194,5478,"D. 48, PR-KT LENINSKII    NORILSK G   ","Ленинский проспект, 48, Норильск, Красноярский край, Россия, 663319",69.357627,88.186246,0.04760819719
5738,6195,5478,"D. 48, PR-KT LENINSKII    NORILSK G   ","Ленинский проспект, 48, Норильск, Красноярский край, Россия, 663319",69.357627,88.186246,0.02764830902
5739,6196,5478,"D. 48, PR-KT LENINSKII    NORILSK G   ","Ленинский проспект, 48, Норильск, Красноярский край, Россия, 663319",69.357627,88.186246,0.04114431326
5740,6197,5478,"D. 48, PR-KT LENINSKII    NORILSK G   ","Ленинский проспект, 48, Норильск, Красноярский край, Россия, 663319",69.357627,88.186246,0.06655813043
5741,6227,5478,"D. 1, UL. KIROVA          CHELYABINSK ","улица Кирова, 1, Челябинск, Россия, 454084",55.182937,61.399706,-0.04984466883
5742,6228,5478,"D. 1, UL. KIROVA          CHELYABINSK ","улица Кирова, 1, Челябинск, Россия, 454084",55.182937,61.399706,-0.0186185724
5743,6229,5478,"D. 1, UL. KIROVA          CHELYABINSK ","улица Кирова, 1, Челябинск, Россия, 454084",55.182937,61.399706,0.01270932632
5744,6280,5478,"D. 12, PR-KT KOMSOMOL'SKI KRASNOKAMSK ","Комсомольский проспект, 12, Краснокамск, Пермский край, Россия, 617060",58.081945,55.752204,0.01652107882
5745,6281,5478,"D. 12, PR-KT KOMSOMOL'SKI KRASNOKAMSK ","Комсомольский проспект, 12, Краснокамск, Пермский край, Россия, 617060",58.081945,55.752204,0.0001116444903
5746,6282,5478,"D. 12, PR-KT KOMSOMOL'SKI KRASNOKAMSK ","Комсомольский проспект, 12, Краснокамск, Пермский край, Россия, 617060",58.081945,55.752204,-0.0009969303412
5747,6283,5478,"D. 20, KORP. 1, PR-KT MIR OMSK G      ","проспект Мира, 20к1, Омск, Россия, 644050",55.025049,73.297218,0.01963140104
5748,6284,5478,"D. 20, KORP. 1, PR-KT MIR OMSK G      ","проспект Мира, 20к1, Омск, Россия, 644050",55.025049,73.297218,-0.01086902647
5749,6285,5478,"D. 20, KORP. 1, PR-KT MIR OMSK G      ","проспект Мира, 20к1, Омск, Россия, 644050",55.025049,73.297218,0.07207426965
5750,6288,5478,"D. 20, KORP. 1, PR-KT MIR OMSK G      ","проспект Мира, 20к1, Омск, Россия, 644050",55.025049,73.297218,0.003116367505
5751,6296,5478,"D. 71, UL. KIROVA         PENZA G     ","улица Кирова, 71, Пенза, Россия, 440000",53.197459,45.020795,-0.09104663526
5752,6297,5478,"D. 71, UL. KIROVA         PENZA G     ","улица Кирова, 71, Пенза, Россия, 440000",53.197459,45.020795,-0.07134697675
5753,6300,5478,"D. 4, UL. KIROVA          PAVLOVSKIY P","улица Кирова, 4, станица Павловская, Павловский район, Краснодарский край, Россия",46.132453,39.787372,-0.006703935738
5754,6301,5478,"D. 4, UL. KIROVA          PAVLOVSKIY P","улица Кирова, 4, станица Павловская, Павловский район, Краснодарский край, Россия",46.132453,39.787372,-0.0108367208
5755,6307,5478,"D. 14, UL. DOLGOOZERNAYA  SANKT-PETERB","Долгоозёрная улица, 14, Санкт-Петербург, Россия, 197373",60.017423,30.246374,-0.03989836467
5756,6308,5478,"D. 14, UL. DOLGOOZERNAYA  SANKT-PETERB","Долгоозёрная улица, 14, Санкт-Петербург, Россия, 197373",60.017423,30.246374,-0.05301935721
5757,6309,5478,"D. 14, UL. DOLGOOZERNAYA  SANKT-PETERB","Долгоозёрная улица, 14, Санкт-Петербург, Россия, 197373",60.017423,30.246374,-0.02494718668
5758,6316,5478,"D. 1A, UL. ZAVODSKAYA     ISKITIM G   ","Заводская улица, 1А, Искитим, Новосибирская область, Россия, 633209",54.651349,83.307693,-0.01800177379
5759,6326,5478,"D. 7, UL. UL'YANOVSKAYA   VLADIVOSTOK ","Ульяновская улица, 7, Владивосток, Приморский край, Россия, 690089",43.157581,131.925918,0.02416184335
5760,6367,5478,"D. 68/70, STR. 1, UL. BUT MOSKVA G    ","улица 800-летия Москвы, 1А, Москва, Россия, 127591",55.879995,37.548923,-0.03499637608
5761,6369,5478,"D. 7, PL. KARLA MARKSA    NOVOSIBIRSK ","площадь Карла Маркса, 7, Новосибирск, Россия",54.980394,82.897882,0.02534914535
5762,6371,5478,"D. 2A, UL. KIEVSKAYA      NOVYY URGAL ","Киевская улица, 2А, посёлок городского типа Новый Ургал, Верхнебуреинский район, Хабаровский край, Россия, 682071",51.073802,132.605305,-0.03726276657
5763,6372,5478,"D. 41, UL. STARA ZAGORA   SAMARA G    ","улица Стара Загора, 41, Самара, Россия, 443081",53.227781,50.205646,-0.1021157329
5764,6377,5478,"D. 23, UL. DZERZHINSKOGO  YAKUTSK G   ","улица Дзержинского, 23, Якутск, Республика Саха (Якутия), Россия, 677000",62.045158,129.739832,0.05993409046
5765,6378,5478,"D. 23, UL. DZERZHINSKOGO  YAKUTSK G   ","улица Дзержинского, 23, Якутск, Республика Саха (Якутия), Россия, 677000",62.045158,129.739832,0.02972778322
5766,6379,5478,"D. 23, UL. DZERZHINSKOGO  YAKUTSK G   ","улица Дзержинского, 23, Якутск, Республика Саха (Якутия), Россия, 677000",62.045158,129.739832,0.06909204368
5767,6380,5478,"D. 23, UL. DZERZHINSKOGO  YAKUTSK G   ","улица Дзержинского, 23, Якутск, Республика Саха (Якутия), Россия, 677000",62.045158,129.739832,0.0744801074
5768,6393,5478,"D. 5, UL. MIRA            VOTKINSK G  ","улица Мира, 5, Воткинск, Удмуртская Республика, Россия, 427433",57.054817,53.987626,-0.03622947326
5769,6394,5478,"D. 5, UL. MIRA            VOTKINSK G  ","улица Мира, 5, Воткинск, Удмуртская Республика, Россия, 427433",57.054817,53.987626,-0.0433936479
5770,6403,5478,"D. 67 ZH, UL. KULIKOVA    ASTRAKHAN G ","улица Куликова, 67Ж, Астрахань, Россия, 414041",46.356447,48.078912,-0.04397288289
5771,6412,5478,"D. 5, UL. OKRUZHNAYA      ZELENOGRADSK","Окружная улица, 5, Зеленоградск, Калининградская область, Россия, 238530",54.956048,20.487562,-0.01762580471
5772,6436,5478,"D. 3, PR-KT POBEDY        XTOVO G     ","проспект Победы, 3, Кстово, Нижегородская область, Россия, 607657",56.153864,44.209581,-0.01796809455
5773,6437,5478,"D. 3, PR-KT POBEDY        XTOVO G     ","проспект Победы, 3, Кстово, Нижегородская область, Россия, 607657",56.153864,44.209581,0.01402451639
5774,6438,5478,"D. 3, PR-KT POBEDY        XTOVO G     ","проспект Победы, 3, Кстово, Нижегородская область, Россия, 607657",56.153864,44.209581,-0.03513195388
5775,6446,5478,"D. 8, PR-KT VATUTINA      BELGOROD G  ","проспект Ватутина, 8, Белгород, Россия, 308033",50.574448,36.582003,-0.006438837297
5776,6447,5478,"D. 8, PR-KT VATUTINA      BELGOROD G  ","проспект Ватутина, 8, Белгород, Россия, 308033",50.574448,36.582003,-0.03277527892
5777,6448,5478,"D. 8, PR-KT VATUTINA      BELGOROD G  ","проспект Ватутина, 8, Белгород, Россия, 308033",50.574448,36.582003,-0.03913451692
5778,6452,5478,"D. 5, UL. ZAVODSKAYA      ZELENOGORSK ","Заводская улица, 5, Зеленогорск, Красноярский край, Россия, 663690",56.107021,94.577041,-0.08165906411
5779,6458,5478,"D. 22, UL. B.HMEL'NICKOGO ASTRAKHAN G ","улица Богдана Хмельницкого, 22/20А, Астрахань, Россия, 414024",46.335159,48.017548,-0.03271267954
5780,6459,5478,"D. 22, UL. B.HMEL'NICKOGO ASTRAKHAN G ","улица Богдана Хмельницкого, 22/20А, Астрахань, Россия, 414024",46.335159,48.017548,-0.02133004277
5781,6460,5478,"D. 22, UL. B.HMEL'NICKOGO ASTRAKHAN G ","улица Богдана Хмельницкого, 22/20А, Астрахань, Россия, 414024",46.335159,48.017548,-0.02320578482
5782,6461,5478,"D. 22, UL. B.HMEL'NICKOGO ASTRAKHAN G ","улица Богдана Хмельницкого, 22/20А, Астрахань, Россия, 414024",46.335159,48.017548,-0.003368825149
5783,6465,5478,"D. 68, PR-KT PROSVESHENIY SANKT-PETERB","проспект Просвещения, 68Б, Санкт-Петербург, Россия, 195276",60.044599,30.380448,-0.08458802227
5784,6475,5478,"D. 31 A, UL. ESSENTUKSKAY PYATIGORSK G","Ессентукская улица, 31А, Пятигорск, Ставропольский край, Россия, 357538",44.051212,43.034198,-0.0348797813
5785,6490,5478,"D. 35, UL. 40 LET OKTYABR ULYANOVSK G ","улица 40-летия Октября, 35, Ульяновск, Россия, 432010",54.352694,48.542892,-0.05174162028
5786,6521,5478,"D. 2, PROEZD KUIBYSHEVSKI RASSKAZOVO G","Куйбышевский проезд, 2, Рассказово, Тамбовская область, Россия",52.654487,41.876162,-0.02347828009
5787,6546,5478,"D. 3A, PR-KT PATRIOTOV    VORONEZH G  ","проспект Патриотов, 3А, Воронеж, Россия, 394065",51.644056,39.142966,0.01429521358
5788,6555,5478,"D. 97, PR-KT MIRA         MOSKVA G    ","проспект Мира, 97, Москва, Россия, 129085",55.809105,37.636338,0.01467435976
5789,6556,5478,"D. 97, PR-KT MIRA         MOSKVA G    ","проспект Мира, 97, Москва, Россия, 129085",55.809105,37.636338,0.03716898948
5790,6557,5478,"D. 97, PR-KT MIRA         MOSKVA G    ","проспект Мира, 97, Москва, Россия, 129085",55.809105,37.636338,0.0139078104
5791,6558,5478,"D. 97, PR-KT MIRA         MOSKVA G    ","проспект Мира, 97, Москва, Россия, 129085",55.809105,37.636338,0.03402038075
5792,6559,5478,"D. 97, PR-KT MIRA         MOSKVA G    ","проспект Мира, 97, Москва, Россия, 129085",55.809105,37.636338,0.01761547696
5793,6560,5478,"D. 97, PR-KT MIRA         MOSKVA G    ","проспект Мира, 97, Москва, Россия, 129085",55.809105,37.636338,0.01302036422
5794,6592,5478,"D. 25, UL. GAGARINA       IZHEVSK G   ","улица Гагарина, 25, Ижевск, Удмуртская Республика, Россия, 426028",56.803564,53.186957,-0.07842183654
5795,6593,5478,"D. 25, UL. GAGARINA       IZHEVSK G   ","улица Гагарина, 25, Ижевск, Удмуртская Республика, Россия, 426028",56.803564,53.186957,0.03426670165
5796,6594,5478,"D. 51, UL. SOVETSKAYA     SARATOV G   ","Советская улица, 51, Саратов, Россия, 410056",51.529623,46.018276,0.007061853321
5797,6595,5478,"D. 51, UL. SOVETSKAYA     SARATOV G   ","Советская улица, 51, Саратов, Россия, 410056",51.529623,46.018276,-0.002246493358
5798,6596,5478,"D. 51, UL. SOVETSKAYA     SARATOV G   ","Советская улица, 51, Саратов, Россия, 410056",51.529623,46.018276,0.001757995697
5799,6597,5478,"D. 51, UL. SOVETSKAYA     SARATOV G   ","Советская улица, 51, Саратов, Россия, 410056",51.529623,46.018276,-0.05561738011
5800,6605,5478,"D. 19/6, UL. MININA       NIZHNIY NOVG","улица Минина, 19/6, Нижний Новгород, Россия, 603000",56.326393,44.022471,-0.06953954883
5801,6606,5478,"D. 19/6, UL. MININA       NIZHNIY NOVG","улица Минина, 19/6, Нижний Новгород, Россия, 603000",56.326393,44.022471,-0.02991153977
5802,6607,5478,"D. 19/6, UL. MININA       NIZHNIY NOVG","улица Минина, 19/6, Нижний Новгород, Россия, 603000",56.326393,44.022471,-0.04614784349
5803,6616,5478,"D. 110, UL. CHAPAEVA      ATKARSK G   ","улица Чапаева, 110, Аткарск, Саратовская область, Россия",51.87753,45.010527,0.01420816265
5804,6638,5478,"D. 23, UL. KARLA MARKSA   SOCHI G     ","улица Карла Маркса, 23, посёлок городского типа Ильинский, Раменский район, Московская область, Россия, 140120",55.622446,38.098629,-0.06704441324
5805,6656,5478,"D. 26A, UL. STUDENCHESKAY VORONEZH G  ","Студенческая улица, 26А, Воронеж, Россия, 394036",51.672176,39.201653,-0.07101026304
5806,6663,5478,"D. 2, UL. KRASNAYA        GURYEVSK G  ",,,,-0.05451907752
5807,6665,5478,"D. 16, UL. ARHANGEL'SKAYA NIZHNIY NOVG","Горная улица, 16, Нижний Новгород, Россия, 603009",56.255407,43.976513,-0.001524581201
5808,6670,5478,"D. 40 A, UL. UBILEINAYA   PSKOV G     ","Юбилейная улица, 40А, Псков, Россия, 180016",57.812371,28.293473,-0.03493571422
5809,6673,5478,"D. 7A, PR-KT LENINA       NOVOROSSIYSK","проспект Ленина, 7А, Новороссийск, Краснодарский край, Россия, 353913",44.702517,37.783347,-0.03955579411
5810,6679,5478,"D. 72, UL. KIROVA         ARTEM G     ","улица Кирова, 72, Артём, Приморский край, Россия, 692751",43.361522,132.210307,0.0657346207
5811,6695,5478,"D. 1A, UL. PROFESSIONAL'N DMITROV G   ","1-й Речной переулок, Дмитров, Дмитровский городской округ, Московская область, Россия",56.327915,37.510134,0.02644401201
5812,6696,5478,"D. 1A, UL. PROFESSIONAL'N DMITROV G   ","1-й Речной переулок, Дмитров, Дмитровский городской округ, Московская область, Россия",56.327915,37.510134,0.03153645669
5813,6699,5478,"D. 47/102, UL. KOMINTERNA TVER G      ","улица Коминтерна, 47/102, Тверь, Россия, 170002",56.836761,35.895349,-0.1002847349
5814,6710,5478,"D. 74A, UL. MIRA          VOLZHSKIY G ","улица Мира, 74, Волжский, Волгоградская область, Россия, 404105",48.767941,44.807032,-0.02391801496
5815,6718,5478,"D. 104, UL. SOVETSKAYA    TAMBOV G    ","Советская улица, 104, Тамбов, Россия, 392000",52.719152,41.457331,-0.03631560041
5816,6736,5478,"D. 1A, UL. PROFESSIONAL'N DMITROV G   ","1-й Речной переулок, Дмитров, Дмитровский городской округ, Московская область, Россия",56.327915,37.510134,-0.01165938358
5817,6740,5478,"D. 10, UL. MASHINOSTROITE EKATERINBURG","улица Машиностроителей, 10, Орджоникидзевский район, Екатеринбург, Свердловская область, Россия, 620039",56.885151,60.579257,-0.06155569877
5818,6741,5478,"D. 10, UL. MASHINOSTROITE EKATERINBURG","улица Машиностроителей, 10, Орджоникидзевский район, Екатеринбург, Свердловская область, Россия, 620039",56.885151,60.579257,-0.04190111663
5819,6754,5478,"D. 1, UL. VOLOHA          ENGELS G    ","улица Волоха, 1, Энгельс, Саратовская область, Россия, 413100",51.494159,46.122732,-0.01438719161
5820,6755,5478,"D. 2, UL. RECHNAYA        BRYANSK G   ","Речная улица, 2, Брянск, Россия, 241022",53.263247,34.403023,-0.0724278303
5821,6763,5478,"D. 251D, TRAKT PAVLOVSKII BARNAUL G   ","Павловский тракт, 251Д, Барнаул, Алтайский край, Россия, 656058",53.342506,83.684905,-0.02632020872
5822,6764,5478,"D. 251D, TRAKT PAVLOVSKII BARNAUL G   ","Павловский тракт, 251Д, Барнаул, Алтайский край, Россия, 656058",53.342506,83.684905,0.006702504545
5823,6774,5478,"D. 8, UL. OKTYABR'SKAYA   UZLOVAYA G  ","Октябрьская улица, 8, Узловая, Тульская область, Россия, 301600",53.975374,38.157666,-0.00373641952
5824,6778,5478,"D. 166, UL. BRATSKAYA     TIMASHEVSK G","Братская улица, 170, Тимашевск, Краснодарский край, Россия",45.612624,38.931242,0.008505340185
5825,6790,5478,"D. 58, UL. KIROVA         SOCHI G     ","Ровная улица, аул Тхагапш, городской округ Сочи, Краснодарский край, Россия",43.969412,39.446174,-0.02241508244
5826,6792,5478,"D. 58, UL. KIROVA         SOCHI G     ","Ровная улица, аул Тхагапш, городской округ Сочи, Краснодарский край, Россия",43.969412,39.446174,0.0194790704
5827,6793,5478,"D. 10, UL. ROSSIISKAYA    IRKUTSK G   ","Российская улица, 10, Иркутск, Россия, 664025",52.284955,104.275513,-0.05625253061
5828,6794,5478,"D. 10, UL. ROSSIISKAYA    IRKUTSK G   ","Российская улица, 10, Иркутск, Россия, 664025",52.284955,104.275513,-0.05797304176
5829,6795,5478,"D. 10, UL. ROSSIISKAYA    IRKUTSK G   ","Российская улица, 10, Иркутск, Россия, 664025",52.284955,104.275513,-0.05041908958
5830,6796,5478,"D. 10, UL. ROSSIISKAYA    IRKUTSK G   ","Российская улица, 10, Иркутск, Россия, 664025",52.284955,104.275513,-0.05418055445
5831,6800,5478,"D. 8, PR-KT VATUTINA      BELGOROD G  ","проспект Ватутина, 8, Белгород, Россия, 308033",50.574448,36.582003,-0.06216572228
5832,6801,5478,"D. 96, PR-KT STROITELEI   PENZA G     ","проспект Строителей, 96, Пенза, Россия, 440066",53.221414,44.90352,-0.1127756682
5833,6803,5478,"D. 43, UL. KRASIL'NIKOVA  SYZRAN G    ","улица Красильникова, 43, Сызрань, Самарская область, Россия, 446010",53.176151,48.484852,-0.04616519807
5834,6805,5478,"D. 23, UL. KLUBNAYA       KHABAROVSK G","Клубная улица, 23, Хабаровск, Россия, 680032",48.435751,135.130226,-0.03808360942
5835,6831,5478,"D. 60A, UL. RYABIKOVA     ULYANOVSK G ","улица Рябикова, 60А, Ульяновск, Россия, 432045",54.27752,48.291705,-0.05712353049
5836,6838,5478,"D. 10, STR. 1, PR-KT MAKS CHEBOXARY G ","1-я Южная улица, 8, Чебоксары, Чувашская Республика, Россия, 428012",56.071137,47.285682,-0.03728715575
5837,6842,5478,"D. 16, UL. MARSHALA ZHUKO NARO-FOMINSK","улица Маршала Жукова, 16, Наро-Фоминск, Московская область, Россия",55.381961,36.718143,0.009915807051
5838,6843,5478,"D. 16, UL. MARSHALA ZHUKO NARO-FOMINSK","улица Маршала Жукова, 16, Наро-Фоминск, Московская область, Россия",55.381961,36.718143,-0.00395977171
5839,6851,5478,"D. 2, UL. KOROLEVA        GUBKIN G    ","улица Королёва, 2, Губкин, Белгородская область, Россия, 309183",51.278061,37.509801,8.07E-05
5840,6852,5478,"D. 2, UL. KOROLEVA        GUBKIN G    ","улица Королёва, 2, Губкин, Белгородская область, Россия, 309183",51.278061,37.509801,-0.003565063206
5841,6856,5478,"D. 4, UL. KIROVA          PAVLOVSKIY P","улица Кирова, 4, станица Павловская, Павловский район, Краснодарский край, Россия",46.132453,39.787372,0.01459514787
5842,6857,5478,"D. 4, UL. KIROVA          PAVLOVSKIY P","улица Кирова, 4, станица Павловская, Павловский район, Краснодарский край, Россия",46.132453,39.787372,0.01888848478
5843,6860,5478,"D. 2, PR-KT AVTOZAVODSKII NABEREZHNYE ","Автозаводский проспект, 2, Набережные Челны, Республика Татарстан, Россия, 423815",55.747307,52.446566,-0.08325015992
5844,6880,5478,"D. 15, UL. LOMONOSOVA     VELIKIY NOVG","улица Ломоносова, 15, Великий Новгород, Новгородская область, Россия, 173016",58.538633,31.244951,-0.03044358443
5845,6885,5478,"D. 15, UL. LOMONOSOVA     VELIKIY NOVG","улица Ломоносова, 15, Великий Новгород, Новгородская область, Россия, 173016",58.538633,31.244951,-0.04901918672
5846,6888,5478,"D. 5, STR. A, UL. VOLODAR SESTRORETSK ","улица Всеволода Боброва, 5, Сестрорецк, Санкт-Петербург, Россия, 197701",60.057464,29.999086,0.01314833651
5847,6889,5478,"D. 5, STR. A, UL. VOLODAR SESTRORETSK ","улица Всеволода Боброва, 5, Сестрорецк, Санкт-Петербург, Россия, 197701",60.057464,29.999086,0.02341891338
5848,6890,5478,"D. 19, STR. 1, UL. SADOVA MOSKVA G    ","улица Седова, 3, Москва, Россия, 129323",55.851136,37.643138,-0.01575334964
5849,6897,5478,"D. 62, UL. AMUNDSENA      EKATERINBURG","улица Амундсена, 62, Екатеринбург, Свердловская область, Россия, 620146",56.796974,60.578924,-0.05727370462
5850,6900,5478,"D. 23, UL. SULIMOVA       EKATERINBURG","улица Сулимова, 23, микрорайон Пионерский, Кировский район, Екатеринбург, Свердловская область, Россия, 620137",56.860959,60.646181,-0.06302234321
5851,6901,5478,"D. 21, UL. NASEDKINA      CHEREPOVETS ","улица Наседкина, 21, Череповец, Вологодская область, Россия, 162609",59.092104,37.904045,-0.0784540931
5852,6905,5478,"VLAD. 23, SH. KROMSKOE    ORYEL G     ","Кромское шоссе, 23, Орёл, Россия, 302042",52.918098,36.010289,0.03750775425
5853,6915,5478,"D. 62, UL. AMUNDSENA      EKATERINBURG","улица Амундсена, 62, Екатеринбург, Свердловская область, Россия, 620146",56.796974,60.578924,-0.08636023052
5854,6916,5478,"D. 62, UL. AMUNDSENA      EKATERINBURG","улица Амундсена, 62, Екатеринбург, Свердловская область, Россия, 620146",56.796974,60.578924,-0.06881054105
5855,6917,5478,"D. 23, UL. SULIMOVA       EKATERINBURG","улица Сулимова, 23, микрорайон Пионерский, Кировский район, Екатеринбург, Свердловская область, Россия, 620137",56.860959,60.646181,-0.07006789619
5856,6933,5478,"D. 283, PR-KT KIROVA      SAMARA G    ","проспект Кирова, 283, Самара, Россия, 443091",53.243093,50.233952,0.0462045071
5857,6934,5478,"D. 283, PR-KT KIROVA      SAMARA G    ","проспект Кирова, 283, Самара, Россия, 443091",53.243093,50.233952,0.06484367516
5858,6935,5478,"D. 283, PR-KT KIROVA      SAMARA G    ","проспект Кирова, 283, Самара, Россия, 443091",53.243093,50.233952,0.02057149564
5859,6962,5478,"D. 1A, UL. PROFESSIONAL'N DMITROV G   ","1-й Речной переулок, Дмитров, Дмитровский городской округ, Московская область, Россия",56.327915,37.510134,-0.02034462022
5860,6963,5478,"D. 1A, UL. PROFESSIONAL'N DMITROV G   ","1-й Речной переулок, Дмитров, Дмитровский городской округ, Московская область, Россия",56.327915,37.510134,-0.03136290203
5861,6964,5478,"D. 59A, UL. OKTYABR'SKAYA DONSKOY G   ","Октябрьская улица, 59А, Донской, Тульская область, Россия",53.967377,38.3201,-0.04088749969
5862,6965,5478,"D. 54, UL. TRUDA          PSKOV G     ","улица Труда, 54, Псков, Россия",57.840493,28.350812,-0.008979471686
5863,6966,5478,"D. 10, UL. KARLA LIBKNEHT SOCHI G     ","улица Карла Либкнехта, 10, микрорайон Центральный, Сочи, Краснодарский край, Россия",43.590605,39.724427,-0.07821800769
5864,6967,5478,"D. 10, UL. KARLA LIBKNEHT SOCHI G     ","улица Карла Либкнехта, 10, микрорайон Центральный, Сочи, Краснодарский край, Россия",43.590605,39.724427,-0.05553419914
5865,6969,5478,"D. 3, UL. SADOVAYA        PIONERSKIY G","Садовая улица, 3, СНТ 40 лет Октября, Одинцовский район, Московская область, Россия",55.666558,37.192328,0.002710526113
5866,6972,5478,"D. 99A, UL. SOVETSKAYA    TAMBOV G    ","Советская улица, 99А, Тамбов, Россия, 392000",52.724159,41.457071,-0.03605288018
5867,6983,5478,"D. 50, UL. 9 GVARDEISKOI  ISTRA G     ","улица 9 Гвардейской Дивизии, 50, Истра, Московская область, Россия, 143500",55.911209,36.86977,0.0008182410827
5868,6984,5478,"D. 3A, UL. GOR'KOGO       KOROLEV G   ","улица Горького, 3А, Королёв, Московская область, Россия, 141080",55.913787,37.859641,-0.07530319873
5869,6985,5478,"D. 10, UL. GRABINA        KOROLEV G   ","улица Грабина, 10, Королёв, Московская область, Россия, 141071",55.926186,37.815992,-0.009263555992
5870,7005,5478,"D. 5, UL. PUTEISKAYA      TULA G      ","Путейская улица, 5, Тула, Россия, 300041",54.1982,37.581622,-0.0718656413
5871,7013,5478,"D. 7, SH. SIMFEROPOL'SKOE SHCHERBINKA ","Симферопольское шоссе, 7, Щербинка, Москва, Россия, 108851",55.503155,37.572513,-0.0006481099463
5872,7016,5478,"D. 41, UL. FOKINA         BRYANSK G   ","улица Фокина, 41, Брянск, Россия, 241050",53.241697,34.361763,0.002374448621
5873,7017,5478,"D. 4A, UL. MAYAKOVSKOGO   LYUDINOVO G ","улица Маяковского, 4, Людиново, Калужская область, Россия, 249406",53.860619,34.442872,-0.003703127164
5874,7022,5478,"D. 259, PR-KT LOMONOSOVA  ARKHANGELSK ","проспект Ломоносова, 259, Архангельск, Россия, 163001",64.555234,40.527728,-0.03448067707
5875,7030,5478,"D. 23, UL. KARLA MARKSA   SOCHI G     ","улица Карла Маркса, 23, посёлок городского типа Ильинский, Раменский район, Московская область, Россия, 140120",55.622446,38.098629,0.01173446368
5876,7040,5478,"D. 36, UL. ATAMANSKAYA    NOVOCHERKASS","Атаманская улица, 36, Новочеркасск, Ростовская область, Россия",47.410345,40.105753,-0.07792972165
5877,7042,5478,"D. 5V, UL. TORGOVAYA      ABAKAN G    ","Торговая улица, 5, Абакан, Республика Хакасия, Россия, 655010",53.742783,91.435138,-0.1194897309
5878,7047,5478,"D. 47/102, UL. KOMINTERNA TVER G      ","улица Коминтерна, 47/102, Тверь, Россия, 170002",56.836761,35.895349,-0.07200799639
5879,7051,5478,"D. 28, PER. POSLEDNII     MOSKVA G    ","Последний переулок, 28, Москва, Россия, 107045",55.769697,37.630652,-0.07574036339
5880,7059,5478,"D. 55, UL. USSURIISKAYA   DALNERECHENS","Уссурийская улица, 55, Дальнереченск, Приморский край, Россия",45.935124,133.7243,-0.06910631342
5881,7067,5478,"D. 33, PR-KT KUZNECKII    KEMEROVO G  ","Кузнецкий проспект, 33, Кемерово, Россия, 650000",55.355787,86.064497,-0.07796167474
5882,7073,5478,"D. 127, UL. KALININA      BLAGOVESHCHE","улица Калинина, 127, Благовещенск, Амурская область, Россия",50.277805,127.524667,0.02021205071
5883,7080,5478,"D. 10A, UL. PIONERSKAYA   KHABAROVSK G","Пионерская улица, 10А, Хабаровск, Россия",48.458826,135.089668,0.04543891371
5884,7089,5478,"D. 20, UL. LENINA         KIROV G     ","улица Ленина, 20, Киров, Россия",58.61111,49.680716,0.02586391627
5885,7109,5478,"D. 94, UL. KARLA LIBKNEHT IRKUTSK G   ","улица Карла Либкнехта, 94, Иркутск, Россия, 664007",52.280476,104.308014,-0.04599767888
5886,7110,5478,"D. 13, UL. PUZAKOVA       TULA G      ","улица Пузакова, 13, Тула, Россия, 300057",54.219837,37.615093,-0.05098087435
5887,7112,5478,"D. 20, UL. KIROVA         TULA G      ","улица Кирова, 20, Тула, Россия, 300001",54.199485,37.649427,-0.1048458783
5888,7115,5478,"D. 91, UL. OKTYABR'SKAYA  TULA G      ","Октябрьская улица, 91, Тула, Россия, 300062",54.21692,37.625361,-0.05863777016
5889,7117,5478,"D. 120, UL. GAIDARA       KALININGRAD ","улица Гайдара, 120, Калининград, Россия, 236029",54.743261,20.505259,-0.004936234213
5890,7123,5478,"D. 27, UL. KOSMONAVTOV    VORONEZH G  ","улица Космонавтов, 27, Воронеж, Россия, 394038",51.655981,39.159549,-0.03245413789
5891,7124,5478,"D. 1, UL. ZAGORODNAYA     GURYEVSK G  ","Загородная улица, 1, Гурьевск, Калининградская область, Россия, 238300",54.776436,20.593725,-0.08279224918
5892,7125,5478,"D. 34, UL. BEKLEMISHEVA   UZLOVAYA G  ","улица Беклемищева, 34, Узловая, Тульская область, Россия, 301600",53.982242,38.157172,-0.01508649327
5893,7132,5478,"D. 28, LIT. A, PR-KT MOSK SANKT-PETERB","М-10 Россия, 40-й километр, Зеленоград, Москва, Россия",56.013694,37.208884,-0.04495847835
5894,7133,5478,"D. 2, LIT. A, PL. STACHEK SANKT-PETERB","площадь Стачек, 2, Санкт-Петербург, Россия, 190020",59.90117,30.274932,-0.06512762393
5895,7134,5478,"D. 4, UL. STROITELEI      VYAZMA G    ","улица Строителей, 4, Вязьма, Смоленская область, Россия, 215119",55.217475,34.312913,-0.1450012315
5896,7135,5478,"D. 10, PL. TRUDA          VOLZHSKIY G ","площадь Труда, 10, Волжский, Волгоградская область, Россия",48.783461,44.780478,-0.06698397264
5897,7136,5478,"D. 60, PR-KT NAHODKINSKII NAKHODKA G  ",,,,-0.06373090116
5898,7137,5478,"D. 2, UL. MOSKOVSKAYA     KAZAN G     ","Московская улица, 2, Казань, Республика Татарстан, Россия, 420111",55.792473,49.101473,-0.07216980398
5899,7142,5478,"D. 119B, UL. KIEVSKAYA    KALININGRAD ","Киевская улица, 119, Калининград, Россия, 236005",54.681113,20.470036,-0.01114000694
5900,7152,5478,"D. 5, LIT. A, UL. BOTKINS SANKT-PETERB","5-я улица, СНТ Круиз, деревня Дудкино, поселение Мосрентген, Москва, Россия",55.629125,37.463071,-0.04664180997
5901,7154,5478,"D. 198, KORP. 4, UL. LENI KIROV G     ","улица Ленина, 198к4, Киров, Россия",58.56336,49.686618,-0.07775963551
5902,7161,5478,"D. 129, UL. 50 LET KOMSOM BELOGORSK G ","улица 50 лет Комсомола, 129, Белогорск, Амурская область, Россия, 676854",50.890649,128.515994,-0.1127133364
5903,7173,5478,"D. 5A, UL. SOLDATOVA      MIRNYY G    ","улица Солдатова, 3, Мирный, Республика Саха (Якутия), Россия, 678174",62.547059,113.984936,-0.07345336777
5904,7181,5478,"D. 83B, UL. POBEDY        BELGOROD G  ","улица Победы, 83, Белгород, Россия, 308009",50.593722,36.581653,-0.08192280985
5905,7186,5478,"D. 187, UL. 1 MAYA        KRASNODAR G ","улица 1 Мая, 187, Прикубанский округ, Краснодар, Россия",45.063979,39.021657,-0.03087748248
5906,7199,5478,"D. 102A, PR-KT KOSMONAVTO EKATERINBURG","проспект Космонавтов, 102А, Екатеринбург, Свердловская область, Россия, 620058",56.913185,60.614578,-0.07920156224
5907,7201,5478,"D. 63, UL. RECHNAYA       MAGADAN G   ","Речная улица, 63, Магадан, Россия, 685000",59.593223,150.786649,-0.06230751751
5908,7205,5478,"D. 33, UL. KIROVA         EKATERINBURG","улица Кирова, 33, Екатеринбург, Свердловская область, Россия, 620028",56.839036,60.560365,-0.1081058579
5909,7212,5478,"D. 22A, PR-KT LENINSKII   YOSHKAR-OLA ","Ленинский проспект, 22А, Йошкар-Ола, Республика Марий Эл, Россия, 424033",56.627574,47.906552,-0.1311283875
5910,7217,5478,"D. 31, UL. MIRA           ZELENOGORSK ","улица Мира, 31, Зеленогорск, Красноярский край, Россия",56.112618,94.597208,-0.1357970763
5911,7219,5478,"D. 46, UL. TURGENEVA      KHABAROVSK G","улица Тургенева, 46, Хабаровск, Россия, 680000",48.468892,135.063239,0.05516935159
5912,7221,5478,"D. 126, UL. MALYSHEVA     EKATERINBURG","улица Малышева, 126, Екатеринбург, Свердловская область, Россия",56.838937,60.643235,-0.1353782577
5913,7222,5478,"D. 33, UL. ANGARSKAYA     LIPETSK G   ","Ангарская улица, вл33, посёлок Сырский, Липецк, Россия, 398902",52.589895,39.45822,-0.1023364395
5914,7229,5478,"D. 8 A, UL. IUN'SKAYA     CHITA G     ","Июньская улица, 8А, Чита, Забайкальский край, Россия, 672038",52.057907,113.490557,0.03263355824
5915,7247,5478,"D. 16, UL. POCHTOVAYA     BELOGORSK G ","Почтовая улица, 16, Белогорск, Амурская область, Россия, 676850",50.923149,128.465032,-0.01009916832
5916,7248,5478,"D. 20, UL. 50 LET OKTYABR BLAGOVESHCHE","улица 50 лет Октября, 20, Благовещенск, Амурская область, Россия",50.262662,127.533812,-0.04966490694
5917,7255,5478,"D. 29, UL. ENTUZIASTOV    CHEBOXARY G ","улица Энтузиастов, 29, Чебоксары, Чувашская Республика, Россия, 428010",56.117853,47.184388,-0.1058553871
5918,7267,5478,"D. 27A, UL. ELEKTROVOZNAY VORONEZH G  ",,,,-0.02728560793
5919,7273,5478,"D. 6, UL. TEATRAL'NAYA    BEREZOVSKIY ","Театральная улица, 6, Берёзовский, Свердловская область, Россия",56.907151,60.810797,0.03313319227
5920,7284,5478,"D. 1A, UL. ZAVODSKAYA     ISKITIM G   ","Заводская улица, 1А, Искитим, Новосибирская область, Россия, 633209",54.651349,83.307693,-0.08147637344
5921,7298,5478,"D. 81, PR KOMSOMOL'SKII   STARYY OSKOL","Комсомольский проспект, 81, Старый Оскол, Белгородская область, Россия, 309504",51.279802,37.813746,-0.1259260792
5922,7304,5478,V/CH. 06987               ENGELS G,,,,-0.01072820312
5923,7306,5478,"D. 49 D, UL. CENTRAL'NAYA CHEGDOMYN RP","Центральная улица, 49 д, посёлок городского типа Чегдомын, Верхнебуреинский район, Хабаровский край, Россия, 682030",51.137154,133.041841,0.08263271115
5924,7307,5478,"D. 39, PR-KT LENINA       KOMSOMOLSK-N","проспект Ленина, 39, Комсомольск-на-Амуре, Хабаровский край, Россия, 681000",50.542362,136.997608,0.06166564037
5925,7328,5478,"D. 8, UL. VASENKO         NOVOROSSIYSK","улица Васенко, 8, Новороссийск, Краснодарский край, Россия, 353906",44.739024,37.772855,-0.09422355078
5926,7336,5478,"D. 23/5, UL. DACHNAYA     NOVOSIBIRSK ","Дачная улица, 23/5, Новосибирск, Россия",55.061529,82.903865,-0.1120120747
5927,7349,5478,"D. 52, UL. VOKZAL'NAYA    YUZHNO-SAKHA","Вокзальная улица, 50, Южно-Сахалинск, Сахалинская область, Россия, 693019",46.95806,142.725904,-0.0184517913
5928,7351,5478,"D. 1A, PR-KT LENINA       BARNAUL G   ","проспект Ленина, 1А/19, Барнаул, Алтайский край, Россия, 656043",53.330655,83.794868,-0.05414682285
5929,7358,5478,"D. 155, PR-KT LENINA      BARNAUL G   ","проспект Ленина, 155, Барнаул, Алтайский край, Россия, 656011",53.371892,83.749503,-0.05922180328
5930,7360,5478,"D. 139, UL. POPOVA        BARNAUL G   ","улица Попова, 139, Барнаул, Алтайский край, Россия, 656058",53.335511,83.669723,0.02093964284
5931,7373,5478,"D. 71V, TRAKT ZMEINOGORSK BARNAUL G   ","Барнаульский тракт, 70, Змеиногорск, Алтайский край, Россия",51.166324,82.179086,-0.01008759088
5932,7381,5478,"D. 24, UL. MOKRUSHINA     TOMSK G     ","улица Мокрушина, 24, микрорайон Мокрушинский, Томск, Россия",56.449817,84.990786,0.01476602303
5933,7382,5478,"D. 36, UL. MOSKOVSKAYA    LIPETSK G   ","Московская улица, 36, Липецк, Россия, 398042",52.59222,39.498204,-0.1249977444
5934,7399,5478,"D. 17, UL. BARBUSA        CHELYABINSK ","улица Барбюса, 17, Челябинск, Россия, 454010",55.141753,61.434462,-0.04438501072
5935,7420,5478,"D. 20, UL. GERCENA        VOLOGDA G   ","улица Герцена, 20, Вологда, Россия, 160000",59.213556,39.890615,-0.01526519317
5936,7435,5478,"5A, UL. SHOSSEINAYA       CHERNIGOVKA ","Шоссейная улица, 5А, село Черниговка, Черниговский район, Приморский край, Россия",44.339807,132.58794,-0.07150674039
5937,7439,5478,"D. 34, UL. PUSHKINA       ISILKUL G   ","улица Пушкина, 34, Исилькуль, Омская область, Россия, 646024",54.917417,71.271149,0.06687468001
5938,7449,5478,"D. 141, UL. SVOBODY       CHELYABINSK ","улица Свободы, 141, Челябинск, Россия, 454090",55.159311,61.412723,-0.1253141699
5939,7452,5478,"D. 25, UL. BEREZOVAYA     VLADIVOSTOK ","Берёзовая улица, 25, Владивосток, Приморский край, Россия",43.101563,131.89056,-0.07541468272
5940,7459,5478,"D. 4, UL. ALEUTSKAYA      VLADIVOSTOK ","Алеутская улица, 4, Владивосток, Приморский край, Россия, 690091",43.112133,131.881631,-0.114681181
5941,7465,5478,"D. 27, UL. TRANZITNAYA    KRASNOYARSK ","Транзитная улица, 27, Красноярск, Россия, 660003",55.998076,92.952473,0.006052757899
5942,7467,5478,"D. 30, UL. SVERDLOVSKAYA  KRASNOYARSK ","Свердловская улица, 30А, Красноярск, Россия, 660078",55.973189,92.792313,-0.05498988272
5943,7474,5478,"D. 1, UL. ST.SEMENOV      SEMENOV G   ","улица Станция Семёнов, Семёнов, Нижегородская область, Россия",56.796126,44.480504,-0.06506104903
5944,7480,5478,"D. 17A, SH. MOSKOVSKOE    NIZHNIY NOVG","Московское шоссе, 17А, Нижний Новгород, Россия, 603116",56.321231,43.932082,-0.07049077538
5945,7484,5478,"D. 5, PL. SOVETSKAYA      NIZHNIY NOVG","Советская площадь, 5, Нижний Новгород, Россия, 603106",56.296299,44.042485,0.01749462803
5946,7489,5478,"D. 79, PR-KT KUZNECKII    KEMEROVO G  ","Кузнецкий проспект, 79, Кемерово, Россия, 650025",55.344224,86.059853,-0.09921626045
5947,7494,5478,"D. 75, UL. MIRA           BELORECHENSK","улица Мира, 75, Белореченск, Краснодарский край, Россия, 352630",44.764417,39.872227,0.001704947629
5948,7496,5478,"D. 33, PR-KT KUZNECKII    KEMEROVO G  ","Кузнецкий проспект, 33, Кемерово, Россия, 650000",55.355787,86.064497,-0.05910298799
5949,7506,5478,"D. 205, UL. MIRA          LIVNY G     ","улица Мира, 205, Ливны, Орловская область, Россия, 303851",52.404111,37.569656,-0.01159380516
5950,7511,5478,"D. 18/3, UL. SOLNECHNAYA  KRASNODAR G ","Солнечная улица, 18/3, Краснодар, Россия",45.071466,39.0044,-0.04418410869
5951,7513,5478,"D. 10, UL. V.EMIROVA      MAKHACHKALA ","улица В. Эмирова, 10, Махачкала, Республика Дагестан, Россия",42.987248,47.504062,-0.07822871566
5952,7521,5478,"D. 110, UL. KAMBARSKAYA   IZHEVSK G   ","Камбарская улица, 110, Ижевск, Удмуртская Республика, Россия, 426075",56.838233,53.311203,-0.06561285409
5953,7524,5478,"D. 56, UL. RUDNEVA        KHABAROVSK G","улица Руднева, 56, Хабаровск, Россия, 680033",48.562551,135.040835,0.09091221034
5954,7525,5478,"D. 58, UL. SOVETSKAYA     BIROBIJAN G ","Советская улица, 58, Биробиджан, Еврейская автономная область, Россия, 679016",48.778718,132.941068,-0.02610720962
5955,7526,5478,"D. 36, UL. DZHAMBULA      KHABAROVSK G","улица Джамбула, 36, Хабаровск, Россия, 680011",48.490572,135.056619,0.01575147924
5956,7536,5478,UL. VOKZAL'NAYA           BELAYA KALIT,"Вокзальная улица, Белая Калитва, Ростовская область, Россия",48.174748,40.790377,0.03179996034
5957,7542,5478,"D. 14, UL. 50 LET KOMSOMO BELOGORSK G ","улица 50 лет Комсомола, 14, Белогорск, Амурская область, Россия, 676852",50.911077,128.488101,0.008237334792
5958,7543,5478,"D. 2B, UL. TEL'MANA       BATAYSK G   ","улица Тельмана, 2Б, Батайск, Ростовская область, Россия, 346884",47.13647,39.766648,-0.02934716065
5959,7548,5478,"D. 11, UL. BLAGOVESHENSKA BELOGORSK G ","Белогорск, 11, Амурская область, Россия",50.918573,128.377231,-0.1037855457
5960,7549,5478,"D. 210, UL. 9 MAYA        BELOGORSK G ","улица 9 Мая, 210, Белогорск, Амурская область, Россия, 676856",50.908612,128.551522,0.04394801874
5961,7557,5478,"D. 21V, UL. 30 LET POBEDY UYAR G      ","улица 30 лет Победы, 21В, Уяр, Красноярский край, Россия, 663920",55.806095,94.329896,0.02860351682
5962,7573,5478,"D. 110, UL. CHAPAEVA      ATKARSK G   ","улица Чапаева, 110, Аткарск, Саратовская область, Россия",51.87753,45.010527,0.02241311116
5963,7576,5478,"D. 47A, UL. PROLETARSKAYA VOLGOGRAD G ","Пролетарская улица, 47А, Волгоград, Россия, 400026",48.514183,44.534465,-0.1248140468
5964,7591,5478,"D. 55, UL. KIROVA         NOVOKUZNETSK","улица Кирова, 55, Новокузнецк, Кемеровская область, Россия, 654080",53.758889,87.138164,-0.07498023207
5965,7598,5478,UL. ANTONOVA              PENZA G,,,,0.01707716522
5966,7603,5478,"D. 5, UL. UBILEINAYA      BELOVO G    ","Юбилейная улица, 5, Белово, Кемеровская область, Россия, 652612",54.411149,86.310914,0.01782248017
5967,7616,5478,"D. 1, UL. NOVO-TERNOVSKAY ZASECHNOE S ","улица Натальи Лавровой, 1, село Засечное, Пензенский район, Пензенская область, Россия, 440068",53.130753,45.027991,-0.02528706345
5968,7620,5478,METRO MOSKOVSKAYA         SAMARA G,"метро Московская, Первая линия, Самара, Россия",53.203419,50.159922,0.02064292747
5969,7633,5478,"D. 18V, UL. LENINA        KHABAROVSK G","улица Ленина, 18, Хабаровск, Россия, 680000",48.46949,135.07154,0.04306176663
5970,7636,5478,"D. 7A, UL. GAGARINA       CHITA G     ","улица Гагарина, 7А, Чита, Забайкальский край, Россия, 672039",52.022254,113.545031,0.04019813044
5971,7651,5478,"D. 98, UL. CHAPAEVA       ATKARSK G   ","улица Чапаева, 98, Аткарск, Саратовская область, Россия",51.87768,45.008372,-0.1175514436
5972,7656,5478,"D. 25, UL. KURNATOVSKOGO  CHITA G     ","аэропорт Чита (Кадала), городской округ Чита, Забайкальский край, Россия",52.020331,113.308504,0.02827274205
5973,7660,5478,"D. 2A, UL. TRANSPORTNAYA  NOVOKUZNETSK","Транспортная улица, 2А, Новокузнецк, Кемеровская область, Россия, 654041",53.747134,87.116496,-0.06384452047
5974,7670,5478,"D. 47, UL. SOVETSKAYA     SOLOVYEVSK S","Советская улица, 47, городок Можайск-10, сельское поселение Замошинское, Можайский городской округ, Московская область, Россия",55.438874,35.752221,-0.0485749294
5975,7681,5478,"D. 12, UL. AGIBALOVA      SAMARA G    ","улица Агибалова, 12, Самара, Россия, 443041",53.187645,50.118016,-0.1061291474
5976,7693,5478,"D. 36ZH, UL. YANVARSKIH S ZIMA G      ","коттеджный посёлок Зима Лето, Дмитровский городской округ, Московская область, Россия",56.095604,37.359783,-0.1249977444
5977,7698,5478,"D. 10, KORP. 2, UL. SERGE TYUMEN G    ","болото Лимпыпытэльто Сэр, Красноселькупский район, Ямало-Ненецкий автономный округ, Россия",64.100519,81.77903,-0.09671352276
5978,7703,5478,"D. 73, UL. KUZNECKAYA     VOLGOGRAD G ","Кузнецкая улица, 73, Волгоград, Россия, 400120",48.694634,44.477081,-0.01382137343
5979,7709,5478,"D. 14, UL. ENERGETIKOV    YASNOGORSK P","улица Энергетиков, 4, поселок городского типа Ясногорск, Оловяннинский район, Забайкальский край, Россия, 674520",50.874664,115.693397,-0.009562089291
5980,7723,5478,"D. 58, PR-KT 50 LET OKTYA ULAN-UDE G  ","проспект 50 лет Октября, 58, Улан-Удэ, Республика Бурятия, Россия",51.840563,107.609556,-0.1450012315
5981,7724,5478,"D. 1, UL. IM. ORDZHONIKID SARATOV G   ","улица Орджоникидзе, 1, Саратов, Россия",51.506953,45.966389,-0.07969488647
5982,7725,5478,"D. 86, UL. KOLOTILOVA     ENGELS G    ","улица Колотилова, 84, Энгельс, Саратовская область, Россия",51.486095,46.160506,-0.09813786687
5983,7741,5478,"D. 2, B-R CVETNOI         MOSKVA G    ","Цветной бульвар, 2, Москва, Россия, 127051",55.768025,37.623483,-0.03816293648
5984,7743,5478,"D. 10, UL. SHOSSEINAYA    SEVERNYY P  ","Шоссейная улица, 14А, поселок Северный, городской округ Истра, Московская область, Россия",55.943795,36.83876,-0.07577100063
5985,7753,5478,"D. 292B, UL. 9 YANVARYA   VORONEZH G  ","улица 9 Января, 292, Воронеж, Россия, 394020",51.686115,39.126706,-0.112568185
5986,7773,5478,"D. 2/2, PR-KT DZERZHINSKO NOVOSIBIRSK ","проспект Дзержинского, 2/2, Новосибирск, Россия, 630112",55.043933,82.953488,-0.02286808337
5987,7777,5478,"D. 9, KV-L 9              KUYBYSHEV G ","9-й квартал, 9, Куйбышев, Новосибирская область, Россия",55.446876,78.329751,-0.05644953027
5988,7795,5478,"D. 22, UL. PUSHKINA       ELETS G     ","улица Пушкина, 22, Елец, Липецкая область, Россия, 399772",52.608066,38.501362,-0.002236536242
5989,7801,5478,"D. 23, UL. KASPIISKAYA    NIZHNIY TAGI","Каспийская улица, 23, Нижний Тагил, Свердловская область, Россия, 622015",57.852597,60.034842,-0.08690134034
5990,7813,5478,"D. 17, UL. SKORIKOVA      BELOGORSK G ","улица Скорикова, 17, Белогорск, Амурская область, Россия, 676850",50.919277,128.480043,-0.0008561521079
5991,7824,5478,"D. 191, UL. TIHOOKEANSKAY KHABAROVSK G","Тихоокеанская улица, 191, Хабаровск, Россия, 680054",48.541695,135.040431,0.07644893671
5992,7833,5478,"D. 30, PR-KT MIRA         TOMSK G     ","проспект Мира, 30, Томск, Россия, 634059",56.512161,84.969639,-0.03514131709
5993,7861,5478,"D. 29, UL. 40-LETIYA POBE CHELYABINSK ","улица 40-летия Победы, 29, Челябинск, Россия, 454001",55.184546,61.301817,-0.02154597096
5994,7862,5478,"D. 29, UL. 40-LETIYA POBE CHELYABINSK ","улица 40-летия Победы, 29, Челябинск, Россия, 454001",55.184546,61.301817,-0.02170127208
5995,7869,5478,"D. 31, UL. KOL'COVSKAYA   VORONEZH G  ","Кольцовская улица, 31, Воронеж, Россия, 394030",51.668473,39.193056,-0.04516239589
5996,7870,5478,"D. 31, UL. KOL'COVSKAYA   VORONEZH G  ","Кольцовская улица, 31, Воронеж, Россия, 394030",51.668473,39.193056,-0.05392474062
5997,7871,5478,"D. 31, UL. KOL'COVSKAYA   VORONEZH G  ","Кольцовская улица, 31, Воронеж, Россия, 394030",51.668473,39.193056,-0.03863143915
5998,7880,5478,"D. 81, PR-KT KRASNYI      NOVOSIBIRSK ","Красный проспект, 81, Новосибирск, Россия, 630049",55.051247,82.913944,-0.003021492157
5999,7896,5478,"D. 17, UL. BOGDANA HMEL'N NOVOSIBIRSK ","улица Богдана Хмельницкого, 17, Новосибирск, Россия, 630075",55.069638,82.940956,-0.03130632603
6000,7897,5478,"D. 17, UL. BOGDANA HMEL'N NOVOSIBIRSK ","улица Богдана Хмельницкого, 17, Новосибирск, Россия, 630075",55.069638,82.940956,-0.03900324847
6001,7898,5478,"D. 17, UL. BOGDANA HMEL'N NOVOSIBIRSK ","улица Богдана Хмельницкого, 17, Новосибирск, Россия, 630075",55.069638,82.940956,-0.02177004131
6002,7903,5478,"D. 19, UL. TRUFANOVA      YAROSLAVL G ","улица Труфанова, 19, Ярославль, Россия, 150060",57.685748,39.765157,-0.03662298904
6003,7922,5478,"D. 4A, STR. 31A, PROEZD D MOSKVA G    ","Московская площадь, 3, Жуковский, Московская область, Россия",55.600516,38.134741,-0.06644314078
6004,7923,5478,"D. 100, UL. POBEDY        SAMARA G    ","улица Победы, 100, Самара, Россия, 443009",53.216642,50.256141,0.03745202707
6005,7924,5478,"D. 100, UL. POBEDY        SAMARA G    ","улица Победы, 100, Самара, Россия, 443009",53.216642,50.256141,0.01517563202
6006,7928,5478,"D. 62, UL. KALININA       KAZAN G     ","улица Калинина, 62, Вахитовский район, Казань, Республика Татарстан, Россия, 420099",55.783073,49.148123,-0.01684565445
6007,7934,5478,"D. 4A, STR. 31A, PROEZD D MOSKVA G    ","Московская площадь, 3, Жуковский, Московская область, Россия",55.600516,38.134741,-0.01422400578
6008,7944,5478,"D. 46, PR-KT GAGARINA     SMOLENSK G  ","проспект Гагарина, 46, Смоленск, Россия, 214001",54.764158,32.045179,-0.06715684651
6009,7952,5478,"D. 41, PR-KT STROITELEI   NIZHNEKAMSK ","проспект Строителей, 41, Нижнекамск, Республика Татарстан, Россия",55.634979,51.805025,-0.03207313017
6010,7953,5478,"D. 41, PR-KT STROITELEI   NIZHNEKAMSK ","проспект Строителей, 41, Нижнекамск, Республика Татарстан, Россия",55.634979,51.805025,-0.03906884134
6011,7960,5478,"D. 11, UL. STANISLAVSKOGO NOVOSIBIRSK ","улица Станиславского, 11, Новосибирск, Россия, 630054",54.984775,82.871885,0.006368095759
6012,7966,5478,"STR. 1, UL. 8 MIKRORAION  KHIMKI G    ","1-я улица, СНТ Круиз, деревня Дудкино, поселение Мосрентген, Москва, Россия",55.628134,37.459298,-0.0131387455
6013,7970,5478,"D. 151, PR-KT LENINA      BARNAUL G   ","проспект Ленина, 151, Барнаул, Алтайский край, Россия, 656011",53.371086,83.750976,-0.01538360006
6014,7971,5478,"D. 151, PR-KT LENINA      BARNAUL G   ","проспект Ленина, 151, Барнаул, Алтайский край, Россия, 656011",53.371086,83.750976,0.01320572909
6015,7977,5478,"D. 82, UL. LENINA         KALUGA G    ","улица Ленина, 82, Калуга, Россия, 248001",54.512141,36.262311,-0.01836690423
6016,7979,5478,"D. 48, UL. MALAHOVA       BARNAUL G   ","улица Малахова, 48/227, Барнаул, Алтайский край, Россия, 656055",53.367911,83.705018,-0.09136263642
6017,7980,5478,"D. 48, UL. MALAHOVA       BARNAUL G   ","улица Малахова, 48/227, Барнаул, Алтайский край, Россия, 656055",53.367911,83.705018,-0.09390422968
6018,7981,5478,"D. 48, UL. MALAHOVA       BARNAUL G   ","улица Малахова, 48/227, Барнаул, Алтайский край, Россия, 656055",53.367911,83.705018,-0.101626732
6019,7987,5478,"D. 56, PR-KT SOVETSKII    KEMEROVO G  ","Советский проспект, 56, Кемерово, Россия, 650991",55.355495,86.088204,-0.06451502948
6020,8000,5478,"D. 18, UL. POBEDY         BELOGORSK G ","улица Победы, 18, Белогорск, Амурская область, Россия, 676850",50.920815,128.464017,-0.03855639489
6021,8003,5478,"D. 11A, PR-KT SUZDAL'SKII VLADIMIR G  ","Суздальский проспект, 11А, Владимир, Россия, 600027",56.165739,40.464864,-0.06974842499
6022,8008,5478,"D. 39, UL. SOVETSKAYA     TIKHVIN G   ","Советская улица, 39, Тихвин, Ленинградская область, Россия, 187555",59.644136,33.507762,-0.05611227142
6023,8022,5478,"D. 6, UL. IM NIKOLAYA OTR VOLGOGRAD G ","улица Николая Отрады, 6, Волгоград, Россия, 400121",48.81476,44.624054,-0.02502809236
6024,8026,5478,"D. 9, UL. OKTYABR'SKOI RE SMOLENSK G  ",,,,-0.0114124048
6025,8041,5478,"D. 91, UL. MOROZOVA PAVLA KHABAROVSK G","улица Морозова Павла Леонтьевича, 91, Хабаровск, Россия, 680023",48.435733,135.104948,0.008145653166
6026,8042,5478,"D. 91, UL. MOROZOVA PAVLA KHABAROVSK G","улица Морозова Павла Леонтьевича, 91, Хабаровск, Россия, 680023",48.435733,135.104948,-0.01063160748
6027,8043,5478,"D. 91, UL. MOROZOVA PAVLA KHABAROVSK G","улица Морозова Павла Леонтьевича, 91, Хабаровск, Россия, 680023",48.435733,135.104948,-0.01187757824
6028,8046,5478,"D. 11B, UL. BRUSNEVA      STAVROPOL G ","улица Бруснева, 11, микрорайон №17, Ставрополь, Россия",45.064699,41.931462,0.1024299879
6029,8048,5478,"D. 34, UL. ENTUZIASTOV    CHEBOXARY G ","улица Энтузиастов, 34, Чебоксары, Чувашская Республика, Россия, 428010",56.118791,47.183606,-0.02445674674
6030,8049,5478,"D. 80A, PR-KT LENINA      TOMSK G     ","проспект Ленина, 80А, Томск, Россия, 634050",56.484004,84.948457,-0.0866237911
6031,8059.5,5478,"5, SH. LENINGRADSKOE      KHIMKI G    ","Ленинградское шоссе, вл5, Химки, Московская область, Россия",55.88876,37.433526,-0.001352997011
6032,8062.5,5478,"5, SH. LENINGRADSKOE      KHIMKI G    ","Ленинградское шоссе, вл5, Химки, Московская область, Россия",55.88876,37.433526,0.007842979059
6033,8070,5478,"D. 1B, B-R PROFSOUZOV     VOLZHSKIY G ","бульвар Профсоюзов, 1, Волжский, Волгоградская область, Россия, 404102",48.776688,44.775384,-0.02123316641
6034,8078,5478,"D. 251D, TRAKT PAVLOVSKII BARNAUL G   ","Павловский тракт, 251Д, Барнаул, Алтайский край, Россия, 656058",53.342506,83.684905,-0.003626379782
6035,8085,5478,"D. 37, UL. POSELKOVAYA    KOSTROMA G  ","Поселковая улица, 37, Кострома, Россия, 156008",57.777753,40.967525,0.01931971174
6036,8091,5478,"D. 9, UL. SADOVAYA-KUDRIN MOSKVA G    ",,,,-0.1450012315
6037,8093,5478,"D. 105, PR-KT GAGARINA    NIZHNIY NOVG","проспект Гагарина, 105, Нижний Новгород, Россия, 603137",56.235741,43.952456,0.03849053203
6038,8109,5478,"D. 1, B-R L.SHEVCOVOI     KALININGRAD ","бульвар Любови Шевцовой, 1, Калининград, Россия, 236044",54.672346,20.501917,-0.06525268171
6039,8137,5478,"D. 61/1, UL. GERCENA      TOMSK G     ","улица Герцена, 61/1, Томск, Россия, 634021",56.472386,84.986384,0.04308262211
6040,8139,5478,"D. 10, UL. V.EMIROVA      MAKHACHKALA ","улица В. Эмирова, 10, Махачкала, Республика Дагестан, Россия",42.987248,47.504062,-0.06157902956
6041,8160,5478,"D. 66, UL. KOL'CEVAYA     TVER G      ","Кольцевая улица, 66/64, Тверь, Россия",56.88848,35.902428,0.02129570192
6042,8161,5478,"D. 82, UL. MIRA           VOLOGDA G   ","улица Мира, 82, Вологда, Россия, 160009",59.211626,39.880357,0.006819774269
6043,8169,5478,"D. 87, UL. METALLURGOV    EKATERINBURG","улица Металлургов, 87, Екатеринбург, Свердловская область, Россия, 620043",56.823631,60.505406,0.03546785543
6044,8191,5478,"D. 2A, PR-KT SOVETSKII    IVANTEEVKA G","Советский проспект, 2А, Ивантеевка, Московская область, Россия, 141282",55.975254,37.906893,-0.04185848636
6045,8209,5478,"D. 3A, PR-KT PATRIOTOV    VORONEZH G  ","проспект Патриотов, 3А, Воронеж, Россия, 394065",51.644056,39.142966,-0.0001698729062
6046,8215,5478,"D. 9, B-R CVETNOI         MOSKVA G    ","Цветной бульвар, 9, Москва, Россия, 127051",55.76953,37.620734,0.03768267481
6047,8216,5478,"D. 9, B-R CVETNOI         MOSKVA G    ","Цветной бульвар, 9, Москва, Россия, 127051",55.76953,37.620734,0.0625504829
6048,8237,5478,"D. 3A, PR-KT PATRIOTOV    VORONEZH G  ","проспект Патриотов, 3А, Воронеж, Россия, 394065",51.644056,39.142966,-0.03012795797
6049,8262,5478,"D. 25, KORP. 3, UL. 70 LE OMSK G      ",,,,0.001459764418
6050,8268,5478,"D. 19, UL. SOVETSKAYA     BALASHIKHA G","Советская улица, 19, Балашиха, Московская область, Россия, 143904",55.80356,37.93404,-0.02349325262
6051,8269,5478,"D. 19, UL. SOVETSKAYA     BALASHIKHA G","Советская улица, 19, Балашиха, Московская область, Россия, 143904",55.80356,37.93404,-0.0372286409
6052,8270,5478,"D. 19, UL. SOVETSKAYA     BALASHIKHA G","Советская улица, 19, Балашиха, Московская область, Россия, 143904",55.80356,37.93404,-0.04278281682
6053,8271,5478,"D. 19, UL. SOVETSKAYA     BALASHIKHA G","Советская улица, 19, Балашиха, Московская область, Россия, 143904",55.80356,37.93404,-0.02066984493
6054,8273,5478,"D. 15, SH. IGNAT'EVSKOE   BLAGOVESHCHE","Игнатьевское шоссе, 15, Благовещенск, Амурская область, Россия",50.295889,127.514489,-0.05755375356
6055,8280,5478,"D. 21, KORP. V, UL. GAGAR NEVINNOMYSSK","улица Гагарина, 21, Невинномысск, Ставропольский край, Россия, 357108",44.637113,41.943652,-0.08293271644
6056,8281,5478,"D. 21, KORP. V, UL. GAGAR NEVINNOMYSSK","улица Гагарина, 21, Невинномысск, Ставропольский край, Россия, 357108",44.637113,41.943652,-0.1097470122
6057,8296,5478,"D. 69, UL. VOROVSKOGO     ARMAVIR G   ","улица Воровского, 69, Армавир, Краснодарский край, Россия, 352922",44.98328,41.096765,-0.0841062593
6058,8299,5478,"D. 36, PR-KT GRAZHDANSKII BELGOROD G  ","Гражданский проспект, 36, Белгород, Россия, 308009",50.594253,36.596933,-0.0987695084
6059,8300,5478,"D. 36, PR-KT GRAZHDANSKII BELGOROD G  ","Гражданский проспект, 36, Белгород, Россия, 308009",50.594253,36.596933,-0.07943119879
6060,8306,5478,"STR. 1, UL. 8 MIKRORAION  KHIMKI G    ","1-я улица, СНТ Круиз, деревня Дудкино, поселение Мосрентген, Москва, Россия",55.628134,37.459298,0.01692750275
6061,8309,5478,"D. 8, UL. NAHIMOVA        TOMSK G     ","улица Нахимова, 8, Томск, Россия, 634034",56.455627,84.959938,0.02895819071
6062,8322,5478,"D. 34, MKR. N1            ROSTOV G    ","1-й микрорайон, 1, Ростов, Ярославская область, Россия",57.20465,39.430319,-0.1212699445
6063,8339,5478,"D. 1, UL. VOLOHA          ENGELS G    ","улица Волоха, 1, Энгельс, Саратовская область, Россия, 413100",51.494159,46.122732,-0.01041273599
6064,8344,5478,"D. 133A, UL. LENINA       POGRANICHNYY","улица Ленина, 131, посёлок городского типа Пограничный, Пограничный район, Приморский край, Россия",44.403159,131.387001,-0.01908773317
6065,8354,5478,"D. 23, UL. KLUBNAYA       KHABAROVSK G","Клубная улица, 23, Хабаровск, Россия, 680032",48.435751,135.130226,-0.004476886531
6066,8366,5478,"D. 15, PR-KT MOSKOVSKII   BRYANSK G   ","Московский проспект, 15, Брянск, Россия, 241020",53.217985,34.399987,-0.04694045458
6067,8367,5478,"D. 15, PR-KT MOSKOVSKII   BRYANSK G   ","Московский проспект, 15, Брянск, Россия, 241020",53.217985,34.399987,-0.05080980399
6068,2997,8083,"KECHIL OOLA, 2B        Kyzyl          ","улица Кечил-Оола, 2, Кызыл, Республика Тыва, Россия, 667003",51.708623,94.428441,0.1104139717
6069,2998,8083,"FADEEVA, 1             Vladivostok    ","улица Фадеева, 1, Владивосток, Приморский край, Россия, 690034",43.107651,131.939985,0.1434081854
6070,3001,8083,"SOVETSKAYA PL.,5       Nizhniy Novgoro","Советская площадь, 5, Нижний Новгород, Россия, 603106",56.296299,44.042485,0.1698198515
6071,3006,8083,"INSTITUTSKAYA,6        Blagoveshchensk","Институтская улица, 6, Благовещенск, Амурская область, Россия, 675028",50.298035,127.525511,0.1899827173
6072,3013,8083,"SOVETSKAYA, 68         Orenburg       ","Советская улица, 68, Оренбург, Россия, 460006",51.772351,55.096452,0.04190272627
6073,3019,8083,"LENINA, 311            YUzhno-Sakhalin","улица Ленина, 311, Южно-Сахалинск, Сахалинская область, Россия, 693006",46.94249,142.733441,0.15282852
6074,3021,8083,"KOMMUNISTICHESKAYA, 34 Saransk        ","Коммунистическая улица, 34, Саранск, Республика Мордовия, Россия, 430005",54.183997,45.184657,0.127153235
6075,3027,8083,"TEPLOSERNAYA, 21       Pyatigorsk     ","Теплосерная улица, 21, Пятигорск, Ставропольский край, Россия",44.034384,43.080264,0.1736206978
6076,3029,8083,"LENINSKAYA, 10         Nakhodka       ","Ленинская улица, 10, Находка, Приморский край, Россия, 692926",42.810949,132.868502,0.1430246819
6077,3030,8083,"LENINA PR., 313        Volzhskiy      ","проспект имени Ленина, 313, Волжский, Волгоградская область, Россия",48.765192,44.787395,0.1449512909
6078,3037,8083,"MAYAKOVSKOGO, 91       Kyzyl          ","улица Маяковского, 91, Кызыл, Республика Тыва, Россия",51.707083,94.46158,0.1785285567
6079,3040,8083,"ANTONA PETROVA, 219B   Barnaul        ","улица Антона Петрова, 219, Барнаул, Алтайский край, Россия",53.358636,83.702063,0.1490512385
6080,3054,8083,"NOVOSLOBODSKAYA, 23    Moskva         ","Новослободская улица, 23, Москва, Россия, 127055",55.781398,37.598528,0.1362086812
6081,3068,8083,"NOVOIVANOVSKAYA, 3     Vladivostok    ","Новоивановская улица, 3, Владивосток, Приморский край, Россия, 690005",43.111264,131.935036,0.2007409704
6082,3086,8083,"MIRA PR., 30           Tomsk          ","проспект Мира, 30, Томск, Россия, 634059",56.512161,84.969639,0.1762994883
6083,3087,8083,"8 MARTA, 32            Ivanovo        ","улица 8 Марта, 32, Иваново, Россия, 153037",57.005529,40.985302,0.2144850618
6084,3089,8083,"IPPODROMNAYA, 15 B     Elista         ","Ипподромная улица, 15, Элиста, Республика Калмыкия, Россия, 358005",46.321623,44.233611,0.1496627589
6085,3094,8083,"LENINA, 94             Kursk          ","улица Ленина, 94, Курск, Россия, 305004",51.747176,36.193931,0.2128045371
6086,3095,8083,"MENZHINSKOGO, 38.2.2   Moskva         ","улица Менжинского, 38к2с2, Москва, Россия, 129281",55.870733,37.660036,0.166126862
6087,3112,8083,"NEKRASOVA, 47          Azov           ","переулок Некрасова, 47, Азов, Ростовская область, Россия",47.10242,39.395994,0.1220121042
6088,3134,8083,"VOLSKIY TRAKT, 2.1     Saratov        ","Вольский тракт, 2/1, Саратов, Россия",51.623881,45.974168,0.04007401448
6089,3137,8083,"ZORGE, 1               Moskva         ","улица Зорге, 1, Москва, Россия, 125252",55.778699,37.512371,0.1950209088
6090,3138,8083,"ZORGE, 1               Moskva         ","улица Зорге, 1, Москва, Россия, 125252",55.778699,37.512371,0.1897508949
6091,3141,8083,"PRIBOROSTROITELEY, 2   Dubna          ","улица Приборостроителей, 2, Дубна, Московская область, Россия",56.727057,37.175368,0.06751576168
6092,3168,8083,"Krymskaya, 272         Anapa          ","Крымская улица, 272, Анапа, Краснодарский край, Россия, 353440",44.901094,37.33366,0.1507632341
6093,3179,8083,"KOCHETVOA, 68          Kyzyl          ","улица Кочетова, 68, Кызыл, Республика Тыва, Россия, 667000",51.718707,94.431487,0.1403288224
6094,3190,8083,"TUTAEVSKOE SH., 1      Yaroslavl      ","Тутаевское шоссе, 1, Ярославль, Россия, 150044",57.67031,39.838091,0.1279871002
6095,3193,8083,"Pr.Vernadskogo,88      Moskva         ","проспект Вернадского, 88, Москва, Россия, 119571",55.657931,37.476052,0.08483775516
6096,3194,8083,"PL. MIRA, 1            Orel           ","площадь Мира, 1, Орёл, Россия",52.967486,36.074509,0.1971234981
6097,3202,8083,"PR.STROITELEY, 13      Krasnokamensk  ","проспект Строителей, 13, Краснокаменск, Забайкальский край, Россия, 674673",50.101388,118.042518,0.08007919456
6098,3227,8083,"LENINGRADSKAYA, 100    Vologda        ","Ленинградская улица, 100, Вологда, Россия, 160002",59.211395,39.848538,0.1516503301
6099,3236,8083,"LUNACHARSKOGO, 18      Okhotsk        ","улица Луначарского, 18, рабочий посёлок Охотск, Охотский район, Хабаровский край, Россия",59.361841,143.21104,0.2166805194
6100,3239,8083,"B. YAKIMANKA, 9        Moskva         ","улица Большая Якиманка, 9, Москва, Россия, 119180",55.739696,37.615407,0.1761129328
6101,3250,8083,"DUBROVINSKOGO, 80      Krasnoyarsk    ","улица Дубровинского, 80, Красноярск, Россия, 660049",56.007645,92.876853,0.06989193926
6102,3264,8083,"KIROVA, 28             Yakutsk        ","улица Кирова, 28, Якутск, Республика Саха (Якутия), Россия, 677027",62.032115,129.721991,0.1074013639
6103,3266,8083,"PUSHKINSKAYA, 35B      Lesozavodsk    ","Пушкинская улица, 35, Лесозаводск, Приморский край, Россия, 692042",45.469575,133.394017,0.1339339163
6104,3274,8083,"Strelnikova,10A        KHabarovsk     ","улица Стрельникова, 10А, микрорайон Северный, Хабаровск, Россия, 680054",48.534698,135.037592,0.1785460397
6105,3299,8083,"KALININA, 275          Vladivostok    ","улица Калинина, 275, Владивосток, Приморский край, Россия, 690021",43.094045,131.902813,0.1553588195
6106,3300,8083,"BUDENOGO, 23           CHernigovka    ","улица Будённого, 23, село Черниговка, Черниговский район, Приморский край, Россия, 692372",44.343346,132.576442,0.1982083889
6107,3304,8083,"RASNORECHENSKAYA,100   KHabarovsk     ","Краснореченская улица, 100, Хабаровск, Россия, 680023",48.435171,135.113033,0.1849691167
6108,3311,8083,"GERCENA, 63            Vologda        ","улица Герцена, 63, Вологда, Россия, 160011",59.209415,39.898961,0.1498198276
6109,3347,8083,"Leytenanta Yanalova, 42Kaliningrad    ","улица Лейтенанта Яналова, 42, Калининград, Россия, 236023",54.729579,20.476261,0.1113040057
6110,3354,8083,"OKRUZHNAYA, 27 V       Penza          ","Окружная улица, 27, Пенза, Россия, 440031",53.161398,44.979024,0.141515045
6111,3369,8083,"NAB.OBVODN, 118, 7A    Sankt-Peterburg","набережная Обводного канала, 118к7, Санкт-Петербург, Россия, 190005",59.90695,30.302438,0.1419251006
6112,3371,8083,"Sovetov Pr.,7          CHita          ","проспект Советов, 7, Чита, Забайкальский край, Россия, 672040",52.033741,113.449234,0.1510736371
6113,3374,8083,"Promyshlennaya, 1      Vyazniki       ","Промышленная улица, 1, микрорайон Нововязники, Вязники, Владимирская область, Россия",56.214667,42.152232,0.1124090029
6114,3388,8083,"KOMUNISTICHESKAYA, 68  Astrakhan      ","Коммунистическая улица, 68, Астрахань, Россия, 414040",46.361715,48.046025,0.1896813026
6115,3398,8083,"TIKHINSKAYA, 10A       Velikiy Novgoro","Тихвинская улица, 10А, Софийская сторона, Великий Новгород, Новгородская область, Россия, 173001",58.528223,31.277793,0.03120879246
6116,3401,8083,"MKAD 84 km,Vl 3/1      Moskva         ","МКАД, 84-й километр, вл3с1, Москва, Россия",55.912804,37.57157,0.09882023401
6117,3407,8083,"CHEKHOVA, 78           YUzhno-Sakhalin","улица Чехова, 78, Южно-Сахалинск, Сахалинская область, Россия",46.951484,142.735669,0.1746196229
6118,3423,8083,"PL.ORDZHONIKIDZE, 1    Saratov        ","площадь Орджоникидзе, 1, Саратов, Россия",51.501224,45.944012,0.14665329
6119,3441,8083,Pervomayskiy Pr. 53/2  Ryazan,"Первомайский проспект, 53, Рязань, Россия, 390013",54.629242,39.708994,0.182518043
6120,3443,8083,"DIMITROVA, 19          Birobidzhan    ","улица Димитрова, 19, Биробиджан, Еврейская автономная область, Россия, 679016",48.793309,132.921215,0.1532467146
6121,3444,8083,"DZERZHINSKOGO, 23      Yakutsk        ","улица Дзержинского, 23, Якутск, Республика Саха (Якутия), Россия, 677000",62.045158,129.739832,0.2186083167
6122,3447,8083,"Lenina, 42             Zakamensk      ","улица Ленина, 42, Закаменск, Республика Бурятия, Россия, 671950",50.37228,103.288085,0.1562951536
6123,3448,8083,"5 YAMSKOGO POLYA, 7.2  Moskva         ","5-я улица Ямского Поля, 7к2, Москва, Россия, 125040",55.785093,37.583158,0.101771711
6124,3451,8083,"TSENTRALNAYA, 38       Ust-Bakchar    ","Центральная улица, 38, село Усть-Бакчар, Чаинский район, Томская область, Россия",57.610768,82.316546,0.09587443156
6125,3469,8083,"PR.T VETERANOV, 122    Sankt-Peterburg","проспект Ветеранов, 122, Санкт-Петербург, Россия, 198205",59.832575,30.178947,0.1676083615
6126,3475,8083,"KRASNOGO ZNAMENI,91    Vladivostok    ","проспект Красного Знамени, 91, Владивосток, Приморский край, Россия, 690014",43.126551,131.914716,0.1348221938
6127,3480,8083,"Tenishevoy , 33        Smolensk       ","улица Тенишевой, 33, Смоленск, Россия, 214019",54.770863,32.059148,0.1375936929
6128,3485,8083,"ZAGORODNAYA, 3         Kurgan         ","Загородная улица, 3, Курган, Россия, 640023",55.483189,65.22263,0.1480091785
6129,3491,8083,"KALININA, 124A         Kyzyl          ","улица Калинина, 124А, Кызыл, Республика Тыва, Россия, 667010",51.701769,94.393667,0.02140014955
6130,3497,8083,"LENINA, 23             Zakamensk      ","улица Ленина, 23, Закаменск, Республика Бурятия, Россия, 671950",50.375796,103.291948,0.1771049791
6131,3513,8083,"AKADEMIKA KOROLEVA, 19 Moskva         ","улица Академика Королёва, 19, Москва, Россия, 127427",55.820491,37.604592,0.1930296494
6132,3521,8083,"KRASNOYARSKAYA, 6      Norilsk        ","Красноярская улица, 6, Норильск, Красноярский край, Россия, 663319",69.356274,88.173697,0.1433577415
6133,3529,8083,"GAGARINA, 10.2         Smolensk       ","проспект Гагарина, 10/2, Смоленск, Россия, 214000",54.774862,32.045664,0.2027351809
6134,3540,8083,"LENINSKAYA, 26A        Partizansk     ","Ленинская улица, 26А, Партизанск, Приморский край, Россия",43.119412,133.123947,0.07774347164
6135,3548,8083,"SOVETSKAYA, 157        TASHTYP        ","Советская улица, 161, село Таштып, Таштыпский район, Республика Хакасия, Россия",52.802094,89.894752,0.1449567456
6136,3549,8083,"Sibirskiy per, 5a      Krasnoyarsk    ","Сибирский переулок, 5А, Красноярск, Россия, 660068",56.015631,92.953668,0.1674396686
6137,3551,8083,"OKTYABRSKAYA, 80       Boguchany      ","Октябрьская улица, 80, село Богучаны, Богучанский район, Красноярский край, Россия",58.385242,97.475922,0.06095743227
6138,3562,8083,"CHERTANOVSKAYA, 1 V.1  MOSCOW         ","Чертановская улица, 1Ак1, Москва, Россия, 117208",55.638252,37.607179,0.2142506836
6139,3564,8083,"Pushkina, 165          Abakan         ","улица Пушкина, 165, Абакан, Республика Хакасия, Россия, 655017",53.715141,91.433719,0.2186083167
6140,3577,8083," ZAVODSKAYA,  1        Davydovo       ","Заводская улица, 1, деревня Давыдово, городской округ Ликино-Дулёво, Московская область, Россия",55.607804,38.860167,0.1843213913
6141,3581,8083,"PRECHISTENKA,40,2      Moskva         ","улица Пречистенка, 40/2с1, Москва, Россия, 119034",55.739052,37.586679,0.1897376702
6142,3590,8083,"2YA SOVETSKAYA,17      Sankt-Peterburg","2-я Советская улица, 17, Санкт-Петербург, Россия, 191036",59.931648,30.368096,0.1961469818
6143,3591,8083,"VZLYOTNAYA, 59         Krasnoyarsk    ","Взлётная улица, 59, Красноярск, Россия, 660135",56.032982,92.893005,0.1794485339
6144,3601,8083,"K.MARKSA, 38           CHelyabinsk    ","улица Маркса, 38, Челябинск, Россия, 454091",55.165894,61.412435,0.2186083167
6145,3611,8083,"PR.KUTUZOVSKIY, 15     Moskva         ","Кутузовский проспект, 15, Москва, Россия, 121248",55.747419,37.557385,0.2010937723
6146,3612,8083,"78 DOBROVOL. BR.,11    Krasnoyarsk    ",,,,0.212789912
6147,3626,8083,"GRIGORENKO, 6          Lesozavodsk    ","улица Григоренко, 6, Лесозаводск, Приморский край, Россия",45.462002,133.402658,0.2037900791
6148,3632,8083,"VAVILOVA,  3           Moskva         ","улица Вавилова, 3, Москва, Россия, 119334",55.706883,37.592096,0.1479145559
6149,3639,8083,"SAVUSHKINA, 141        Sankt-Peterburg","улица Савушкина, 141, Санкт-Петербург, Россия, 197374",59.990899,30.205789,0.1886454741
6150,3657,8083,"SHARAPOVSKIY PR.,2     Mytishchi      ","Шараповский проезд, вл2с2, Мытищи, Московская область, Россия",55.914776,37.760369,0.1573601381
6151,3659,8083,"Yaroslava Gasheka, 5   Sankt-Peterburg","улица Ярослава Гашека, 5, Санкт-Петербург, Россия, 192283",59.830676,30.385065,0.1703500505
6152,3662,8083,1 Krasnogvardeyskiy 15 Moskva,"1-й Красногвардейский проезд, 15, Москва, Россия, 123112",55.75052,37.539401,0.07325925885
6153,3686,8083,"Pobedy, 27             Azov           ","улица Победы, 27, Азов, Ростовская область, Россия, 346789",47.078069,39.42987,-0.0121689298
6154,3690,8083,"MOSKOVSKOE.SH., 13     Samara         ","Московское шоссе, 13, Самара, Россия",53.21152,50.179703,0.07461002377
6155,3695,8083,"MURMANSKOE SH, 12KM    Kudrovo        ","12-13 километр шоссе Кола, Свердловское городское поселение, Всеволожский район, Ленинградская область, Россия",59.887873,30.516669,0.138010588
6156,3696,8083,"ENTUZIASTOV SH., 12, 2 Moskva         ","шоссе Энтузиастов, 12к2, Москва, Россия, 111024",55.747363,37.707098,0.1371203406
6157,3749,8083,"MIKHAYLOVSKAYA,2       Artem          ","Михайловская улица, 2, посёлок Заводской, Артём, Приморский край, Россия, 692778",43.456747,132.287229,0.1949852144
6158,3751,8083,"SEVASTOPOLSKIY ,43A.2  Magadan        ",,,,0.04014907104
6159,3763,8083,"LENINA, 15             Likino-Dulevo  ","улица Ленина, 15, Ликино-Дулёво, городской округ Ликино-Дулёво, Московская область, Россия, 142670",55.701298,38.958344,0.1239683569
6160,3765,8083,"Morshanskoe sh., 23    Tambov         ","Моршанское шоссе, 23, Тамбов, Россия, 392030",52.754321,41.469701,0.1645724529
6161,3773,8083,"Kirova, 29             Staraya Kupavna","улица Кирова, 29, Старая Купавна, Богородский городской округ, Московская область, Россия, 142450",55.799026,38.184095,0.1886081898
6162,3776,8083,"Olimpiyskaya,35        Esto-Sadok     ","Олимпийская улица, 35, село Эстосадок, городской округ Сочи, Краснодарский край, Россия, 354392",43.671371,40.297543,-0.02739847096
6163,3777,8083,"Volgogradskiy, 42, B1  Moskva         ","Волгоградский проспект, 42, Москва, Россия, 109316",55.705858,37.725487,0.1075881041
6164,3778,8083,BRITOVO DEREVNYA       Britovo,"деревня Бритово, сельское поселение Софьинское, Раменский район, Московская область, Россия",55.477638,38.150318,0.1274610812
6165,3789,8083,"Minina, 19             Nizhniy Novgoro","улица Минина, 19/6, Нижний Новгород, Россия, 603000",56.326393,44.022471,0.1484058306
6166,3794,8083,Universitetskiy 105    Volgograd,,,,0.1026885302
6167,3799,8083,"PUSHKINA, 59           Omsk           ","улица Пушкина, 59, Омск, Россия",54.976917,73.386717,0.1369129313
6168,3800,8083,"70 LET OKTYABRYA, 25,1 Omsk           ","улица 70 лет Октября, 25к1, Омск, Россия, 644011",54.976473,73.326898,0.1384614263
6169,3801,8083,"12 DEKABRYA, 115       Omsk           ","улица 12 Декабря, 115, Омск, Россия, 644103",54.951069,73.327932,0.1186505042
6170,3808,8083,"MENZHINSKOGO, 38.2.2   Moskva         ","улица Менжинского, 38к2с2, Москва, Россия, 129281",55.870733,37.660036,0.2186083167
6171,3820,8083,"GERCENA, 63            Vologda        ","улица Герцена, 63, Вологда, Россия, 160011",59.209415,39.898961,0.1057828443
6172,3821,8083,"KIRENSKOGO, 26         Krasnoyarsk    ","улица Академика Киренского, 26, Красноярск, Россия, 660074",55.995584,92.797541,0.138045614
6173,3831,8083,"MIRA, 110              Krasnoyarsk    ","проспект Мира, 110, Красноярск, Россия, 660017",56.011661,92.852401,0.1724538605
6174,3837,8083,"60 LET OKTYABRYA,12    CHelyabinsk    ","улица 60-летия Октября, 12, Челябинск, Россия",55.264727,61.397739,0.1313354885
6175,3854,8083,"KIRENSKOGO, 26         Krasnoyarsk    ","улица Академика Киренского, 26, Красноярск, Россия, 660074",55.995584,92.797541,0.1834746861
6176,3860,8083,"Lenina pr, 93          Nizhniy Novgoro","проспект Ленина, 93, Нижний Новгород, Россия, 603004",56.267192,43.910882,0.1678788473
6177,3904,8083,"KONSTITUTSII SSSR, 18  Sochi          ","улица Конституции СССР, 18, Сочи, Краснодарский край, Россия",43.590579,39.719621,0.1879564892
6178,3920,8083,"Pr-t Kulakova,9        Kursk          ","проспект Кулакова, 9, Курск, Россия, 305018",51.668741,36.140122,0.1703635375
6179,3922,8083,"Zavodskaya, 54         Astrakhan      ","Заводская площадь, 54, Астрахань, Россия, 414015",46.338587,47.983762,0.1028677899
6180,3923,8083,"ARZAMANSSKAYA, 2       Voronezh       ","Арзамасская улица, 2, Воронеж, Россия, 394033",51.657333,39.237765,0.1570001494
6181,3930,8083,"LENINA, 94             Kursk          ","улица Ленина, 94, Курск, Россия, 305004",51.747176,36.193931,0.1261397666
6182,3931,8083,"Grazhdanskiy Prosp., 11Sankt-Peterburg","Гражданский проспект, 11, Санкт-Петербург, Россия, 195220",60.000101,30.385856,0.1431907154
6183,3936,8083,"K. MARKSA, 18          Astrakhan      ","площадь Карла Маркса, 18, Астрахань, Россия, 414040",46.353561,48.053912,0.1838528397
6184,3946,8083,"Aerodromnaya, 47       Samara         ","Аэродромная улица, 47А, Самара, Россия, 443070",53.190925,50.189773,0.1335620646
6185,3954,8083,"OSTROVSKOGO, 61        CHita          ","улица Николая Островского, 61, Чита, Забайкальский край, Россия",52.033469,113.516671,0.2186083167
6186,3955,8083,"Krasnoy Zvezdy,58      CHita          ","улица Красной Звезды, 58, Чита, Забайкальский край, Россия, 672038",52.074522,113.482742,0.1860022132
6187,3970,8083,"SAKHALINSKAY, 43       Vladivostok    ","Сахалинская улица, 43, Владивосток, Приморский край, Россия, 690092",43.092893,131.969342,0.1713210036
6188,3980,8083,"DRUZHBI, 21A           Kyzyl          ","улица Дружбы, 21, Кызыл, Республика Тыва, Россия, 667005",51.717005,94.475693,0.1906134403
6189,3988,8083,"KALININA, 275          Vladivostok    ","улица Калинина, 275, Владивосток, Приморский край, Россия, 690021",43.094045,131.902813,0.2039379639
6190,3995,8083,"KARLA MARKSA, 76       KHabarovsk     ","улица Карла Маркса, 76, Хабаровск, Россия, 680000",48.488034,135.084152,0.1947826524
6191,4001,8083,"BELINSKOGO, 63         Tomsk          ","улица Белинского, 63, Томск, Россия, 634034",56.460208,84.956156,0.02395452777
6192,4008,8083,"PR. A. GUZHVINA, 10    Astrakhan      ","улица Гужвина, 10, поселок Советский, Астрахань, Россия, 414019",46.265456,47.970234,0.2186083167
6193,4015,8083,"KALININA, 70.1         Kozhevnikovo   ","улица Калинина, 70, село Кожевниково, Кожевниковский район, Томская область, Россия",56.261263,83.976633,0.1537730875
6194,4017,8083,"KARLA MARKSA, 11 A     Ust-Abakan     ","улица Карла Маркса, 11А, рабочий посёлок Усть-Абакан, Республика Хакасия, Россия",53.834713,91.390204,0.1160190084
6195,4018,8083,"Artilleriyskaya,136    CHelyabinsk    ","Артиллерийская улица, 136, Челябинск, Россия, 454007",55.163513,61.430931,0.1182222016
6196,4019,8083,"Obrucheva,30/1-1       Moskva         ","улица Обручева, 30/1с1, Москва, Россия, 117485",55.656407,37.527373,0.174754893
6197,4030,8083,"KRASNYY PR., 186       Novosibirsk    ","Красный проспект, 186, Новосибирск, Россия, 630049",55.058688,82.913611,0.1278025829
6198,4038,8083,"KRONDSHTAT. ST., 113   Vyazma         ",,,,0.06741131278
6199,4040,8083,"LAPENKOVA PR., 1       Achinsk        ","проспект Лапенкова, 1, Ачинск, Красноярский край, Россия, 662161",56.24462,90.48084,0.1609818194
6200,4042,8083,"Mosfilmovskaya,28/1    Moskva         ","Мосфильмовская улица, 28к1, Москва, Россия, 119285",55.721665,37.523276,0.1110552968
6201,4055,8083,"Komsomolskaya, 108     Orel           ","Комсомольская улица, 108, Орёл, Россия, 302026",52.949601,36.060496,0.159536558
6202,4062,8083,"KRYLATAYA, 2           Krasnodar      ","Крылатая улица, 2, жилой массив Пашковский, Краснодар, Россия, 350023",45.011446,39.122529,0.1191440848
6203,4064,8083,"KUYBYSHEVA, 26         Omsk           ","улица Куйбышева, 26, Омск, Россия, 644070",54.989822,73.395736,0.1271974134
6204,4066,8083,"KRASNOARMEYSKAY, 159A  Izhevsk        ","Красноармейская улица, 159А, Ижевск, Удмуртская Республика, Россия, 426008",56.844683,53.208652,0.1720325682
6205,4073,8083,"DEPOVSKAYA, 22         Novoaltaysk    ","Деповская улица, 22, Новоалтайск, Алтайский край, Россия, 658080",53.412536,83.92957,0.09501310444
6206,4076,8083,"PROFINTERNA, 7         Omsk           ","улица Профинтерна, 7, Омск, Россия, 644082",54.934598,73.332711,0.0946150358
6207,4100,8083,"FRUNZE PROSP., 120     Tomsk          ","проспект Фрунзе, 120, Томск, Россия, 634021",56.476413,84.985315,0.1711529722
6208,4101,8083,"PROLETARSKAYA, 11      Magadan        ","Пролетарская улица, 11, Магадан, Россия",59.567672,150.810724,0.09330495646
6209,4108,8083,"SEVERNYY, 18           CHita          ","Северная улица, посёлок Антипиха, Чита, Забайкальский край, Россия",51.995778,113.547699,0.1532546345
6210,4111,8083,"NEYBUTA, 47            Vladivostok    ","улица Нейбута, 47, Владивосток, Приморский край, Россия",43.111758,131.96203,0.1786521273
6211,4120,8083,"AVTODOROZHNAYA, 16     Yakutsk        ","Автодорожная улица, 16, Якутск, Республика Саха (Якутия), Россия",61.99869,129.688798,0.08555987872
6212,4125,8083,"KUTUZOVA, 44           Krasnoyarsk    ","улица Кутузова, 44, Красноярск, Россия, 660003",55.990735,92.957971,0.2186083167
6213,4127,8083,"Nomto Ochirova, 9      Elista         ","улица Номто Очирова, 9, Элиста, Республика Калмыкия, Россия, 358000",46.305844,44.269184,0.178586785
6214,4135,8083,"DOVATORCEV, 61         Stavropol      ","улица Доваторцев, 61, Ставрополь, Россия, 355042",45.004972,41.925937,0.1551614209
6215,4144,8083,"PR. LENINA, 28         Yakutsk        ","проспект Ленина, 28, Якутск, Республика Саха (Якутия), Россия, 677007",62.028677,129.733094,0.09336136416
6216,4153,8083,"LENINA, 42             Zakamensk      ","улица Ленина, 42, Закаменск, Республика Бурятия, Россия, 671950",50.37228,103.288085,0.1497314002
6217,4162,8083,"KRASNOARMEYSKAY, 159A  Izhevsk        ","Красноармейская улица, 159А, Ижевск, Удмуртская Республика, Россия, 426008",56.844683,53.208652,0.1610874813
6218,4166,8083,"ELIZAROVYKH, 53, 2     Tomsk          ","улица Елизаровых, 53/2, Томск, Россия, 634012",56.464992,84.996122,0.1353086405
6219,4173,8083,"KLIMENKO, 20           Perm           ","улица Клименко, 20, Пермь, Россия, 614015",58.014846,56.261864,0.1915819043
6220,4190,8083,"LENINA, 40             Barnaul        ","проспект Ленина, 40/62, Барнаул, Алтайский край, Россия, 656038",53.342575,83.783558,0.09454250806
6221,4204,8083,"MARTENOVSKAYA ST., 11  Moskva         ","Мартеновская улица, 11/12, Москва, Россия, 111399",55.756072,37.804781,0.1562169541
6222,4209,8083,"KSK 5 MKR, 29          CHita          ",,,,0.1512497726
6223,4218,8083,"PR. LENINSKIY,  30     Kaliningrad    ","Ленинский проспект, 30, Калининград, Россия, 236006",54.711364,20.508215,0.2186083167
6224,4220,8083,"TATISHCHEVA, 18        Astrakhan      ","улица Татищева, 18, Астрахань, Россия, 414056",46.376533,48.05243,0.03696771628
6225,4225,8083,"KIROVA, 12             Yakutsk        ","улица Кирова, 12, Якутск, Республика Саха (Якутия), Россия",62.025879,129.734487,0.1824799028
6226,4232,8083,"BELINSKOGO, 63         Tomsk          ","улица Белинского, 63, Томск, Россия, 634034",56.460208,84.956156,0.2186083167
6227,4233,8083,"LENINSKAY, 11          Podgornoye     ","деревня Подгорное, Дмитровский городской округ, Московская область, Россия",56.17232,37.341412,0.16614139
6228,4255,8083,"STAROKUBANSKAY,114     Krasnodar      ","Старокубанская улица, 114, Краснодар, Россия, 350058",45.017996,39.049047,0.1907065452
6229,4259,8083,"YASHLEK PR, 14         Naberezhnyye CH","проспект Яшьлек, 14, Набережные Челны, Республика Татарстан, Россия, 423827",55.761801,52.453267,0.09697794045
6230,4260,8083,"KASHIRSKOE SH., 122    Moskva         ","Каширское шоссе, 122, Москва, Россия, 115582",55.605902,37.71813,0.2166358354
6231,4267,8083,"TUPOLEVA, 11           Ulan-Ude       ","улица Туполева, 11, микрорайон Восточный, Улан-Удэ, Республика Бурятия, Россия",51.864545,107.74301,0.1469872571
6232,4271,8083,"POBEDY, 22A            Lesosibirsk    ","улица Победы, 22А, Лесосибирск, Красноярский край, Россия, 662543",58.188554,92.52828,0.1471168241
6233,4279,8083,"RABOCHAYA, 32,34       Podolsk        ","Рабочая улица, 32, Подольск, Московская область, Россия, 142116",55.435411,37.560808,0.1583633403
6234,4282,8083,"BLYUKHERA, 3           Ufa            ","улица Блюхера, 3, Уфа, Республика Башкортостан, Россия, 450075",54.780283,56.021016,0.1765502747
6235,4296,8083,"PR. GAGARINA, 48.3     Orenburg       ","проспект Гагарина, 48/3, Оренбург, Россия, 460051",51.775739,55.185197,0.109821121
6236,4301,8083,"UDMURTSKAYA, 304       Izhevsk        ","Удмуртская улица, 304, Ижевск, Удмуртская Республика, Россия, 426034",56.858676,53.222845,0.107275383
6237,4307,8083,"MKR.16A, 76            Nefteyugansk   ","микрорайон 16А, 76, Нефтеюганск, Ханты-Мансийский автономный округ, Россия",61.08049,72.617292,0.2087989255
6238,4311,8083,"TROUDA, 166            CHelyabinsk    ","улица Труда, 166, Челябинск, Россия, 454080",55.170784,61.374562,0.1339025742
6239,4322,8083,"LENINGRADSKAYA, 26     Magnitogorsk   ","Ленинградская улица, 26, Магнитогорск, Челябинская область, Россия, 455000",53.418166,58.9811,0.08385828473
6240,4324,8083,Tuvinskikh DobrovoltsevKyzyl,"улица Тувинских Добровольцев, Кызыл, Республика Тыва, Россия",51.720258,94.44117,0.2186083167
6241,4327,8083,"Kosmonavtov pr, 7      YEkaterinburg  ","проспект Космонавтов, 7, Екатеринбург, Свердловская область, Россия, 620017",56.864443,60.610491,-0.01387114355
6242,4333,8083,"Ibragimova pr, 56      Kazan          ","проспект Ибрагимова, 56, Казань, Республика Татарстан, Россия, 420080",55.82135,49.093406,0.179850552
6243,4335,8083,"FRUNZE, 69             KHabarovsk     ","улица Фрунзе, 69, Хабаровск, Россия, 680000",48.477022,135.060697,0.1585993818
6244,4339,8083,"MOLODEZHNAY, 3         Zarubino       ","Молодёжная улица, 7, поселок городского типа Зарубино, Хасанский район, Приморский край, Россия",42.648753,131.07975,0.1697287744
6245,4340,8083,"2 MKRN., 19            Luchegorsk     ","2-й микрорайон, 19, посёлок городского типа Лучегорск, Пожарский район, Приморский край, Россия",46.447236,134.306768,0.2186083167
6246,4345,8083,"DACHNIY PR., 2         Sankt-Peterburg","Дачный проспект, 2к1, Санкт-Петербург, Россия, 198207",59.850509,30.241497,0.2150562959
6247,4354,8083,"MOZHAYSKOE SH.,80A     Odintsovo      ",,,,0.141763127
6248,4356,8083,"MENDELEEVA, 137        Ufa            ","улица Менделеева, 137, Уфа, Республика Башкортостан, Россия, 450022",54.713475,55.993582,0.1624917448
6249,4359,8083,"LEZHNEVSKAYA, 144      Ivanovo        ","Лежневская улица, 144, Иваново, Россия, 153032",56.965535,40.972205,0.1270400253
6250,4360,8083,"TSentralnaya, 9        Sukhodolsk     ","Центральная улица, 9, микрорайон Солнечный Остров, Ленинский район, Московская область, Россия",55.572345,37.836528,0.09020878262
6251,4361,8083,"KIROVA, 53             Leninsk-Kuznets","проспект Кирова, 53, Ленинск-Кузнецкий, Кемеровская область, Россия, 652500",54.667754,86.168082,0.1764597829
6252,4368,8083,"Svobody,2              Yaroslavl      ","улица Свободы, 2/40, Ярославль, Россия, 150000",57.625518,39.882782,0.2155332428
6253,4389,8083,"VOYNOVA, 12            Yaroslavl      ","улица Воинова, 12, Ярославль, Россия, 150003",57.640922,39.867205,0.1558149713
6254,4392,8083,"BANYKINA,74            TOLYATTI       ","улица Баныкина, 74, Тольятти, Самарская область, Россия, 445054",53.510819,49.457125,0.1177140427
6255,4401,8083,"LENINA, 182, KORP. 3   Dyatkovo       ","улица Ленина, 182, Дятьково, Брянская область, Россия",53.597739,34.337212,0.07165433506
6256,4402,8083,"FEDORA POPOVA, 14      Yakutsk        ","улица Федора Попова, 14, Якутск, Республика Саха (Якутия), Россия, 677009",62.045221,129.748851,0.2079159903
6257,4421,8083,"STROITELEY, 43         Novokuznetsk   ","проспект Строителей, 43, Новокузнецк, Кемеровская область, Россия, 654005",53.769459,87.117251,0.06222015551
6258,4422,8083,"Rublevskoye sh, 62     Moskva         ","Рублёвское шоссе, 62, Москва, Россия, 121609",55.766212,37.380875,0.1087434764
6259,4426,8083,"EFANOVA, 22            Zyryanskoye    ","улица Ефанова, 22, село Зырянское, Зырянский район, Томская область, Россия",56.838223,86.640829,0.1489381476
6260,4429,8083,"OMMUNISTICHESKAYA,10A  Kizhinga       ","Коммунистическая улица, 10А, село Кижинга, Кижингинский район, Республика Бурятия, Россия, 671450",51.848698,109.905111,0.08991904611